ISO-10303-21;
HEADER;
FILE_DESCRIPTION(('KiCad electronic assembly'),'2;1');
FILE_NAME('bottom_plate.step','2025-05-13T22:43:23',('Pcbnew'),('Kicad')
  ,'Open CASCADE STEP processor 7.8','KiCad to STEP converter','Unknown'
  );
FILE_SCHEMA(('AUTOMOTIVE_DESIGN { 1 0 10303 214 1 1 1 1 }'));
ENDSEC;
DATA;
#1 = APPLICATION_PROTOCOL_DEFINITION('international standard',
  'automotive_design',2000,#2);
#2 = APPLICATION_CONTEXT(
  'core data for automotive mechanical design processes');
#3 = SHAPE_DEFINITION_REPRESENTATION(#4,#10);
#4 = PRODUCT_DEFINITION_SHAPE('','',#5);
#5 = PRODUCT_DEFINITION('design','',#6,#9);
#6 = PRODUCT_DEFINITION_FORMATION('','',#7);
#7 = PRODUCT('bottom_plate 1','bottom_plate 1','',(#8));
#8 = PRODUCT_CONTEXT('',#2,'mechanical');
#9 = PRODUCT_DEFINITION_CONTEXT('part definition',#2,'design');
#10 = SHAPE_REPRESENTATION('',(#11,#15,#19,#23,#27),#31);
#11 = AXIS2_PLACEMENT_3D('',#12,#13,#14);
#12 = CARTESIAN_POINT('',(0.,0.,0.));
#13 = DIRECTION('',(0.,0.,1.));
#14 = DIRECTION('',(1.,0.,-0.));
#15 = AXIS2_PLACEMENT_3D('',#16,#17,#18);
#16 = CARTESIAN_POINT('',(0.,0.,0.));
#17 = DIRECTION('',(0.,0.,1.));
#18 = DIRECTION('',(1.,0.,-0.));
#19 = AXIS2_PLACEMENT_3D('',#20,#21,#22);
#20 = CARTESIAN_POINT('',(0.,0.,0.));
#21 = DIRECTION('',(0.,0.,1.));
#22 = DIRECTION('',(1.,0.,-0.));
#23 = AXIS2_PLACEMENT_3D('',#24,#25,#26);
#24 = CARTESIAN_POINT('',(0.,0.,0.));
#25 = DIRECTION('',(0.,0.,1.));
#26 = DIRECTION('',(1.,0.,-0.));
#27 = AXIS2_PLACEMENT_3D('',#28,#29,#30);
#28 = CARTESIAN_POINT('',(0.,0.,0.));
#29 = DIRECTION('',(0.,0.,1.));
#30 = DIRECTION('',(1.,0.,-0.));
#31 = ( GEOMETRIC_REPRESENTATION_CONTEXT(3) 
GLOBAL_UNCERTAINTY_ASSIGNED_CONTEXT((#35)) GLOBAL_UNIT_ASSIGNED_CONTEXT(
(#32,#33,#34)) REPRESENTATION_CONTEXT('Context #1',
  '3D Context with UNIT and UNCERTAINTY') );
#32 = ( LENGTH_UNIT() NAMED_UNIT(*) SI_UNIT(.MILLI.,.METRE.) );
#33 = ( NAMED_UNIT(*) PLANE_ANGLE_UNIT() SI_UNIT($,.RADIAN.) );
#34 = ( NAMED_UNIT(*) SI_UNIT($,.STERADIAN.) SOLID_ANGLE_UNIT() );
#35 = UNCERTAINTY_MEASURE_WITH_UNIT(LENGTH_MEASURE(1.E-07),#32,
  'distance_accuracy_value','confusion accuracy');
#36 = PRODUCT_RELATED_PRODUCT_CATEGORY('part',$,(#7));
#37 = SHAPE_DEFINITION_REPRESENTATION(#38,#44);
#38 = PRODUCT_DEFINITION_SHAPE('','',#39);
#39 = PRODUCT_DEFINITION('design','',#40,#43);
#40 = PRODUCT_DEFINITION_FORMATION('','',#41);
#41 = PRODUCT('tube_screamer_bottom_plate_pad',
  'tube_screamer_bottom_plate_pad','',(#42));
#42 = PRODUCT_CONTEXT('',#2,'mechanical');
#43 = PRODUCT_DEFINITION_CONTEXT('part definition',#2,'design');
#44 = SHAPE_REPRESENTATION('',(#11,#45,#137,#229,#321,#413,#505,#597,
    #689,#781,#873,#965,#1057,#1149,#1241,#1333,#1425,#1517,#1609,#1701,
    #1793,#1885,#1977,#2069,#2161,#2253),#2345);
#45 = MANIFOLD_SOLID_BREP('',#46);
#46 = CLOSED_SHELL('',(#47,#80,#100,#120));
#47 = ADVANCED_FACE('',(#48),#75,.T.);
#48 = FACE_BOUND('',#49,.F.);
#49 = EDGE_LOOP('',(#50,#60,#67,#68));
#50 = ORIENTED_EDGE('',*,*,#51,.T.);
#51 = EDGE_CURVE('',#52,#54,#56,.T.);
#52 = VERTEX_POINT('',#53);
#53 = CARTESIAN_POINT('',(6.8,-95.,1.51));
#54 = VERTEX_POINT('',#55);
#55 = CARTESIAN_POINT('',(6.8,-95.,1.55));
#56 = LINE('',#57,#58);
#57 = CARTESIAN_POINT('',(6.8,-95.,1.51));
#58 = VECTOR('',#59,1.);
#59 = DIRECTION('',(0.,0.,1.));
#60 = ORIENTED_EDGE('',*,*,#61,.T.);
#61 = EDGE_CURVE('',#54,#54,#62,.T.);
#62 = CIRCLE('',#63,1.8);
#63 = AXIS2_PLACEMENT_3D('',#64,#65,#66);
#64 = CARTESIAN_POINT('',(5.,-95.,1.55));
#65 = DIRECTION('',(0.,0.,1.));
#66 = DIRECTION('',(1.,0.,-0.));
#67 = ORIENTED_EDGE('',*,*,#51,.F.);
#68 = ORIENTED_EDGE('',*,*,#69,.F.);
#69 = EDGE_CURVE('',#52,#52,#70,.T.);
#70 = CIRCLE('',#71,1.8);
#71 = AXIS2_PLACEMENT_3D('',#72,#73,#74);
#72 = CARTESIAN_POINT('',(5.,-95.,1.51));
#73 = DIRECTION('',(0.,0.,1.));
#74 = DIRECTION('',(1.,0.,-0.));
#75 = CYLINDRICAL_SURFACE('',#76,1.8);
#76 = AXIS2_PLACEMENT_3D('',#77,#78,#79);
#77 = CARTESIAN_POINT('',(5.,-95.,1.51));
#78 = DIRECTION('',(-0.,-0.,-1.));
#79 = DIRECTION('',(1.,0.,-0.));
#80 = ADVANCED_FACE('',(#81,#84),#95,.F.);
#81 = FACE_BOUND('',#82,.F.);
#82 = EDGE_LOOP('',(#83));
#83 = ORIENTED_EDGE('',*,*,#69,.T.);
#84 = FACE_BOUND('',#85,.F.);
#85 = EDGE_LOOP('',(#86));
#86 = ORIENTED_EDGE('',*,*,#87,.T.);
#87 = EDGE_CURVE('',#88,#88,#90,.T.);
#88 = VERTEX_POINT('',#89);
#89 = CARTESIAN_POINT('',(5.,-96.575,1.51));
#90 = CIRCLE('',#91,1.575);
#91 = AXIS2_PLACEMENT_3D('',#92,#93,#94);
#92 = CARTESIAN_POINT('',(5.,-95.,1.51));
#93 = DIRECTION('',(-0.,0.,-1.));
#94 = DIRECTION('',(-0.,-1.,0.));
#95 = PLANE('',#96);
#96 = AXIS2_PLACEMENT_3D('',#97,#98,#99);
#97 = CARTESIAN_POINT('',(0.,0.,1.51));
#98 = DIRECTION('',(0.,0.,1.));
#99 = DIRECTION('',(1.,0.,-0.));
#100 = ADVANCED_FACE('',(#101,#104),#115,.T.);
#101 = FACE_BOUND('',#102,.T.);
#102 = EDGE_LOOP('',(#103));
#103 = ORIENTED_EDGE('',*,*,#61,.T.);
#104 = FACE_BOUND('',#105,.T.);
#105 = EDGE_LOOP('',(#106));
#106 = ORIENTED_EDGE('',*,*,#107,.T.);
#107 = EDGE_CURVE('',#108,#108,#110,.T.);
#108 = VERTEX_POINT('',#109);
#109 = CARTESIAN_POINT('',(5.,-96.575,1.55));
#110 = CIRCLE('',#111,1.575);
#111 = AXIS2_PLACEMENT_3D('',#112,#113,#114);
#112 = CARTESIAN_POINT('',(5.,-95.,1.55));
#113 = DIRECTION('',(-0.,0.,-1.));
#114 = DIRECTION('',(-0.,-1.,0.));
#115 = PLANE('',#116);
#116 = AXIS2_PLACEMENT_3D('',#117,#118,#119);
#117 = CARTESIAN_POINT('',(0.,0.,1.55));
#118 = DIRECTION('',(0.,0.,1.));
#119 = DIRECTION('',(1.,0.,-0.));
#120 = ADVANCED_FACE('',(#121),#132,.F.);
#121 = FACE_BOUND('',#122,.T.);
#122 = EDGE_LOOP('',(#123,#124,#130,#131));
#123 = ORIENTED_EDGE('',*,*,#87,.T.);
#124 = ORIENTED_EDGE('',*,*,#125,.T.);
#125 = EDGE_CURVE('',#88,#108,#126,.T.);
#126 = LINE('',#127,#128);
#127 = CARTESIAN_POINT('',(5.,-96.575,-4.6E-02));
#128 = VECTOR('',#129,1.);
#129 = DIRECTION('',(0.,0.,1.));
#130 = ORIENTED_EDGE('',*,*,#107,.F.);
#131 = ORIENTED_EDGE('',*,*,#125,.F.);
#132 = CYLINDRICAL_SURFACE('',#133,1.575);
#133 = AXIS2_PLACEMENT_3D('',#134,#135,#136);
#134 = CARTESIAN_POINT('',(5.,-95.,-4.6E-02));
#135 = DIRECTION('',(-0.,-0.,-1.));
#136 = DIRECTION('',(-0.,-1.,0.));
#137 = MANIFOLD_SOLID_BREP('',#138);
#138 = CLOSED_SHELL('',(#139,#172,#192,#212));
#139 = ADVANCED_FACE('',(#140),#167,.T.);
#140 = FACE_BOUND('',#141,.T.);
#141 = EDGE_LOOP('',(#142,#152,#159,#160));
#142 = ORIENTED_EDGE('',*,*,#143,.T.);
#143 = EDGE_CURVE('',#144,#146,#148,.T.);
#144 = VERTEX_POINT('',#145);
#145 = CARTESIAN_POINT('',(6.8,-95.,0.));
#146 = VERTEX_POINT('',#147);
#147 = CARTESIAN_POINT('',(6.8,-95.,-4.E-02));
#148 = LINE('',#149,#150);
#149 = CARTESIAN_POINT('',(6.8,-95.,0.));
#150 = VECTOR('',#151,1.);
#151 = DIRECTION('',(0.,0.,-1.));
#152 = ORIENTED_EDGE('',*,*,#153,.T.);
#153 = EDGE_CURVE('',#146,#146,#154,.T.);
#154 = CIRCLE('',#155,1.8);
#155 = AXIS2_PLACEMENT_3D('',#156,#157,#158);
#156 = CARTESIAN_POINT('',(5.,-95.,-4.E-02));
#157 = DIRECTION('',(0.,0.,1.));
#158 = DIRECTION('',(1.,0.,-0.));
#159 = ORIENTED_EDGE('',*,*,#143,.F.);
#160 = ORIENTED_EDGE('',*,*,#161,.F.);
#161 = EDGE_CURVE('',#144,#144,#162,.T.);
#162 = CIRCLE('',#163,1.8);
#163 = AXIS2_PLACEMENT_3D('',#164,#165,#166);
#164 = CARTESIAN_POINT('',(5.,-95.,0.));
#165 = DIRECTION('',(0.,0.,1.));
#166 = DIRECTION('',(1.,0.,-0.));
#167 = CYLINDRICAL_SURFACE('',#168,1.8);
#168 = AXIS2_PLACEMENT_3D('',#169,#170,#171);
#169 = CARTESIAN_POINT('',(5.,-95.,0.));
#170 = DIRECTION('',(0.,0.,1.));
#171 = DIRECTION('',(1.,0.,-0.));
#172 = ADVANCED_FACE('',(#173,#176),#187,.F.);
#173 = FACE_BOUND('',#174,.F.);
#174 = EDGE_LOOP('',(#175));
#175 = ORIENTED_EDGE('',*,*,#161,.F.);
#176 = FACE_BOUND('',#177,.F.);
#177 = EDGE_LOOP('',(#178));
#178 = ORIENTED_EDGE('',*,*,#179,.F.);
#179 = EDGE_CURVE('',#180,#180,#182,.T.);
#180 = VERTEX_POINT('',#181);
#181 = CARTESIAN_POINT('',(5.,-96.575,0.));
#182 = CIRCLE('',#183,1.575);
#183 = AXIS2_PLACEMENT_3D('',#184,#185,#186);
#184 = CARTESIAN_POINT('',(5.,-95.,0.));
#185 = DIRECTION('',(-0.,0.,-1.));
#186 = DIRECTION('',(-0.,-1.,0.));
#187 = PLANE('',#188);
#188 = AXIS2_PLACEMENT_3D('',#189,#190,#191);
#189 = CARTESIAN_POINT('',(0.,0.,0.));
#190 = DIRECTION('',(-0.,-0.,-1.));
#191 = DIRECTION('',(-1.,0.,0.));
#192 = ADVANCED_FACE('',(#193,#196),#207,.T.);
#193 = FACE_BOUND('',#194,.T.);
#194 = EDGE_LOOP('',(#195));
#195 = ORIENTED_EDGE('',*,*,#153,.F.);
#196 = FACE_BOUND('',#197,.T.);
#197 = EDGE_LOOP('',(#198));
#198 = ORIENTED_EDGE('',*,*,#199,.F.);
#199 = EDGE_CURVE('',#200,#200,#202,.T.);
#200 = VERTEX_POINT('',#201);
#201 = CARTESIAN_POINT('',(5.,-96.575,-4.E-02));
#202 = CIRCLE('',#203,1.575);
#203 = AXIS2_PLACEMENT_3D('',#204,#205,#206);
#204 = CARTESIAN_POINT('',(5.,-95.,-4.E-02));
#205 = DIRECTION('',(-0.,0.,-1.));
#206 = DIRECTION('',(-0.,-1.,0.));
#207 = PLANE('',#208);
#208 = AXIS2_PLACEMENT_3D('',#209,#210,#211);
#209 = CARTESIAN_POINT('',(0.,0.,-4.E-02));
#210 = DIRECTION('',(-0.,-0.,-1.));
#211 = DIRECTION('',(-1.,0.,0.));
#212 = ADVANCED_FACE('',(#213),#224,.F.);
#213 = FACE_BOUND('',#214,.T.);
#214 = EDGE_LOOP('',(#215,#216,#222,#223));
#215 = ORIENTED_EDGE('',*,*,#199,.T.);
#216 = ORIENTED_EDGE('',*,*,#217,.T.);
#217 = EDGE_CURVE('',#200,#180,#218,.T.);
#218 = LINE('',#219,#220);
#219 = CARTESIAN_POINT('',(5.,-96.575,-4.6E-02));
#220 = VECTOR('',#221,1.);
#221 = DIRECTION('',(0.,0.,1.));
#222 = ORIENTED_EDGE('',*,*,#179,.F.);
#223 = ORIENTED_EDGE('',*,*,#217,.F.);
#224 = CYLINDRICAL_SURFACE('',#225,1.575);
#225 = AXIS2_PLACEMENT_3D('',#226,#227,#228);
#226 = CARTESIAN_POINT('',(5.,-95.,-4.6E-02));
#227 = DIRECTION('',(-0.,-0.,-1.));
#228 = DIRECTION('',(-0.,-1.,0.));
#229 = MANIFOLD_SOLID_BREP('',#230);
#230 = CLOSED_SHELL('',(#231,#264,#284,#304));
#231 = ADVANCED_FACE('',(#232),#259,.T.);
#232 = FACE_BOUND('',#233,.F.);
#233 = EDGE_LOOP('',(#234,#244,#251,#252));
#234 = ORIENTED_EDGE('',*,*,#235,.T.);
#235 = EDGE_CURVE('',#236,#238,#240,.T.);
#236 = VERTEX_POINT('',#237);
#237 = CARTESIAN_POINT('',(5.,-96.6,-3.5E-02));
#238 = VERTEX_POINT('',#239);
#239 = CARTESIAN_POINT('',(5.,-96.6,1.545));
#240 = LINE('',#241,#242);
#241 = CARTESIAN_POINT('',(5.,-96.6,-3.5E-02));
#242 = VECTOR('',#243,1.);
#243 = DIRECTION('',(0.,0.,1.));
#244 = ORIENTED_EDGE('',*,*,#245,.T.);
#245 = EDGE_CURVE('',#238,#238,#246,.T.);
#246 = CIRCLE('',#247,1.6);
#247 = AXIS2_PLACEMENT_3D('',#248,#249,#250);
#248 = CARTESIAN_POINT('',(5.,-95.,1.545));
#249 = DIRECTION('',(0.,0.,1.));
#250 = DIRECTION('',(-0.,-1.,0.));
#251 = ORIENTED_EDGE('',*,*,#235,.F.);
#252 = ORIENTED_EDGE('',*,*,#253,.F.);
#253 = EDGE_CURVE('',#236,#236,#254,.T.);
#254 = CIRCLE('',#255,1.6);
#255 = AXIS2_PLACEMENT_3D('',#256,#257,#258);
#256 = CARTESIAN_POINT('',(5.,-95.,-3.5E-02));
#257 = DIRECTION('',(0.,0.,1.));
#258 = DIRECTION('',(-0.,-1.,0.));
#259 = CYLINDRICAL_SURFACE('',#260,1.6);
#260 = AXIS2_PLACEMENT_3D('',#261,#262,#263);
#261 = CARTESIAN_POINT('',(5.,-95.,-3.5E-02));
#262 = DIRECTION('',(-0.,-0.,-1.));
#263 = DIRECTION('',(-0.,-1.,0.));
#264 = ADVANCED_FACE('',(#265,#268),#279,.F.);
#265 = FACE_BOUND('',#266,.F.);
#266 = EDGE_LOOP('',(#267));
#267 = ORIENTED_EDGE('',*,*,#253,.T.);
#268 = FACE_BOUND('',#269,.F.);
#269 = EDGE_LOOP('',(#270));
#270 = ORIENTED_EDGE('',*,*,#271,.T.);
#271 = EDGE_CURVE('',#272,#272,#274,.T.);
#272 = VERTEX_POINT('',#273);
#273 = CARTESIAN_POINT('',(5.,-96.575,-3.5E-02));
#274 = CIRCLE('',#275,1.575);
#275 = AXIS2_PLACEMENT_3D('',#276,#277,#278);
#276 = CARTESIAN_POINT('',(5.,-95.,-3.5E-02));
#277 = DIRECTION('',(-0.,0.,-1.));
#278 = DIRECTION('',(-0.,-1.,0.));
#279 = PLANE('',#280);
#280 = AXIS2_PLACEMENT_3D('',#281,#282,#283);
#281 = CARTESIAN_POINT('',(5.,-96.6,-3.5E-02));
#282 = DIRECTION('',(0.,0.,1.));
#283 = DIRECTION('',(1.,0.,-0.));
#284 = ADVANCED_FACE('',(#285,#288),#299,.T.);
#285 = FACE_BOUND('',#286,.T.);
#286 = EDGE_LOOP('',(#287));
#287 = ORIENTED_EDGE('',*,*,#245,.T.);
#288 = FACE_BOUND('',#289,.T.);
#289 = EDGE_LOOP('',(#290));
#290 = ORIENTED_EDGE('',*,*,#291,.T.);
#291 = EDGE_CURVE('',#292,#292,#294,.T.);
#292 = VERTEX_POINT('',#293);
#293 = CARTESIAN_POINT('',(5.,-96.575,1.545));
#294 = CIRCLE('',#295,1.575);
#295 = AXIS2_PLACEMENT_3D('',#296,#297,#298);
#296 = CARTESIAN_POINT('',(5.,-95.,1.545));
#297 = DIRECTION('',(-0.,0.,-1.));
#298 = DIRECTION('',(-0.,-1.,0.));
#299 = PLANE('',#300);
#300 = AXIS2_PLACEMENT_3D('',#301,#302,#303);
#301 = CARTESIAN_POINT('',(5.,-96.6,1.545));
#302 = DIRECTION('',(0.,0.,1.));
#303 = DIRECTION('',(1.,0.,-0.));
#304 = ADVANCED_FACE('',(#305),#316,.F.);
#305 = FACE_BOUND('',#306,.T.);
#306 = EDGE_LOOP('',(#307,#308,#314,#315));
#307 = ORIENTED_EDGE('',*,*,#271,.T.);
#308 = ORIENTED_EDGE('',*,*,#309,.T.);
#309 = EDGE_CURVE('',#272,#292,#310,.T.);
#310 = LINE('',#311,#312);
#311 = CARTESIAN_POINT('',(5.,-96.575,-4.6E-02));
#312 = VECTOR('',#313,1.);
#313 = DIRECTION('',(0.,0.,1.));
#314 = ORIENTED_EDGE('',*,*,#291,.F.);
#315 = ORIENTED_EDGE('',*,*,#309,.F.);
#316 = CYLINDRICAL_SURFACE('',#317,1.575);
#317 = AXIS2_PLACEMENT_3D('',#318,#319,#320);
#318 = CARTESIAN_POINT('',(5.,-95.,-4.6E-02));
#319 = DIRECTION('',(-0.,-0.,-1.));
#320 = DIRECTION('',(-0.,-1.,0.));
#321 = MANIFOLD_SOLID_BREP('',#322);
#322 = CLOSED_SHELL('',(#323,#356,#376,#396));
#323 = ADVANCED_FACE('',(#324),#351,.T.);
#324 = FACE_BOUND('',#325,.F.);
#325 = EDGE_LOOP('',(#326,#336,#343,#344));
#326 = ORIENTED_EDGE('',*,*,#327,.T.);
#327 = EDGE_CURVE('',#328,#330,#332,.T.);
#328 = VERTEX_POINT('',#329);
#329 = CARTESIAN_POINT('',(7.8,-95.,1.51));
#330 = VERTEX_POINT('',#331);
#331 = CARTESIAN_POINT('',(7.8,-95.,1.55));
#332 = LINE('',#333,#334);
#333 = CARTESIAN_POINT('',(7.8,-95.,1.51));
#334 = VECTOR('',#335,1.);
#335 = DIRECTION('',(0.,0.,1.));
#336 = ORIENTED_EDGE('',*,*,#337,.T.);
#337 = EDGE_CURVE('',#330,#330,#338,.T.);
#338 = CIRCLE('',#339,2.8);
#339 = AXIS2_PLACEMENT_3D('',#340,#341,#342);
#340 = CARTESIAN_POINT('',(5.,-95.,1.55));
#341 = DIRECTION('',(0.,0.,1.));
#342 = DIRECTION('',(1.,0.,-0.));
#343 = ORIENTED_EDGE('',*,*,#327,.F.);
#344 = ORIENTED_EDGE('',*,*,#345,.F.);
#345 = EDGE_CURVE('',#328,#328,#346,.T.);
#346 = CIRCLE('',#347,2.8);
#347 = AXIS2_PLACEMENT_3D('',#348,#349,#350);
#348 = CARTESIAN_POINT('',(5.,-95.,1.51));
#349 = DIRECTION('',(0.,0.,1.));
#350 = DIRECTION('',(1.,0.,-0.));
#351 = CYLINDRICAL_SURFACE('',#352,2.8);
#352 = AXIS2_PLACEMENT_3D('',#353,#354,#355);
#353 = CARTESIAN_POINT('',(5.,-95.,1.51));
#354 = DIRECTION('',(-0.,-0.,-1.));
#355 = DIRECTION('',(1.,0.,-0.));
#356 = ADVANCED_FACE('',(#357,#360),#371,.F.);
#357 = FACE_BOUND('',#358,.F.);
#358 = EDGE_LOOP('',(#359));
#359 = ORIENTED_EDGE('',*,*,#345,.T.);
#360 = FACE_BOUND('',#361,.F.);
#361 = EDGE_LOOP('',(#362));
#362 = ORIENTED_EDGE('',*,*,#363,.T.);
#363 = EDGE_CURVE('',#364,#364,#366,.T.);
#364 = VERTEX_POINT('',#365);
#365 = CARTESIAN_POINT('',(5.,-96.575,1.51));
#366 = CIRCLE('',#367,1.575);
#367 = AXIS2_PLACEMENT_3D('',#368,#369,#370);
#368 = CARTESIAN_POINT('',(5.,-95.,1.51));
#369 = DIRECTION('',(-0.,0.,-1.));
#370 = DIRECTION('',(-0.,-1.,0.));
#371 = PLANE('',#372);
#372 = AXIS2_PLACEMENT_3D('',#373,#374,#375);
#373 = CARTESIAN_POINT('',(0.,0.,1.51));
#374 = DIRECTION('',(0.,0.,1.));
#375 = DIRECTION('',(1.,0.,-0.));
#376 = ADVANCED_FACE('',(#377,#380),#391,.T.);
#377 = FACE_BOUND('',#378,.T.);
#378 = EDGE_LOOP('',(#379));
#379 = ORIENTED_EDGE('',*,*,#337,.T.);
#380 = FACE_BOUND('',#381,.T.);
#381 = EDGE_LOOP('',(#382));
#382 = ORIENTED_EDGE('',*,*,#383,.T.);
#383 = EDGE_CURVE('',#384,#384,#386,.T.);
#384 = VERTEX_POINT('',#385);
#385 = CARTESIAN_POINT('',(5.,-96.575,1.55));
#386 = CIRCLE('',#387,1.575);
#387 = AXIS2_PLACEMENT_3D('',#388,#389,#390);
#388 = CARTESIAN_POINT('',(5.,-95.,1.55));
#389 = DIRECTION('',(-0.,0.,-1.));
#390 = DIRECTION('',(-0.,-1.,0.));
#391 = PLANE('',#392);
#392 = AXIS2_PLACEMENT_3D('',#393,#394,#395);
#393 = CARTESIAN_POINT('',(0.,0.,1.55));
#394 = DIRECTION('',(0.,0.,1.));
#395 = DIRECTION('',(1.,0.,-0.));
#396 = ADVANCED_FACE('',(#397),#408,.F.);
#397 = FACE_BOUND('',#398,.T.);
#398 = EDGE_LOOP('',(#399,#400,#406,#407));
#399 = ORIENTED_EDGE('',*,*,#363,.T.);
#400 = ORIENTED_EDGE('',*,*,#401,.T.);
#401 = EDGE_CURVE('',#364,#384,#402,.T.);
#402 = LINE('',#403,#404);
#403 = CARTESIAN_POINT('',(5.,-96.575,-4.6E-02));
#404 = VECTOR('',#405,1.);
#405 = DIRECTION('',(0.,0.,1.));
#406 = ORIENTED_EDGE('',*,*,#383,.F.);
#407 = ORIENTED_EDGE('',*,*,#401,.F.);
#408 = CYLINDRICAL_SURFACE('',#409,1.575);
#409 = AXIS2_PLACEMENT_3D('',#410,#411,#412);
#410 = CARTESIAN_POINT('',(5.,-95.,-4.6E-02));
#411 = DIRECTION('',(-0.,-0.,-1.));
#412 = DIRECTION('',(-0.,-1.,0.));
#413 = MANIFOLD_SOLID_BREP('',#414);
#414 = CLOSED_SHELL('',(#415,#448,#468,#488));
#415 = ADVANCED_FACE('',(#416),#443,.T.);
#416 = FACE_BOUND('',#417,.T.);
#417 = EDGE_LOOP('',(#418,#428,#435,#436));
#418 = ORIENTED_EDGE('',*,*,#419,.T.);
#419 = EDGE_CURVE('',#420,#422,#424,.T.);
#420 = VERTEX_POINT('',#421);
#421 = CARTESIAN_POINT('',(7.8,-95.,0.));
#422 = VERTEX_POINT('',#423);
#423 = CARTESIAN_POINT('',(7.8,-95.,-4.E-02));
#424 = LINE('',#425,#426);
#425 = CARTESIAN_POINT('',(7.8,-95.,0.));
#426 = VECTOR('',#427,1.);
#427 = DIRECTION('',(0.,0.,-1.));
#428 = ORIENTED_EDGE('',*,*,#429,.T.);
#429 = EDGE_CURVE('',#422,#422,#430,.T.);
#430 = CIRCLE('',#431,2.8);
#431 = AXIS2_PLACEMENT_3D('',#432,#433,#434);
#432 = CARTESIAN_POINT('',(5.,-95.,-4.E-02));
#433 = DIRECTION('',(0.,0.,1.));
#434 = DIRECTION('',(1.,0.,-0.));
#435 = ORIENTED_EDGE('',*,*,#419,.F.);
#436 = ORIENTED_EDGE('',*,*,#437,.F.);
#437 = EDGE_CURVE('',#420,#420,#438,.T.);
#438 = CIRCLE('',#439,2.8);
#439 = AXIS2_PLACEMENT_3D('',#440,#441,#442);
#440 = CARTESIAN_POINT('',(5.,-95.,0.));
#441 = DIRECTION('',(0.,0.,1.));
#442 = DIRECTION('',(1.,0.,-0.));
#443 = CYLINDRICAL_SURFACE('',#444,2.8);
#444 = AXIS2_PLACEMENT_3D('',#445,#446,#447);
#445 = CARTESIAN_POINT('',(5.,-95.,0.));
#446 = DIRECTION('',(0.,0.,1.));
#447 = DIRECTION('',(1.,0.,-0.));
#448 = ADVANCED_FACE('',(#449,#452),#463,.F.);
#449 = FACE_BOUND('',#450,.F.);
#450 = EDGE_LOOP('',(#451));
#451 = ORIENTED_EDGE('',*,*,#437,.F.);
#452 = FACE_BOUND('',#453,.F.);
#453 = EDGE_LOOP('',(#454));
#454 = ORIENTED_EDGE('',*,*,#455,.F.);
#455 = EDGE_CURVE('',#456,#456,#458,.T.);
#456 = VERTEX_POINT('',#457);
#457 = CARTESIAN_POINT('',(5.,-96.575,0.));
#458 = CIRCLE('',#459,1.575);
#459 = AXIS2_PLACEMENT_3D('',#460,#461,#462);
#460 = CARTESIAN_POINT('',(5.,-95.,0.));
#461 = DIRECTION('',(-0.,0.,-1.));
#462 = DIRECTION('',(-0.,-1.,0.));
#463 = PLANE('',#464);
#464 = AXIS2_PLACEMENT_3D('',#465,#466,#467);
#465 = CARTESIAN_POINT('',(0.,0.,0.));
#466 = DIRECTION('',(-0.,-0.,-1.));
#467 = DIRECTION('',(-1.,0.,0.));
#468 = ADVANCED_FACE('',(#469,#472),#483,.T.);
#469 = FACE_BOUND('',#470,.T.);
#470 = EDGE_LOOP('',(#471));
#471 = ORIENTED_EDGE('',*,*,#429,.F.);
#472 = FACE_BOUND('',#473,.T.);
#473 = EDGE_LOOP('',(#474));
#474 = ORIENTED_EDGE('',*,*,#475,.F.);
#475 = EDGE_CURVE('',#476,#476,#478,.T.);
#476 = VERTEX_POINT('',#477);
#477 = CARTESIAN_POINT('',(5.,-96.575,-4.E-02));
#478 = CIRCLE('',#479,1.575);
#479 = AXIS2_PLACEMENT_3D('',#480,#481,#482);
#480 = CARTESIAN_POINT('',(5.,-95.,-4.E-02));
#481 = DIRECTION('',(-0.,0.,-1.));
#482 = DIRECTION('',(-0.,-1.,0.));
#483 = PLANE('',#484);
#484 = AXIS2_PLACEMENT_3D('',#485,#486,#487);
#485 = CARTESIAN_POINT('',(0.,0.,-4.E-02));
#486 = DIRECTION('',(-0.,-0.,-1.));
#487 = DIRECTION('',(-1.,0.,0.));
#488 = ADVANCED_FACE('',(#489),#500,.F.);
#489 = FACE_BOUND('',#490,.T.);
#490 = EDGE_LOOP('',(#491,#492,#498,#499));
#491 = ORIENTED_EDGE('',*,*,#475,.T.);
#492 = ORIENTED_EDGE('',*,*,#493,.T.);
#493 = EDGE_CURVE('',#476,#456,#494,.T.);
#494 = LINE('',#495,#496);
#495 = CARTESIAN_POINT('',(5.,-96.575,-4.6E-02));
#496 = VECTOR('',#497,1.);
#497 = DIRECTION('',(0.,0.,1.));
#498 = ORIENTED_EDGE('',*,*,#455,.F.);
#499 = ORIENTED_EDGE('',*,*,#493,.F.);
#500 = CYLINDRICAL_SURFACE('',#501,1.575);
#501 = AXIS2_PLACEMENT_3D('',#502,#503,#504);
#502 = CARTESIAN_POINT('',(5.,-95.,-4.6E-02));
#503 = DIRECTION('',(-0.,-0.,-1.));
#504 = DIRECTION('',(-0.,-1.,0.));
#505 = MANIFOLD_SOLID_BREP('',#506);
#506 = CLOSED_SHELL('',(#507,#540,#560,#580));
#507 = ADVANCED_FACE('',(#508),#535,.T.);
#508 = FACE_BOUND('',#509,.F.);
#509 = EDGE_LOOP('',(#510,#520,#527,#528));
#510 = ORIENTED_EDGE('',*,*,#511,.T.);
#511 = EDGE_CURVE('',#512,#514,#516,.T.);
#512 = VERTEX_POINT('',#513);
#513 = CARTESIAN_POINT('',(76.8,-95.,1.51));
#514 = VERTEX_POINT('',#515);
#515 = CARTESIAN_POINT('',(76.8,-95.,1.55));
#516 = LINE('',#517,#518);
#517 = CARTESIAN_POINT('',(76.8,-95.,1.51));
#518 = VECTOR('',#519,1.);
#519 = DIRECTION('',(0.,0.,1.));
#520 = ORIENTED_EDGE('',*,*,#521,.T.);
#521 = EDGE_CURVE('',#514,#514,#522,.T.);
#522 = CIRCLE('',#523,1.8);
#523 = AXIS2_PLACEMENT_3D('',#524,#525,#526);
#524 = CARTESIAN_POINT('',(75.,-95.,1.55));
#525 = DIRECTION('',(0.,0.,1.));
#526 = DIRECTION('',(1.,0.,-0.));
#527 = ORIENTED_EDGE('',*,*,#511,.F.);
#528 = ORIENTED_EDGE('',*,*,#529,.F.);
#529 = EDGE_CURVE('',#512,#512,#530,.T.);
#530 = CIRCLE('',#531,1.8);
#531 = AXIS2_PLACEMENT_3D('',#532,#533,#534);
#532 = CARTESIAN_POINT('',(75.,-95.,1.51));
#533 = DIRECTION('',(0.,0.,1.));
#534 = DIRECTION('',(1.,0.,-0.));
#535 = CYLINDRICAL_SURFACE('',#536,1.8);
#536 = AXIS2_PLACEMENT_3D('',#537,#538,#539);
#537 = CARTESIAN_POINT('',(75.,-95.,1.51));
#538 = DIRECTION('',(-0.,-0.,-1.));
#539 = DIRECTION('',(1.,0.,-0.));
#540 = ADVANCED_FACE('',(#541,#544),#555,.F.);
#541 = FACE_BOUND('',#542,.F.);
#542 = EDGE_LOOP('',(#543));
#543 = ORIENTED_EDGE('',*,*,#529,.T.);
#544 = FACE_BOUND('',#545,.F.);
#545 = EDGE_LOOP('',(#546));
#546 = ORIENTED_EDGE('',*,*,#547,.T.);
#547 = EDGE_CURVE('',#548,#548,#550,.T.);
#548 = VERTEX_POINT('',#549);
#549 = CARTESIAN_POINT('',(75.,-96.575,1.51));
#550 = CIRCLE('',#551,1.575);
#551 = AXIS2_PLACEMENT_3D('',#552,#553,#554);
#552 = CARTESIAN_POINT('',(75.,-95.,1.51));
#553 = DIRECTION('',(-0.,0.,-1.));
#554 = DIRECTION('',(-0.,-1.,0.));
#555 = PLANE('',#556);
#556 = AXIS2_PLACEMENT_3D('',#557,#558,#559);
#557 = CARTESIAN_POINT('',(0.,0.,1.51));
#558 = DIRECTION('',(0.,0.,1.));
#559 = DIRECTION('',(1.,0.,-0.));
#560 = ADVANCED_FACE('',(#561,#564),#575,.T.);
#561 = FACE_BOUND('',#562,.T.);
#562 = EDGE_LOOP('',(#563));
#563 = ORIENTED_EDGE('',*,*,#521,.T.);
#564 = FACE_BOUND('',#565,.T.);
#565 = EDGE_LOOP('',(#566));
#566 = ORIENTED_EDGE('',*,*,#567,.T.);
#567 = EDGE_CURVE('',#568,#568,#570,.T.);
#568 = VERTEX_POINT('',#569);
#569 = CARTESIAN_POINT('',(75.,-96.575,1.55));
#570 = CIRCLE('',#571,1.575);
#571 = AXIS2_PLACEMENT_3D('',#572,#573,#574);
#572 = CARTESIAN_POINT('',(75.,-95.,1.55));
#573 = DIRECTION('',(-0.,0.,-1.));
#574 = DIRECTION('',(-0.,-1.,0.));
#575 = PLANE('',#576);
#576 = AXIS2_PLACEMENT_3D('',#577,#578,#579);
#577 = CARTESIAN_POINT('',(0.,0.,1.55));
#578 = DIRECTION('',(0.,0.,1.));
#579 = DIRECTION('',(1.,0.,-0.));
#580 = ADVANCED_FACE('',(#581),#592,.F.);
#581 = FACE_BOUND('',#582,.T.);
#582 = EDGE_LOOP('',(#583,#584,#590,#591));
#583 = ORIENTED_EDGE('',*,*,#547,.T.);
#584 = ORIENTED_EDGE('',*,*,#585,.T.);
#585 = EDGE_CURVE('',#548,#568,#586,.T.);
#586 = LINE('',#587,#588);
#587 = CARTESIAN_POINT('',(75.,-96.575,-4.6E-02));
#588 = VECTOR('',#589,1.);
#589 = DIRECTION('',(0.,0.,1.));
#590 = ORIENTED_EDGE('',*,*,#567,.F.);
#591 = ORIENTED_EDGE('',*,*,#585,.F.);
#592 = CYLINDRICAL_SURFACE('',#593,1.575);
#593 = AXIS2_PLACEMENT_3D('',#594,#595,#596);
#594 = CARTESIAN_POINT('',(75.,-95.,-4.6E-02));
#595 = DIRECTION('',(-0.,-0.,-1.));
#596 = DIRECTION('',(-0.,-1.,0.));
#597 = MANIFOLD_SOLID_BREP('',#598);
#598 = CLOSED_SHELL('',(#599,#632,#652,#672));
#599 = ADVANCED_FACE('',(#600),#627,.T.);
#600 = FACE_BOUND('',#601,.T.);
#601 = EDGE_LOOP('',(#602,#612,#619,#620));
#602 = ORIENTED_EDGE('',*,*,#603,.T.);
#603 = EDGE_CURVE('',#604,#606,#608,.T.);
#604 = VERTEX_POINT('',#605);
#605 = CARTESIAN_POINT('',(76.8,-95.,0.));
#606 = VERTEX_POINT('',#607);
#607 = CARTESIAN_POINT('',(76.8,-95.,-4.E-02));
#608 = LINE('',#609,#610);
#609 = CARTESIAN_POINT('',(76.8,-95.,0.));
#610 = VECTOR('',#611,1.);
#611 = DIRECTION('',(0.,0.,-1.));
#612 = ORIENTED_EDGE('',*,*,#613,.T.);
#613 = EDGE_CURVE('',#606,#606,#614,.T.);
#614 = CIRCLE('',#615,1.8);
#615 = AXIS2_PLACEMENT_3D('',#616,#617,#618);
#616 = CARTESIAN_POINT('',(75.,-95.,-4.E-02));
#617 = DIRECTION('',(0.,0.,1.));
#618 = DIRECTION('',(1.,0.,-0.));
#619 = ORIENTED_EDGE('',*,*,#603,.F.);
#620 = ORIENTED_EDGE('',*,*,#621,.F.);
#621 = EDGE_CURVE('',#604,#604,#622,.T.);
#622 = CIRCLE('',#623,1.8);
#623 = AXIS2_PLACEMENT_3D('',#624,#625,#626);
#624 = CARTESIAN_POINT('',(75.,-95.,0.));
#625 = DIRECTION('',(0.,0.,1.));
#626 = DIRECTION('',(1.,0.,-0.));
#627 = CYLINDRICAL_SURFACE('',#628,1.8);
#628 = AXIS2_PLACEMENT_3D('',#629,#630,#631);
#629 = CARTESIAN_POINT('',(75.,-95.,0.));
#630 = DIRECTION('',(0.,0.,1.));
#631 = DIRECTION('',(1.,0.,-0.));
#632 = ADVANCED_FACE('',(#633,#636),#647,.F.);
#633 = FACE_BOUND('',#634,.F.);
#634 = EDGE_LOOP('',(#635));
#635 = ORIENTED_EDGE('',*,*,#621,.F.);
#636 = FACE_BOUND('',#637,.F.);
#637 = EDGE_LOOP('',(#638));
#638 = ORIENTED_EDGE('',*,*,#639,.F.);
#639 = EDGE_CURVE('',#640,#640,#642,.T.);
#640 = VERTEX_POINT('',#641);
#641 = CARTESIAN_POINT('',(75.,-96.575,0.));
#642 = CIRCLE('',#643,1.575);
#643 = AXIS2_PLACEMENT_3D('',#644,#645,#646);
#644 = CARTESIAN_POINT('',(75.,-95.,0.));
#645 = DIRECTION('',(-0.,0.,-1.));
#646 = DIRECTION('',(-0.,-1.,0.));
#647 = PLANE('',#648);
#648 = AXIS2_PLACEMENT_3D('',#649,#650,#651);
#649 = CARTESIAN_POINT('',(0.,0.,0.));
#650 = DIRECTION('',(-0.,-0.,-1.));
#651 = DIRECTION('',(-1.,0.,0.));
#652 = ADVANCED_FACE('',(#653,#656),#667,.T.);
#653 = FACE_BOUND('',#654,.T.);
#654 = EDGE_LOOP('',(#655));
#655 = ORIENTED_EDGE('',*,*,#613,.F.);
#656 = FACE_BOUND('',#657,.T.);
#657 = EDGE_LOOP('',(#658));
#658 = ORIENTED_EDGE('',*,*,#659,.F.);
#659 = EDGE_CURVE('',#660,#660,#662,.T.);
#660 = VERTEX_POINT('',#661);
#661 = CARTESIAN_POINT('',(75.,-96.575,-4.E-02));
#662 = CIRCLE('',#663,1.575);
#663 = AXIS2_PLACEMENT_3D('',#664,#665,#666);
#664 = CARTESIAN_POINT('',(75.,-95.,-4.E-02));
#665 = DIRECTION('',(-0.,0.,-1.));
#666 = DIRECTION('',(-0.,-1.,0.));
#667 = PLANE('',#668);
#668 = AXIS2_PLACEMENT_3D('',#669,#670,#671);
#669 = CARTESIAN_POINT('',(0.,0.,-4.E-02));
#670 = DIRECTION('',(-0.,-0.,-1.));
#671 = DIRECTION('',(-1.,0.,0.));
#672 = ADVANCED_FACE('',(#673),#684,.F.);
#673 = FACE_BOUND('',#674,.T.);
#674 = EDGE_LOOP('',(#675,#676,#682,#683));
#675 = ORIENTED_EDGE('',*,*,#659,.T.);
#676 = ORIENTED_EDGE('',*,*,#677,.T.);
#677 = EDGE_CURVE('',#660,#640,#678,.T.);
#678 = LINE('',#679,#680);
#679 = CARTESIAN_POINT('',(75.,-96.575,-4.6E-02));
#680 = VECTOR('',#681,1.);
#681 = DIRECTION('',(0.,0.,1.));
#682 = ORIENTED_EDGE('',*,*,#639,.F.);
#683 = ORIENTED_EDGE('',*,*,#677,.F.);
#684 = CYLINDRICAL_SURFACE('',#685,1.575);
#685 = AXIS2_PLACEMENT_3D('',#686,#687,#688);
#686 = CARTESIAN_POINT('',(75.,-95.,-4.6E-02));
#687 = DIRECTION('',(-0.,-0.,-1.));
#688 = DIRECTION('',(-0.,-1.,0.));
#689 = MANIFOLD_SOLID_BREP('',#690);
#690 = CLOSED_SHELL('',(#691,#724,#744,#764));
#691 = ADVANCED_FACE('',(#692),#719,.T.);
#692 = FACE_BOUND('',#693,.F.);
#693 = EDGE_LOOP('',(#694,#704,#711,#712));
#694 = ORIENTED_EDGE('',*,*,#695,.T.);
#695 = EDGE_CURVE('',#696,#698,#700,.T.);
#696 = VERTEX_POINT('',#697);
#697 = CARTESIAN_POINT('',(75.,-96.6,-3.5E-02));
#698 = VERTEX_POINT('',#699);
#699 = CARTESIAN_POINT('',(75.,-96.6,1.545));
#700 = LINE('',#701,#702);
#701 = CARTESIAN_POINT('',(75.,-96.6,-3.5E-02));
#702 = VECTOR('',#703,1.);
#703 = DIRECTION('',(0.,0.,1.));
#704 = ORIENTED_EDGE('',*,*,#705,.T.);
#705 = EDGE_CURVE('',#698,#698,#706,.T.);
#706 = CIRCLE('',#707,1.6);
#707 = AXIS2_PLACEMENT_3D('',#708,#709,#710);
#708 = CARTESIAN_POINT('',(75.,-95.,1.545));
#709 = DIRECTION('',(0.,0.,1.));
#710 = DIRECTION('',(-0.,-1.,0.));
#711 = ORIENTED_EDGE('',*,*,#695,.F.);
#712 = ORIENTED_EDGE('',*,*,#713,.F.);
#713 = EDGE_CURVE('',#696,#696,#714,.T.);
#714 = CIRCLE('',#715,1.6);
#715 = AXIS2_PLACEMENT_3D('',#716,#717,#718);
#716 = CARTESIAN_POINT('',(75.,-95.,-3.5E-02));
#717 = DIRECTION('',(0.,0.,1.));
#718 = DIRECTION('',(-0.,-1.,0.));
#719 = CYLINDRICAL_SURFACE('',#720,1.6);
#720 = AXIS2_PLACEMENT_3D('',#721,#722,#723);
#721 = CARTESIAN_POINT('',(75.,-95.,-3.5E-02));
#722 = DIRECTION('',(-0.,-0.,-1.));
#723 = DIRECTION('',(-0.,-1.,0.));
#724 = ADVANCED_FACE('',(#725,#728),#739,.F.);
#725 = FACE_BOUND('',#726,.F.);
#726 = EDGE_LOOP('',(#727));
#727 = ORIENTED_EDGE('',*,*,#713,.T.);
#728 = FACE_BOUND('',#729,.F.);
#729 = EDGE_LOOP('',(#730));
#730 = ORIENTED_EDGE('',*,*,#731,.T.);
#731 = EDGE_CURVE('',#732,#732,#734,.T.);
#732 = VERTEX_POINT('',#733);
#733 = CARTESIAN_POINT('',(75.,-96.575,-3.5E-02));
#734 = CIRCLE('',#735,1.575);
#735 = AXIS2_PLACEMENT_3D('',#736,#737,#738);
#736 = CARTESIAN_POINT('',(75.,-95.,-3.5E-02));
#737 = DIRECTION('',(-0.,0.,-1.));
#738 = DIRECTION('',(-0.,-1.,0.));
#739 = PLANE('',#740);
#740 = AXIS2_PLACEMENT_3D('',#741,#742,#743);
#741 = CARTESIAN_POINT('',(75.,-96.6,-3.5E-02));
#742 = DIRECTION('',(0.,0.,1.));
#743 = DIRECTION('',(1.,0.,-0.));
#744 = ADVANCED_FACE('',(#745,#748),#759,.T.);
#745 = FACE_BOUND('',#746,.T.);
#746 = EDGE_LOOP('',(#747));
#747 = ORIENTED_EDGE('',*,*,#705,.T.);
#748 = FACE_BOUND('',#749,.T.);
#749 = EDGE_LOOP('',(#750));
#750 = ORIENTED_EDGE('',*,*,#751,.T.);
#751 = EDGE_CURVE('',#752,#752,#754,.T.);
#752 = VERTEX_POINT('',#753);
#753 = CARTESIAN_POINT('',(75.,-96.575,1.545));
#754 = CIRCLE('',#755,1.575);
#755 = AXIS2_PLACEMENT_3D('',#756,#757,#758);
#756 = CARTESIAN_POINT('',(75.,-95.,1.545));
#757 = DIRECTION('',(-0.,0.,-1.));
#758 = DIRECTION('',(-0.,-1.,0.));
#759 = PLANE('',#760);
#760 = AXIS2_PLACEMENT_3D('',#761,#762,#763);
#761 = CARTESIAN_POINT('',(75.,-96.6,1.545));
#762 = DIRECTION('',(0.,0.,1.));
#763 = DIRECTION('',(1.,0.,-0.));
#764 = ADVANCED_FACE('',(#765),#776,.F.);
#765 = FACE_BOUND('',#766,.T.);
#766 = EDGE_LOOP('',(#767,#768,#774,#775));
#767 = ORIENTED_EDGE('',*,*,#731,.T.);
#768 = ORIENTED_EDGE('',*,*,#769,.T.);
#769 = EDGE_CURVE('',#732,#752,#770,.T.);
#770 = LINE('',#771,#772);
#771 = CARTESIAN_POINT('',(75.,-96.575,-4.6E-02));
#772 = VECTOR('',#773,1.);
#773 = DIRECTION('',(0.,0.,1.));
#774 = ORIENTED_EDGE('',*,*,#751,.F.);
#775 = ORIENTED_EDGE('',*,*,#769,.F.);
#776 = CYLINDRICAL_SURFACE('',#777,1.575);
#777 = AXIS2_PLACEMENT_3D('',#778,#779,#780);
#778 = CARTESIAN_POINT('',(75.,-95.,-4.6E-02));
#779 = DIRECTION('',(-0.,-0.,-1.));
#780 = DIRECTION('',(-0.,-1.,0.));
#781 = MANIFOLD_SOLID_BREP('',#782);
#782 = CLOSED_SHELL('',(#783,#816,#836,#856));
#783 = ADVANCED_FACE('',(#784),#811,.T.);
#784 = FACE_BOUND('',#785,.F.);
#785 = EDGE_LOOP('',(#786,#796,#803,#804));
#786 = ORIENTED_EDGE('',*,*,#787,.T.);
#787 = EDGE_CURVE('',#788,#790,#792,.T.);
#788 = VERTEX_POINT('',#789);
#789 = CARTESIAN_POINT('',(77.8,-95.,1.51));
#790 = VERTEX_POINT('',#791);
#791 = CARTESIAN_POINT('',(77.8,-95.,1.55));
#792 = LINE('',#793,#794);
#793 = CARTESIAN_POINT('',(77.8,-95.,1.51));
#794 = VECTOR('',#795,1.);
#795 = DIRECTION('',(0.,0.,1.));
#796 = ORIENTED_EDGE('',*,*,#797,.T.);
#797 = EDGE_CURVE('',#790,#790,#798,.T.);
#798 = CIRCLE('',#799,2.8);
#799 = AXIS2_PLACEMENT_3D('',#800,#801,#802);
#800 = CARTESIAN_POINT('',(75.,-95.,1.55));
#801 = DIRECTION('',(0.,0.,1.));
#802 = DIRECTION('',(1.,0.,-0.));
#803 = ORIENTED_EDGE('',*,*,#787,.F.);
#804 = ORIENTED_EDGE('',*,*,#805,.F.);
#805 = EDGE_CURVE('',#788,#788,#806,.T.);
#806 = CIRCLE('',#807,2.8);
#807 = AXIS2_PLACEMENT_3D('',#808,#809,#810);
#808 = CARTESIAN_POINT('',(75.,-95.,1.51));
#809 = DIRECTION('',(0.,0.,1.));
#810 = DIRECTION('',(1.,0.,-0.));
#811 = CYLINDRICAL_SURFACE('',#812,2.8);
#812 = AXIS2_PLACEMENT_3D('',#813,#814,#815);
#813 = CARTESIAN_POINT('',(75.,-95.,1.51));
#814 = DIRECTION('',(-0.,-0.,-1.));
#815 = DIRECTION('',(1.,0.,-0.));
#816 = ADVANCED_FACE('',(#817,#820),#831,.F.);
#817 = FACE_BOUND('',#818,.F.);
#818 = EDGE_LOOP('',(#819));
#819 = ORIENTED_EDGE('',*,*,#805,.T.);
#820 = FACE_BOUND('',#821,.F.);
#821 = EDGE_LOOP('',(#822));
#822 = ORIENTED_EDGE('',*,*,#823,.T.);
#823 = EDGE_CURVE('',#824,#824,#826,.T.);
#824 = VERTEX_POINT('',#825);
#825 = CARTESIAN_POINT('',(75.,-96.575,1.51));
#826 = CIRCLE('',#827,1.575);
#827 = AXIS2_PLACEMENT_3D('',#828,#829,#830);
#828 = CARTESIAN_POINT('',(75.,-95.,1.51));
#829 = DIRECTION('',(-0.,0.,-1.));
#830 = DIRECTION('',(-0.,-1.,0.));
#831 = PLANE('',#832);
#832 = AXIS2_PLACEMENT_3D('',#833,#834,#835);
#833 = CARTESIAN_POINT('',(0.,0.,1.51));
#834 = DIRECTION('',(0.,0.,1.));
#835 = DIRECTION('',(1.,0.,-0.));
#836 = ADVANCED_FACE('',(#837,#840),#851,.T.);
#837 = FACE_BOUND('',#838,.T.);
#838 = EDGE_LOOP('',(#839));
#839 = ORIENTED_EDGE('',*,*,#797,.T.);
#840 = FACE_BOUND('',#841,.T.);
#841 = EDGE_LOOP('',(#842));
#842 = ORIENTED_EDGE('',*,*,#843,.T.);
#843 = EDGE_CURVE('',#844,#844,#846,.T.);
#844 = VERTEX_POINT('',#845);
#845 = CARTESIAN_POINT('',(75.,-96.575,1.55));
#846 = CIRCLE('',#847,1.575);
#847 = AXIS2_PLACEMENT_3D('',#848,#849,#850);
#848 = CARTESIAN_POINT('',(75.,-95.,1.55));
#849 = DIRECTION('',(-0.,0.,-1.));
#850 = DIRECTION('',(-0.,-1.,0.));
#851 = PLANE('',#852);
#852 = AXIS2_PLACEMENT_3D('',#853,#854,#855);
#853 = CARTESIAN_POINT('',(0.,0.,1.55));
#854 = DIRECTION('',(0.,0.,1.));
#855 = DIRECTION('',(1.,0.,-0.));
#856 = ADVANCED_FACE('',(#857),#868,.F.);
#857 = FACE_BOUND('',#858,.T.);
#858 = EDGE_LOOP('',(#859,#860,#866,#867));
#859 = ORIENTED_EDGE('',*,*,#823,.T.);
#860 = ORIENTED_EDGE('',*,*,#861,.T.);
#861 = EDGE_CURVE('',#824,#844,#862,.T.);
#862 = LINE('',#863,#864);
#863 = CARTESIAN_POINT('',(75.,-96.575,-4.6E-02));
#864 = VECTOR('',#865,1.);
#865 = DIRECTION('',(0.,0.,1.));
#866 = ORIENTED_EDGE('',*,*,#843,.F.);
#867 = ORIENTED_EDGE('',*,*,#861,.F.);
#868 = CYLINDRICAL_SURFACE('',#869,1.575);
#869 = AXIS2_PLACEMENT_3D('',#870,#871,#872);
#870 = CARTESIAN_POINT('',(75.,-95.,-4.6E-02));
#871 = DIRECTION('',(-0.,-0.,-1.));
#872 = DIRECTION('',(-0.,-1.,0.));
#873 = MANIFOLD_SOLID_BREP('',#874);
#874 = CLOSED_SHELL('',(#875,#908,#928,#948));
#875 = ADVANCED_FACE('',(#876),#903,.T.);
#876 = FACE_BOUND('',#877,.T.);
#877 = EDGE_LOOP('',(#878,#888,#895,#896));
#878 = ORIENTED_EDGE('',*,*,#879,.T.);
#879 = EDGE_CURVE('',#880,#882,#884,.T.);
#880 = VERTEX_POINT('',#881);
#881 = CARTESIAN_POINT('',(77.8,-95.,0.));
#882 = VERTEX_POINT('',#883);
#883 = CARTESIAN_POINT('',(77.8,-95.,-4.E-02));
#884 = LINE('',#885,#886);
#885 = CARTESIAN_POINT('',(77.8,-95.,0.));
#886 = VECTOR('',#887,1.);
#887 = DIRECTION('',(0.,0.,-1.));
#888 = ORIENTED_EDGE('',*,*,#889,.T.);
#889 = EDGE_CURVE('',#882,#882,#890,.T.);
#890 = CIRCLE('',#891,2.8);
#891 = AXIS2_PLACEMENT_3D('',#892,#893,#894);
#892 = CARTESIAN_POINT('',(75.,-95.,-4.E-02));
#893 = DIRECTION('',(0.,0.,1.));
#894 = DIRECTION('',(1.,0.,-0.));
#895 = ORIENTED_EDGE('',*,*,#879,.F.);
#896 = ORIENTED_EDGE('',*,*,#897,.F.);
#897 = EDGE_CURVE('',#880,#880,#898,.T.);
#898 = CIRCLE('',#899,2.8);
#899 = AXIS2_PLACEMENT_3D('',#900,#901,#902);
#900 = CARTESIAN_POINT('',(75.,-95.,0.));
#901 = DIRECTION('',(0.,0.,1.));
#902 = DIRECTION('',(1.,0.,-0.));
#903 = CYLINDRICAL_SURFACE('',#904,2.8);
#904 = AXIS2_PLACEMENT_3D('',#905,#906,#907);
#905 = CARTESIAN_POINT('',(75.,-95.,0.));
#906 = DIRECTION('',(0.,0.,1.));
#907 = DIRECTION('',(1.,0.,-0.));
#908 = ADVANCED_FACE('',(#909,#912),#923,.F.);
#909 = FACE_BOUND('',#910,.F.);
#910 = EDGE_LOOP('',(#911));
#911 = ORIENTED_EDGE('',*,*,#897,.F.);
#912 = FACE_BOUND('',#913,.F.);
#913 = EDGE_LOOP('',(#914));
#914 = ORIENTED_EDGE('',*,*,#915,.F.);
#915 = EDGE_CURVE('',#916,#916,#918,.T.);
#916 = VERTEX_POINT('',#917);
#917 = CARTESIAN_POINT('',(75.,-96.575,0.));
#918 = CIRCLE('',#919,1.575);
#919 = AXIS2_PLACEMENT_3D('',#920,#921,#922);
#920 = CARTESIAN_POINT('',(75.,-95.,0.));
#921 = DIRECTION('',(-0.,0.,-1.));
#922 = DIRECTION('',(-0.,-1.,0.));
#923 = PLANE('',#924);
#924 = AXIS2_PLACEMENT_3D('',#925,#926,#927);
#925 = CARTESIAN_POINT('',(0.,0.,0.));
#926 = DIRECTION('',(-0.,-0.,-1.));
#927 = DIRECTION('',(-1.,0.,0.));
#928 = ADVANCED_FACE('',(#929,#932),#943,.T.);
#929 = FACE_BOUND('',#930,.T.);
#930 = EDGE_LOOP('',(#931));
#931 = ORIENTED_EDGE('',*,*,#889,.F.);
#932 = FACE_BOUND('',#933,.T.);
#933 = EDGE_LOOP('',(#934));
#934 = ORIENTED_EDGE('',*,*,#935,.F.);
#935 = EDGE_CURVE('',#936,#936,#938,.T.);
#936 = VERTEX_POINT('',#937);
#937 = CARTESIAN_POINT('',(75.,-96.575,-4.E-02));
#938 = CIRCLE('',#939,1.575);
#939 = AXIS2_PLACEMENT_3D('',#940,#941,#942);
#940 = CARTESIAN_POINT('',(75.,-95.,-4.E-02));
#941 = DIRECTION('',(-0.,0.,-1.));
#942 = DIRECTION('',(-0.,-1.,0.));
#943 = PLANE('',#944);
#944 = AXIS2_PLACEMENT_3D('',#945,#946,#947);
#945 = CARTESIAN_POINT('',(0.,0.,-4.E-02));
#946 = DIRECTION('',(-0.,-0.,-1.));
#947 = DIRECTION('',(-1.,0.,0.));
#948 = ADVANCED_FACE('',(#949),#960,.F.);
#949 = FACE_BOUND('',#950,.T.);
#950 = EDGE_LOOP('',(#951,#952,#958,#959));
#951 = ORIENTED_EDGE('',*,*,#935,.T.);
#952 = ORIENTED_EDGE('',*,*,#953,.T.);
#953 = EDGE_CURVE('',#936,#916,#954,.T.);
#954 = LINE('',#955,#956);
#955 = CARTESIAN_POINT('',(75.,-96.575,-4.6E-02));
#956 = VECTOR('',#957,1.);
#957 = DIRECTION('',(0.,0.,1.));
#958 = ORIENTED_EDGE('',*,*,#915,.F.);
#959 = ORIENTED_EDGE('',*,*,#953,.F.);
#960 = CYLINDRICAL_SURFACE('',#961,1.575);
#961 = AXIS2_PLACEMENT_3D('',#962,#963,#964);
#962 = CARTESIAN_POINT('',(75.,-95.,-4.6E-02));
#963 = DIRECTION('',(-0.,-0.,-1.));
#964 = DIRECTION('',(-0.,-1.,0.));
#965 = MANIFOLD_SOLID_BREP('',#966);
#966 = CLOSED_SHELL('',(#967,#1000,#1020,#1040));
#967 = ADVANCED_FACE('',(#968),#995,.T.);
#968 = FACE_BOUND('',#969,.F.);
#969 = EDGE_LOOP('',(#970,#980,#987,#988));
#970 = ORIENTED_EDGE('',*,*,#971,.T.);
#971 = EDGE_CURVE('',#972,#974,#976,.T.);
#972 = VERTEX_POINT('',#973);
#973 = CARTESIAN_POINT('',(6.8,-5.,1.51));
#974 = VERTEX_POINT('',#975);
#975 = CARTESIAN_POINT('',(6.8,-5.,1.55));
#976 = LINE('',#977,#978);
#977 = CARTESIAN_POINT('',(6.8,-5.,1.51));
#978 = VECTOR('',#979,1.);
#979 = DIRECTION('',(0.,0.,1.));
#980 = ORIENTED_EDGE('',*,*,#981,.T.);
#981 = EDGE_CURVE('',#974,#974,#982,.T.);
#982 = CIRCLE('',#983,1.8);
#983 = AXIS2_PLACEMENT_3D('',#984,#985,#986);
#984 = CARTESIAN_POINT('',(5.,-5.,1.55));
#985 = DIRECTION('',(0.,0.,1.));
#986 = DIRECTION('',(1.,0.,-0.));
#987 = ORIENTED_EDGE('',*,*,#971,.F.);
#988 = ORIENTED_EDGE('',*,*,#989,.F.);
#989 = EDGE_CURVE('',#972,#972,#990,.T.);
#990 = CIRCLE('',#991,1.8);
#991 = AXIS2_PLACEMENT_3D('',#992,#993,#994);
#992 = CARTESIAN_POINT('',(5.,-5.,1.51));
#993 = DIRECTION('',(0.,0.,1.));
#994 = DIRECTION('',(1.,0.,-0.));
#995 = CYLINDRICAL_SURFACE('',#996,1.8);
#996 = AXIS2_PLACEMENT_3D('',#997,#998,#999);
#997 = CARTESIAN_POINT('',(5.,-5.,1.51));
#998 = DIRECTION('',(-0.,-0.,-1.));
#999 = DIRECTION('',(1.,0.,-0.));
#1000 = ADVANCED_FACE('',(#1001,#1004),#1015,.F.);
#1001 = FACE_BOUND('',#1002,.F.);
#1002 = EDGE_LOOP('',(#1003));
#1003 = ORIENTED_EDGE('',*,*,#989,.T.);
#1004 = FACE_BOUND('',#1005,.F.);
#1005 = EDGE_LOOP('',(#1006));
#1006 = ORIENTED_EDGE('',*,*,#1007,.T.);
#1007 = EDGE_CURVE('',#1008,#1008,#1010,.T.);
#1008 = VERTEX_POINT('',#1009);
#1009 = CARTESIAN_POINT('',(5.,-6.575,1.51));
#1010 = CIRCLE('',#1011,1.575);
#1011 = AXIS2_PLACEMENT_3D('',#1012,#1013,#1014);
#1012 = CARTESIAN_POINT('',(5.,-5.,1.51));
#1013 = DIRECTION('',(-0.,0.,-1.));
#1014 = DIRECTION('',(-0.,-1.,0.));
#1015 = PLANE('',#1016);
#1016 = AXIS2_PLACEMENT_3D('',#1017,#1018,#1019);
#1017 = CARTESIAN_POINT('',(0.,0.,1.51));
#1018 = DIRECTION('',(0.,0.,1.));
#1019 = DIRECTION('',(1.,0.,-0.));
#1020 = ADVANCED_FACE('',(#1021,#1024),#1035,.T.);
#1021 = FACE_BOUND('',#1022,.T.);
#1022 = EDGE_LOOP('',(#1023));
#1023 = ORIENTED_EDGE('',*,*,#981,.T.);
#1024 = FACE_BOUND('',#1025,.T.);
#1025 = EDGE_LOOP('',(#1026));
#1026 = ORIENTED_EDGE('',*,*,#1027,.T.);
#1027 = EDGE_CURVE('',#1028,#1028,#1030,.T.);
#1028 = VERTEX_POINT('',#1029);
#1029 = CARTESIAN_POINT('',(5.,-6.575,1.55));
#1030 = CIRCLE('',#1031,1.575);
#1031 = AXIS2_PLACEMENT_3D('',#1032,#1033,#1034);
#1032 = CARTESIAN_POINT('',(5.,-5.,1.55));
#1033 = DIRECTION('',(-0.,0.,-1.));
#1034 = DIRECTION('',(-0.,-1.,0.));
#1035 = PLANE('',#1036);
#1036 = AXIS2_PLACEMENT_3D('',#1037,#1038,#1039);
#1037 = CARTESIAN_POINT('',(0.,0.,1.55));
#1038 = DIRECTION('',(0.,0.,1.));
#1039 = DIRECTION('',(1.,0.,-0.));
#1040 = ADVANCED_FACE('',(#1041),#1052,.F.);
#1041 = FACE_BOUND('',#1042,.T.);
#1042 = EDGE_LOOP('',(#1043,#1044,#1050,#1051));
#1043 = ORIENTED_EDGE('',*,*,#1007,.T.);
#1044 = ORIENTED_EDGE('',*,*,#1045,.T.);
#1045 = EDGE_CURVE('',#1008,#1028,#1046,.T.);
#1046 = LINE('',#1047,#1048);
#1047 = CARTESIAN_POINT('',(5.,-6.575,-4.6E-02));
#1048 = VECTOR('',#1049,1.);
#1049 = DIRECTION('',(0.,0.,1.));
#1050 = ORIENTED_EDGE('',*,*,#1027,.F.);
#1051 = ORIENTED_EDGE('',*,*,#1045,.F.);
#1052 = CYLINDRICAL_SURFACE('',#1053,1.575);
#1053 = AXIS2_PLACEMENT_3D('',#1054,#1055,#1056);
#1054 = CARTESIAN_POINT('',(5.,-5.,-4.6E-02));
#1055 = DIRECTION('',(-0.,-0.,-1.));
#1056 = DIRECTION('',(-0.,-1.,0.));
#1057 = MANIFOLD_SOLID_BREP('',#1058);
#1058 = CLOSED_SHELL('',(#1059,#1092,#1112,#1132));
#1059 = ADVANCED_FACE('',(#1060),#1087,.T.);
#1060 = FACE_BOUND('',#1061,.T.);
#1061 = EDGE_LOOP('',(#1062,#1072,#1079,#1080));
#1062 = ORIENTED_EDGE('',*,*,#1063,.T.);
#1063 = EDGE_CURVE('',#1064,#1066,#1068,.T.);
#1064 = VERTEX_POINT('',#1065);
#1065 = CARTESIAN_POINT('',(6.8,-5.,0.));
#1066 = VERTEX_POINT('',#1067);
#1067 = CARTESIAN_POINT('',(6.8,-5.,-4.E-02));
#1068 = LINE('',#1069,#1070);
#1069 = CARTESIAN_POINT('',(6.8,-5.,0.));
#1070 = VECTOR('',#1071,1.);
#1071 = DIRECTION('',(0.,0.,-1.));
#1072 = ORIENTED_EDGE('',*,*,#1073,.T.);
#1073 = EDGE_CURVE('',#1066,#1066,#1074,.T.);
#1074 = CIRCLE('',#1075,1.8);
#1075 = AXIS2_PLACEMENT_3D('',#1076,#1077,#1078);
#1076 = CARTESIAN_POINT('',(5.,-5.,-4.E-02));
#1077 = DIRECTION('',(0.,0.,1.));
#1078 = DIRECTION('',(1.,0.,-0.));
#1079 = ORIENTED_EDGE('',*,*,#1063,.F.);
#1080 = ORIENTED_EDGE('',*,*,#1081,.F.);
#1081 = EDGE_CURVE('',#1064,#1064,#1082,.T.);
#1082 = CIRCLE('',#1083,1.8);
#1083 = AXIS2_PLACEMENT_3D('',#1084,#1085,#1086);
#1084 = CARTESIAN_POINT('',(5.,-5.,0.));
#1085 = DIRECTION('',(0.,0.,1.));
#1086 = DIRECTION('',(1.,0.,-0.));
#1087 = CYLINDRICAL_SURFACE('',#1088,1.8);
#1088 = AXIS2_PLACEMENT_3D('',#1089,#1090,#1091);
#1089 = CARTESIAN_POINT('',(5.,-5.,0.));
#1090 = DIRECTION('',(0.,0.,1.));
#1091 = DIRECTION('',(1.,0.,-0.));
#1092 = ADVANCED_FACE('',(#1093,#1096),#1107,.F.);
#1093 = FACE_BOUND('',#1094,.F.);
#1094 = EDGE_LOOP('',(#1095));
#1095 = ORIENTED_EDGE('',*,*,#1081,.F.);
#1096 = FACE_BOUND('',#1097,.F.);
#1097 = EDGE_LOOP('',(#1098));
#1098 = ORIENTED_EDGE('',*,*,#1099,.F.);
#1099 = EDGE_CURVE('',#1100,#1100,#1102,.T.);
#1100 = VERTEX_POINT('',#1101);
#1101 = CARTESIAN_POINT('',(5.,-6.575,0.));
#1102 = CIRCLE('',#1103,1.575);
#1103 = AXIS2_PLACEMENT_3D('',#1104,#1105,#1106);
#1104 = CARTESIAN_POINT('',(5.,-5.,0.));
#1105 = DIRECTION('',(-0.,0.,-1.));
#1106 = DIRECTION('',(-0.,-1.,0.));
#1107 = PLANE('',#1108);
#1108 = AXIS2_PLACEMENT_3D('',#1109,#1110,#1111);
#1109 = CARTESIAN_POINT('',(0.,0.,0.));
#1110 = DIRECTION('',(-0.,-0.,-1.));
#1111 = DIRECTION('',(-1.,0.,0.));
#1112 = ADVANCED_FACE('',(#1113,#1116),#1127,.T.);
#1113 = FACE_BOUND('',#1114,.T.);
#1114 = EDGE_LOOP('',(#1115));
#1115 = ORIENTED_EDGE('',*,*,#1073,.F.);
#1116 = FACE_BOUND('',#1117,.T.);
#1117 = EDGE_LOOP('',(#1118));
#1118 = ORIENTED_EDGE('',*,*,#1119,.F.);
#1119 = EDGE_CURVE('',#1120,#1120,#1122,.T.);
#1120 = VERTEX_POINT('',#1121);
#1121 = CARTESIAN_POINT('',(5.,-6.575,-4.E-02));
#1122 = CIRCLE('',#1123,1.575);
#1123 = AXIS2_PLACEMENT_3D('',#1124,#1125,#1126);
#1124 = CARTESIAN_POINT('',(5.,-5.,-4.E-02));
#1125 = DIRECTION('',(-0.,0.,-1.));
#1126 = DIRECTION('',(-0.,-1.,0.));
#1127 = PLANE('',#1128);
#1128 = AXIS2_PLACEMENT_3D('',#1129,#1130,#1131);
#1129 = CARTESIAN_POINT('',(0.,0.,-4.E-02));
#1130 = DIRECTION('',(-0.,-0.,-1.));
#1131 = DIRECTION('',(-1.,0.,0.));
#1132 = ADVANCED_FACE('',(#1133),#1144,.F.);
#1133 = FACE_BOUND('',#1134,.T.);
#1134 = EDGE_LOOP('',(#1135,#1136,#1142,#1143));
#1135 = ORIENTED_EDGE('',*,*,#1119,.T.);
#1136 = ORIENTED_EDGE('',*,*,#1137,.T.);
#1137 = EDGE_CURVE('',#1120,#1100,#1138,.T.);
#1138 = LINE('',#1139,#1140);
#1139 = CARTESIAN_POINT('',(5.,-6.575,-4.6E-02));
#1140 = VECTOR('',#1141,1.);
#1141 = DIRECTION('',(0.,0.,1.));
#1142 = ORIENTED_EDGE('',*,*,#1099,.F.);
#1143 = ORIENTED_EDGE('',*,*,#1137,.F.);
#1144 = CYLINDRICAL_SURFACE('',#1145,1.575);
#1145 = AXIS2_PLACEMENT_3D('',#1146,#1147,#1148);
#1146 = CARTESIAN_POINT('',(5.,-5.,-4.6E-02));
#1147 = DIRECTION('',(-0.,-0.,-1.));
#1148 = DIRECTION('',(-0.,-1.,0.));
#1149 = MANIFOLD_SOLID_BREP('',#1150);
#1150 = CLOSED_SHELL('',(#1151,#1184,#1204,#1224));
#1151 = ADVANCED_FACE('',(#1152),#1179,.T.);
#1152 = FACE_BOUND('',#1153,.F.);
#1153 = EDGE_LOOP('',(#1154,#1164,#1171,#1172));
#1154 = ORIENTED_EDGE('',*,*,#1155,.T.);
#1155 = EDGE_CURVE('',#1156,#1158,#1160,.T.);
#1156 = VERTEX_POINT('',#1157);
#1157 = CARTESIAN_POINT('',(5.,-6.6,-3.5E-02));
#1158 = VERTEX_POINT('',#1159);
#1159 = CARTESIAN_POINT('',(5.,-6.6,1.545));
#1160 = LINE('',#1161,#1162);
#1161 = CARTESIAN_POINT('',(5.,-6.6,-3.5E-02));
#1162 = VECTOR('',#1163,1.);
#1163 = DIRECTION('',(0.,0.,1.));
#1164 = ORIENTED_EDGE('',*,*,#1165,.T.);
#1165 = EDGE_CURVE('',#1158,#1158,#1166,.T.);
#1166 = CIRCLE('',#1167,1.6);
#1167 = AXIS2_PLACEMENT_3D('',#1168,#1169,#1170);
#1168 = CARTESIAN_POINT('',(5.,-5.,1.545));
#1169 = DIRECTION('',(0.,0.,1.));
#1170 = DIRECTION('',(-0.,-1.,0.));
#1171 = ORIENTED_EDGE('',*,*,#1155,.F.);
#1172 = ORIENTED_EDGE('',*,*,#1173,.F.);
#1173 = EDGE_CURVE('',#1156,#1156,#1174,.T.);
#1174 = CIRCLE('',#1175,1.6);
#1175 = AXIS2_PLACEMENT_3D('',#1176,#1177,#1178);
#1176 = CARTESIAN_POINT('',(5.,-5.,-3.5E-02));
#1177 = DIRECTION('',(0.,0.,1.));
#1178 = DIRECTION('',(-0.,-1.,0.));
#1179 = CYLINDRICAL_SURFACE('',#1180,1.6);
#1180 = AXIS2_PLACEMENT_3D('',#1181,#1182,#1183);
#1181 = CARTESIAN_POINT('',(5.,-5.,-3.5E-02));
#1182 = DIRECTION('',(-0.,-0.,-1.));
#1183 = DIRECTION('',(-0.,-1.,0.));
#1184 = ADVANCED_FACE('',(#1185,#1188),#1199,.F.);
#1185 = FACE_BOUND('',#1186,.F.);
#1186 = EDGE_LOOP('',(#1187));
#1187 = ORIENTED_EDGE('',*,*,#1173,.T.);
#1188 = FACE_BOUND('',#1189,.F.);
#1189 = EDGE_LOOP('',(#1190));
#1190 = ORIENTED_EDGE('',*,*,#1191,.T.);
#1191 = EDGE_CURVE('',#1192,#1192,#1194,.T.);
#1192 = VERTEX_POINT('',#1193);
#1193 = CARTESIAN_POINT('',(5.,-6.575,-3.5E-02));
#1194 = CIRCLE('',#1195,1.575);
#1195 = AXIS2_PLACEMENT_3D('',#1196,#1197,#1198);
#1196 = CARTESIAN_POINT('',(5.,-5.,-3.5E-02));
#1197 = DIRECTION('',(-0.,0.,-1.));
#1198 = DIRECTION('',(-0.,-1.,0.));
#1199 = PLANE('',#1200);
#1200 = AXIS2_PLACEMENT_3D('',#1201,#1202,#1203);
#1201 = CARTESIAN_POINT('',(5.,-6.6,-3.5E-02));
#1202 = DIRECTION('',(0.,0.,1.));
#1203 = DIRECTION('',(1.,0.,-0.));
#1204 = ADVANCED_FACE('',(#1205,#1208),#1219,.T.);
#1205 = FACE_BOUND('',#1206,.T.);
#1206 = EDGE_LOOP('',(#1207));
#1207 = ORIENTED_EDGE('',*,*,#1165,.T.);
#1208 = FACE_BOUND('',#1209,.T.);
#1209 = EDGE_LOOP('',(#1210));
#1210 = ORIENTED_EDGE('',*,*,#1211,.T.);
#1211 = EDGE_CURVE('',#1212,#1212,#1214,.T.);
#1212 = VERTEX_POINT('',#1213);
#1213 = CARTESIAN_POINT('',(5.,-6.575,1.545));
#1214 = CIRCLE('',#1215,1.575);
#1215 = AXIS2_PLACEMENT_3D('',#1216,#1217,#1218);
#1216 = CARTESIAN_POINT('',(5.,-5.,1.545));
#1217 = DIRECTION('',(-0.,0.,-1.));
#1218 = DIRECTION('',(-0.,-1.,0.));
#1219 = PLANE('',#1220);
#1220 = AXIS2_PLACEMENT_3D('',#1221,#1222,#1223);
#1221 = CARTESIAN_POINT('',(5.,-6.6,1.545));
#1222 = DIRECTION('',(0.,0.,1.));
#1223 = DIRECTION('',(1.,0.,-0.));
#1224 = ADVANCED_FACE('',(#1225),#1236,.F.);
#1225 = FACE_BOUND('',#1226,.T.);
#1226 = EDGE_LOOP('',(#1227,#1228,#1234,#1235));
#1227 = ORIENTED_EDGE('',*,*,#1191,.T.);
#1228 = ORIENTED_EDGE('',*,*,#1229,.T.);
#1229 = EDGE_CURVE('',#1192,#1212,#1230,.T.);
#1230 = LINE('',#1231,#1232);
#1231 = CARTESIAN_POINT('',(5.,-6.575,-4.6E-02));
#1232 = VECTOR('',#1233,1.);
#1233 = DIRECTION('',(0.,0.,1.));
#1234 = ORIENTED_EDGE('',*,*,#1211,.F.);
#1235 = ORIENTED_EDGE('',*,*,#1229,.F.);
#1236 = CYLINDRICAL_SURFACE('',#1237,1.575);
#1237 = AXIS2_PLACEMENT_3D('',#1238,#1239,#1240);
#1238 = CARTESIAN_POINT('',(5.,-5.,-4.6E-02));
#1239 = DIRECTION('',(-0.,-0.,-1.));
#1240 = DIRECTION('',(-0.,-1.,0.));
#1241 = MANIFOLD_SOLID_BREP('',#1242);
#1242 = CLOSED_SHELL('',(#1243,#1276,#1296,#1316));
#1243 = ADVANCED_FACE('',(#1244),#1271,.T.);
#1244 = FACE_BOUND('',#1245,.F.);
#1245 = EDGE_LOOP('',(#1246,#1256,#1263,#1264));
#1246 = ORIENTED_EDGE('',*,*,#1247,.T.);
#1247 = EDGE_CURVE('',#1248,#1250,#1252,.T.);
#1248 = VERTEX_POINT('',#1249);
#1249 = CARTESIAN_POINT('',(7.8,-5.,1.51));
#1250 = VERTEX_POINT('',#1251);
#1251 = CARTESIAN_POINT('',(7.8,-5.,1.55));
#1252 = LINE('',#1253,#1254);
#1253 = CARTESIAN_POINT('',(7.8,-5.,1.51));
#1254 = VECTOR('',#1255,1.);
#1255 = DIRECTION('',(0.,0.,1.));
#1256 = ORIENTED_EDGE('',*,*,#1257,.T.);
#1257 = EDGE_CURVE('',#1250,#1250,#1258,.T.);
#1258 = CIRCLE('',#1259,2.8);
#1259 = AXIS2_PLACEMENT_3D('',#1260,#1261,#1262);
#1260 = CARTESIAN_POINT('',(5.,-5.,1.55));
#1261 = DIRECTION('',(0.,0.,1.));
#1262 = DIRECTION('',(1.,0.,-0.));
#1263 = ORIENTED_EDGE('',*,*,#1247,.F.);
#1264 = ORIENTED_EDGE('',*,*,#1265,.F.);
#1265 = EDGE_CURVE('',#1248,#1248,#1266,.T.);
#1266 = CIRCLE('',#1267,2.8);
#1267 = AXIS2_PLACEMENT_3D('',#1268,#1269,#1270);
#1268 = CARTESIAN_POINT('',(5.,-5.,1.51));
#1269 = DIRECTION('',(0.,0.,1.));
#1270 = DIRECTION('',(1.,0.,-0.));
#1271 = CYLINDRICAL_SURFACE('',#1272,2.8);
#1272 = AXIS2_PLACEMENT_3D('',#1273,#1274,#1275);
#1273 = CARTESIAN_POINT('',(5.,-5.,1.51));
#1274 = DIRECTION('',(-0.,-0.,-1.));
#1275 = DIRECTION('',(1.,0.,-0.));
#1276 = ADVANCED_FACE('',(#1277,#1280),#1291,.F.);
#1277 = FACE_BOUND('',#1278,.F.);
#1278 = EDGE_LOOP('',(#1279));
#1279 = ORIENTED_EDGE('',*,*,#1265,.T.);
#1280 = FACE_BOUND('',#1281,.F.);
#1281 = EDGE_LOOP('',(#1282));
#1282 = ORIENTED_EDGE('',*,*,#1283,.T.);
#1283 = EDGE_CURVE('',#1284,#1284,#1286,.T.);
#1284 = VERTEX_POINT('',#1285);
#1285 = CARTESIAN_POINT('',(5.,-6.575,1.51));
#1286 = CIRCLE('',#1287,1.575);
#1287 = AXIS2_PLACEMENT_3D('',#1288,#1289,#1290);
#1288 = CARTESIAN_POINT('',(5.,-5.,1.51));
#1289 = DIRECTION('',(-0.,0.,-1.));
#1290 = DIRECTION('',(-0.,-1.,0.));
#1291 = PLANE('',#1292);
#1292 = AXIS2_PLACEMENT_3D('',#1293,#1294,#1295);
#1293 = CARTESIAN_POINT('',(0.,0.,1.51));
#1294 = DIRECTION('',(0.,0.,1.));
#1295 = DIRECTION('',(1.,0.,-0.));
#1296 = ADVANCED_FACE('',(#1297,#1300),#1311,.T.);
#1297 = FACE_BOUND('',#1298,.T.);
#1298 = EDGE_LOOP('',(#1299));
#1299 = ORIENTED_EDGE('',*,*,#1257,.T.);
#1300 = FACE_BOUND('',#1301,.T.);
#1301 = EDGE_LOOP('',(#1302));
#1302 = ORIENTED_EDGE('',*,*,#1303,.T.);
#1303 = EDGE_CURVE('',#1304,#1304,#1306,.T.);
#1304 = VERTEX_POINT('',#1305);
#1305 = CARTESIAN_POINT('',(5.,-6.575,1.55));
#1306 = CIRCLE('',#1307,1.575);
#1307 = AXIS2_PLACEMENT_3D('',#1308,#1309,#1310);
#1308 = CARTESIAN_POINT('',(5.,-5.,1.55));
#1309 = DIRECTION('',(-0.,0.,-1.));
#1310 = DIRECTION('',(-0.,-1.,0.));
#1311 = PLANE('',#1312);
#1312 = AXIS2_PLACEMENT_3D('',#1313,#1314,#1315);
#1313 = CARTESIAN_POINT('',(0.,0.,1.55));
#1314 = DIRECTION('',(0.,0.,1.));
#1315 = DIRECTION('',(1.,0.,-0.));
#1316 = ADVANCED_FACE('',(#1317),#1328,.F.);
#1317 = FACE_BOUND('',#1318,.T.);
#1318 = EDGE_LOOP('',(#1319,#1320,#1326,#1327));
#1319 = ORIENTED_EDGE('',*,*,#1283,.T.);
#1320 = ORIENTED_EDGE('',*,*,#1321,.T.);
#1321 = EDGE_CURVE('',#1284,#1304,#1322,.T.);
#1322 = LINE('',#1323,#1324);
#1323 = CARTESIAN_POINT('',(5.,-6.575,-4.6E-02));
#1324 = VECTOR('',#1325,1.);
#1325 = DIRECTION('',(0.,0.,1.));
#1326 = ORIENTED_EDGE('',*,*,#1303,.F.);
#1327 = ORIENTED_EDGE('',*,*,#1321,.F.);
#1328 = CYLINDRICAL_SURFACE('',#1329,1.575);
#1329 = AXIS2_PLACEMENT_3D('',#1330,#1331,#1332);
#1330 = CARTESIAN_POINT('',(5.,-5.,-4.6E-02));
#1331 = DIRECTION('',(-0.,-0.,-1.));
#1332 = DIRECTION('',(-0.,-1.,0.));
#1333 = MANIFOLD_SOLID_BREP('',#1334);
#1334 = CLOSED_SHELL('',(#1335,#1368,#1388,#1408));
#1335 = ADVANCED_FACE('',(#1336),#1363,.T.);
#1336 = FACE_BOUND('',#1337,.T.);
#1337 = EDGE_LOOP('',(#1338,#1348,#1355,#1356));
#1338 = ORIENTED_EDGE('',*,*,#1339,.T.);
#1339 = EDGE_CURVE('',#1340,#1342,#1344,.T.);
#1340 = VERTEX_POINT('',#1341);
#1341 = CARTESIAN_POINT('',(7.8,-5.,0.));
#1342 = VERTEX_POINT('',#1343);
#1343 = CARTESIAN_POINT('',(7.8,-5.,-4.E-02));
#1344 = LINE('',#1345,#1346);
#1345 = CARTESIAN_POINT('',(7.8,-5.,0.));
#1346 = VECTOR('',#1347,1.);
#1347 = DIRECTION('',(0.,0.,-1.));
#1348 = ORIENTED_EDGE('',*,*,#1349,.T.);
#1349 = EDGE_CURVE('',#1342,#1342,#1350,.T.);
#1350 = CIRCLE('',#1351,2.8);
#1351 = AXIS2_PLACEMENT_3D('',#1352,#1353,#1354);
#1352 = CARTESIAN_POINT('',(5.,-5.,-4.E-02));
#1353 = DIRECTION('',(0.,0.,1.));
#1354 = DIRECTION('',(1.,0.,-0.));
#1355 = ORIENTED_EDGE('',*,*,#1339,.F.);
#1356 = ORIENTED_EDGE('',*,*,#1357,.F.);
#1357 = EDGE_CURVE('',#1340,#1340,#1358,.T.);
#1358 = CIRCLE('',#1359,2.8);
#1359 = AXIS2_PLACEMENT_3D('',#1360,#1361,#1362);
#1360 = CARTESIAN_POINT('',(5.,-5.,0.));
#1361 = DIRECTION('',(0.,0.,1.));
#1362 = DIRECTION('',(1.,0.,-0.));
#1363 = CYLINDRICAL_SURFACE('',#1364,2.8);
#1364 = AXIS2_PLACEMENT_3D('',#1365,#1366,#1367);
#1365 = CARTESIAN_POINT('',(5.,-5.,0.));
#1366 = DIRECTION('',(0.,0.,1.));
#1367 = DIRECTION('',(1.,0.,-0.));
#1368 = ADVANCED_FACE('',(#1369,#1372),#1383,.F.);
#1369 = FACE_BOUND('',#1370,.F.);
#1370 = EDGE_LOOP('',(#1371));
#1371 = ORIENTED_EDGE('',*,*,#1357,.F.);
#1372 = FACE_BOUND('',#1373,.F.);
#1373 = EDGE_LOOP('',(#1374));
#1374 = ORIENTED_EDGE('',*,*,#1375,.F.);
#1375 = EDGE_CURVE('',#1376,#1376,#1378,.T.);
#1376 = VERTEX_POINT('',#1377);
#1377 = CARTESIAN_POINT('',(5.,-6.575,0.));
#1378 = CIRCLE('',#1379,1.575);
#1379 = AXIS2_PLACEMENT_3D('',#1380,#1381,#1382);
#1380 = CARTESIAN_POINT('',(5.,-5.,0.));
#1381 = DIRECTION('',(-0.,0.,-1.));
#1382 = DIRECTION('',(-0.,-1.,0.));
#1383 = PLANE('',#1384);
#1384 = AXIS2_PLACEMENT_3D('',#1385,#1386,#1387);
#1385 = CARTESIAN_POINT('',(0.,0.,0.));
#1386 = DIRECTION('',(-0.,-0.,-1.));
#1387 = DIRECTION('',(-1.,0.,0.));
#1388 = ADVANCED_FACE('',(#1389,#1392),#1403,.T.);
#1389 = FACE_BOUND('',#1390,.T.);
#1390 = EDGE_LOOP('',(#1391));
#1391 = ORIENTED_EDGE('',*,*,#1349,.F.);
#1392 = FACE_BOUND('',#1393,.T.);
#1393 = EDGE_LOOP('',(#1394));
#1394 = ORIENTED_EDGE('',*,*,#1395,.F.);
#1395 = EDGE_CURVE('',#1396,#1396,#1398,.T.);
#1396 = VERTEX_POINT('',#1397);
#1397 = CARTESIAN_POINT('',(5.,-6.575,-4.E-02));
#1398 = CIRCLE('',#1399,1.575);
#1399 = AXIS2_PLACEMENT_3D('',#1400,#1401,#1402);
#1400 = CARTESIAN_POINT('',(5.,-5.,-4.E-02));
#1401 = DIRECTION('',(-0.,0.,-1.));
#1402 = DIRECTION('',(-0.,-1.,0.));
#1403 = PLANE('',#1404);
#1404 = AXIS2_PLACEMENT_3D('',#1405,#1406,#1407);
#1405 = CARTESIAN_POINT('',(0.,0.,-4.E-02));
#1406 = DIRECTION('',(-0.,-0.,-1.));
#1407 = DIRECTION('',(-1.,0.,0.));
#1408 = ADVANCED_FACE('',(#1409),#1420,.F.);
#1409 = FACE_BOUND('',#1410,.T.);
#1410 = EDGE_LOOP('',(#1411,#1412,#1418,#1419));
#1411 = ORIENTED_EDGE('',*,*,#1395,.T.);
#1412 = ORIENTED_EDGE('',*,*,#1413,.T.);
#1413 = EDGE_CURVE('',#1396,#1376,#1414,.T.);
#1414 = LINE('',#1415,#1416);
#1415 = CARTESIAN_POINT('',(5.,-6.575,-4.6E-02));
#1416 = VECTOR('',#1417,1.);
#1417 = DIRECTION('',(0.,0.,1.));
#1418 = ORIENTED_EDGE('',*,*,#1375,.F.);
#1419 = ORIENTED_EDGE('',*,*,#1413,.F.);
#1420 = CYLINDRICAL_SURFACE('',#1421,1.575);
#1421 = AXIS2_PLACEMENT_3D('',#1422,#1423,#1424);
#1422 = CARTESIAN_POINT('',(5.,-5.,-4.6E-02));
#1423 = DIRECTION('',(-0.,-0.,-1.));
#1424 = DIRECTION('',(-0.,-1.,0.));
#1425 = MANIFOLD_SOLID_BREP('',#1426);
#1426 = CLOSED_SHELL('',(#1427,#1460,#1480,#1500));
#1427 = ADVANCED_FACE('',(#1428),#1455,.T.);
#1428 = FACE_BOUND('',#1429,.F.);
#1429 = EDGE_LOOP('',(#1430,#1440,#1447,#1448));
#1430 = ORIENTED_EDGE('',*,*,#1431,.T.);
#1431 = EDGE_CURVE('',#1432,#1434,#1436,.T.);
#1432 = VERTEX_POINT('',#1433);
#1433 = CARTESIAN_POINT('',(76.8,-5.,1.51));
#1434 = VERTEX_POINT('',#1435);
#1435 = CARTESIAN_POINT('',(76.8,-5.,1.55));
#1436 = LINE('',#1437,#1438);
#1437 = CARTESIAN_POINT('',(76.8,-5.,1.51));
#1438 = VECTOR('',#1439,1.);
#1439 = DIRECTION('',(0.,0.,1.));
#1440 = ORIENTED_EDGE('',*,*,#1441,.T.);
#1441 = EDGE_CURVE('',#1434,#1434,#1442,.T.);
#1442 = CIRCLE('',#1443,1.8);
#1443 = AXIS2_PLACEMENT_3D('',#1444,#1445,#1446);
#1444 = CARTESIAN_POINT('',(75.,-5.,1.55));
#1445 = DIRECTION('',(0.,0.,1.));
#1446 = DIRECTION('',(1.,0.,-0.));
#1447 = ORIENTED_EDGE('',*,*,#1431,.F.);
#1448 = ORIENTED_EDGE('',*,*,#1449,.F.);
#1449 = EDGE_CURVE('',#1432,#1432,#1450,.T.);
#1450 = CIRCLE('',#1451,1.8);
#1451 = AXIS2_PLACEMENT_3D('',#1452,#1453,#1454);
#1452 = CARTESIAN_POINT('',(75.,-5.,1.51));
#1453 = DIRECTION('',(0.,0.,1.));
#1454 = DIRECTION('',(1.,0.,-0.));
#1455 = CYLINDRICAL_SURFACE('',#1456,1.8);
#1456 = AXIS2_PLACEMENT_3D('',#1457,#1458,#1459);
#1457 = CARTESIAN_POINT('',(75.,-5.,1.51));
#1458 = DIRECTION('',(-0.,-0.,-1.));
#1459 = DIRECTION('',(1.,0.,-0.));
#1460 = ADVANCED_FACE('',(#1461,#1464),#1475,.F.);
#1461 = FACE_BOUND('',#1462,.F.);
#1462 = EDGE_LOOP('',(#1463));
#1463 = ORIENTED_EDGE('',*,*,#1449,.T.);
#1464 = FACE_BOUND('',#1465,.F.);
#1465 = EDGE_LOOP('',(#1466));
#1466 = ORIENTED_EDGE('',*,*,#1467,.T.);
#1467 = EDGE_CURVE('',#1468,#1468,#1470,.T.);
#1468 = VERTEX_POINT('',#1469);
#1469 = CARTESIAN_POINT('',(75.,-6.575,1.51));
#1470 = CIRCLE('',#1471,1.575);
#1471 = AXIS2_PLACEMENT_3D('',#1472,#1473,#1474);
#1472 = CARTESIAN_POINT('',(75.,-5.,1.51));
#1473 = DIRECTION('',(-0.,0.,-1.));
#1474 = DIRECTION('',(-0.,-1.,0.));
#1475 = PLANE('',#1476);
#1476 = AXIS2_PLACEMENT_3D('',#1477,#1478,#1479);
#1477 = CARTESIAN_POINT('',(0.,0.,1.51));
#1478 = DIRECTION('',(0.,0.,1.));
#1479 = DIRECTION('',(1.,0.,-0.));
#1480 = ADVANCED_FACE('',(#1481,#1484),#1495,.T.);
#1481 = FACE_BOUND('',#1482,.T.);
#1482 = EDGE_LOOP('',(#1483));
#1483 = ORIENTED_EDGE('',*,*,#1441,.T.);
#1484 = FACE_BOUND('',#1485,.T.);
#1485 = EDGE_LOOP('',(#1486));
#1486 = ORIENTED_EDGE('',*,*,#1487,.T.);
#1487 = EDGE_CURVE('',#1488,#1488,#1490,.T.);
#1488 = VERTEX_POINT('',#1489);
#1489 = CARTESIAN_POINT('',(75.,-6.575,1.55));
#1490 = CIRCLE('',#1491,1.575);
#1491 = AXIS2_PLACEMENT_3D('',#1492,#1493,#1494);
#1492 = CARTESIAN_POINT('',(75.,-5.,1.55));
#1493 = DIRECTION('',(-0.,0.,-1.));
#1494 = DIRECTION('',(-0.,-1.,0.));
#1495 = PLANE('',#1496);
#1496 = AXIS2_PLACEMENT_3D('',#1497,#1498,#1499);
#1497 = CARTESIAN_POINT('',(0.,0.,1.55));
#1498 = DIRECTION('',(0.,0.,1.));
#1499 = DIRECTION('',(1.,0.,-0.));
#1500 = ADVANCED_FACE('',(#1501),#1512,.F.);
#1501 = FACE_BOUND('',#1502,.T.);
#1502 = EDGE_LOOP('',(#1503,#1504,#1510,#1511));
#1503 = ORIENTED_EDGE('',*,*,#1467,.T.);
#1504 = ORIENTED_EDGE('',*,*,#1505,.T.);
#1505 = EDGE_CURVE('',#1468,#1488,#1506,.T.);
#1506 = LINE('',#1507,#1508);
#1507 = CARTESIAN_POINT('',(75.,-6.575,-4.6E-02));
#1508 = VECTOR('',#1509,1.);
#1509 = DIRECTION('',(0.,0.,1.));
#1510 = ORIENTED_EDGE('',*,*,#1487,.F.);
#1511 = ORIENTED_EDGE('',*,*,#1505,.F.);
#1512 = CYLINDRICAL_SURFACE('',#1513,1.575);
#1513 = AXIS2_PLACEMENT_3D('',#1514,#1515,#1516);
#1514 = CARTESIAN_POINT('',(75.,-5.,-4.6E-02));
#1515 = DIRECTION('',(-0.,-0.,-1.));
#1516 = DIRECTION('',(-0.,-1.,0.));
#1517 = MANIFOLD_SOLID_BREP('',#1518);
#1518 = CLOSED_SHELL('',(#1519,#1552,#1572,#1592));
#1519 = ADVANCED_FACE('',(#1520),#1547,.T.);
#1520 = FACE_BOUND('',#1521,.T.);
#1521 = EDGE_LOOP('',(#1522,#1532,#1539,#1540));
#1522 = ORIENTED_EDGE('',*,*,#1523,.T.);
#1523 = EDGE_CURVE('',#1524,#1526,#1528,.T.);
#1524 = VERTEX_POINT('',#1525);
#1525 = CARTESIAN_POINT('',(76.8,-5.,0.));
#1526 = VERTEX_POINT('',#1527);
#1527 = CARTESIAN_POINT('',(76.8,-5.,-4.E-02));
#1528 = LINE('',#1529,#1530);
#1529 = CARTESIAN_POINT('',(76.8,-5.,0.));
#1530 = VECTOR('',#1531,1.);
#1531 = DIRECTION('',(0.,0.,-1.));
#1532 = ORIENTED_EDGE('',*,*,#1533,.T.);
#1533 = EDGE_CURVE('',#1526,#1526,#1534,.T.);
#1534 = CIRCLE('',#1535,1.8);
#1535 = AXIS2_PLACEMENT_3D('',#1536,#1537,#1538);
#1536 = CARTESIAN_POINT('',(75.,-5.,-4.E-02));
#1537 = DIRECTION('',(0.,0.,1.));
#1538 = DIRECTION('',(1.,0.,-0.));
#1539 = ORIENTED_EDGE('',*,*,#1523,.F.);
#1540 = ORIENTED_EDGE('',*,*,#1541,.F.);
#1541 = EDGE_CURVE('',#1524,#1524,#1542,.T.);
#1542 = CIRCLE('',#1543,1.8);
#1543 = AXIS2_PLACEMENT_3D('',#1544,#1545,#1546);
#1544 = CARTESIAN_POINT('',(75.,-5.,0.));
#1545 = DIRECTION('',(0.,0.,1.));
#1546 = DIRECTION('',(1.,0.,-0.));
#1547 = CYLINDRICAL_SURFACE('',#1548,1.8);
#1548 = AXIS2_PLACEMENT_3D('',#1549,#1550,#1551);
#1549 = CARTESIAN_POINT('',(75.,-5.,0.));
#1550 = DIRECTION('',(0.,0.,1.));
#1551 = DIRECTION('',(1.,0.,-0.));
#1552 = ADVANCED_FACE('',(#1553,#1556),#1567,.F.);
#1553 = FACE_BOUND('',#1554,.F.);
#1554 = EDGE_LOOP('',(#1555));
#1555 = ORIENTED_EDGE('',*,*,#1541,.F.);
#1556 = FACE_BOUND('',#1557,.F.);
#1557 = EDGE_LOOP('',(#1558));
#1558 = ORIENTED_EDGE('',*,*,#1559,.F.);
#1559 = EDGE_CURVE('',#1560,#1560,#1562,.T.);
#1560 = VERTEX_POINT('',#1561);
#1561 = CARTESIAN_POINT('',(75.,-6.575,0.));
#1562 = CIRCLE('',#1563,1.575);
#1563 = AXIS2_PLACEMENT_3D('',#1564,#1565,#1566);
#1564 = CARTESIAN_POINT('',(75.,-5.,0.));
#1565 = DIRECTION('',(-0.,0.,-1.));
#1566 = DIRECTION('',(-0.,-1.,0.));
#1567 = PLANE('',#1568);
#1568 = AXIS2_PLACEMENT_3D('',#1569,#1570,#1571);
#1569 = CARTESIAN_POINT('',(0.,0.,0.));
#1570 = DIRECTION('',(-0.,-0.,-1.));
#1571 = DIRECTION('',(-1.,0.,0.));
#1572 = ADVANCED_FACE('',(#1573,#1576),#1587,.T.);
#1573 = FACE_BOUND('',#1574,.T.);
#1574 = EDGE_LOOP('',(#1575));
#1575 = ORIENTED_EDGE('',*,*,#1533,.F.);
#1576 = FACE_BOUND('',#1577,.T.);
#1577 = EDGE_LOOP('',(#1578));
#1578 = ORIENTED_EDGE('',*,*,#1579,.F.);
#1579 = EDGE_CURVE('',#1580,#1580,#1582,.T.);
#1580 = VERTEX_POINT('',#1581);
#1581 = CARTESIAN_POINT('',(75.,-6.575,-4.E-02));
#1582 = CIRCLE('',#1583,1.575);
#1583 = AXIS2_PLACEMENT_3D('',#1584,#1585,#1586);
#1584 = CARTESIAN_POINT('',(75.,-5.,-4.E-02));
#1585 = DIRECTION('',(-0.,0.,-1.));
#1586 = DIRECTION('',(-0.,-1.,0.));
#1587 = PLANE('',#1588);
#1588 = AXIS2_PLACEMENT_3D('',#1589,#1590,#1591);
#1589 = CARTESIAN_POINT('',(0.,0.,-4.E-02));
#1590 = DIRECTION('',(-0.,-0.,-1.));
#1591 = DIRECTION('',(-1.,0.,0.));
#1592 = ADVANCED_FACE('',(#1593),#1604,.F.);
#1593 = FACE_BOUND('',#1594,.T.);
#1594 = EDGE_LOOP('',(#1595,#1596,#1602,#1603));
#1595 = ORIENTED_EDGE('',*,*,#1579,.T.);
#1596 = ORIENTED_EDGE('',*,*,#1597,.T.);
#1597 = EDGE_CURVE('',#1580,#1560,#1598,.T.);
#1598 = LINE('',#1599,#1600);
#1599 = CARTESIAN_POINT('',(75.,-6.575,-4.6E-02));
#1600 = VECTOR('',#1601,1.);
#1601 = DIRECTION('',(0.,0.,1.));
#1602 = ORIENTED_EDGE('',*,*,#1559,.F.);
#1603 = ORIENTED_EDGE('',*,*,#1597,.F.);
#1604 = CYLINDRICAL_SURFACE('',#1605,1.575);
#1605 = AXIS2_PLACEMENT_3D('',#1606,#1607,#1608);
#1606 = CARTESIAN_POINT('',(75.,-5.,-4.6E-02));
#1607 = DIRECTION('',(-0.,-0.,-1.));
#1608 = DIRECTION('',(-0.,-1.,0.));
#1609 = MANIFOLD_SOLID_BREP('',#1610);
#1610 = CLOSED_SHELL('',(#1611,#1644,#1664,#1684));
#1611 = ADVANCED_FACE('',(#1612),#1639,.T.);
#1612 = FACE_BOUND('',#1613,.F.);
#1613 = EDGE_LOOP('',(#1614,#1624,#1631,#1632));
#1614 = ORIENTED_EDGE('',*,*,#1615,.T.);
#1615 = EDGE_CURVE('',#1616,#1618,#1620,.T.);
#1616 = VERTEX_POINT('',#1617);
#1617 = CARTESIAN_POINT('',(75.,-6.6,-3.5E-02));
#1618 = VERTEX_POINT('',#1619);
#1619 = CARTESIAN_POINT('',(75.,-6.6,1.545));
#1620 = LINE('',#1621,#1622);
#1621 = CARTESIAN_POINT('',(75.,-6.6,-3.5E-02));
#1622 = VECTOR('',#1623,1.);
#1623 = DIRECTION('',(0.,0.,1.));
#1624 = ORIENTED_EDGE('',*,*,#1625,.T.);
#1625 = EDGE_CURVE('',#1618,#1618,#1626,.T.);
#1626 = CIRCLE('',#1627,1.6);
#1627 = AXIS2_PLACEMENT_3D('',#1628,#1629,#1630);
#1628 = CARTESIAN_POINT('',(75.,-5.,1.545));
#1629 = DIRECTION('',(0.,0.,1.));
#1630 = DIRECTION('',(-0.,-1.,0.));
#1631 = ORIENTED_EDGE('',*,*,#1615,.F.);
#1632 = ORIENTED_EDGE('',*,*,#1633,.F.);
#1633 = EDGE_CURVE('',#1616,#1616,#1634,.T.);
#1634 = CIRCLE('',#1635,1.6);
#1635 = AXIS2_PLACEMENT_3D('',#1636,#1637,#1638);
#1636 = CARTESIAN_POINT('',(75.,-5.,-3.5E-02));
#1637 = DIRECTION('',(0.,0.,1.));
#1638 = DIRECTION('',(-0.,-1.,0.));
#1639 = CYLINDRICAL_SURFACE('',#1640,1.6);
#1640 = AXIS2_PLACEMENT_3D('',#1641,#1642,#1643);
#1641 = CARTESIAN_POINT('',(75.,-5.,-3.5E-02));
#1642 = DIRECTION('',(-0.,-0.,-1.));
#1643 = DIRECTION('',(-0.,-1.,0.));
#1644 = ADVANCED_FACE('',(#1645,#1648),#1659,.F.);
#1645 = FACE_BOUND('',#1646,.F.);
#1646 = EDGE_LOOP('',(#1647));
#1647 = ORIENTED_EDGE('',*,*,#1633,.T.);
#1648 = FACE_BOUND('',#1649,.F.);
#1649 = EDGE_LOOP('',(#1650));
#1650 = ORIENTED_EDGE('',*,*,#1651,.T.);
#1651 = EDGE_CURVE('',#1652,#1652,#1654,.T.);
#1652 = VERTEX_POINT('',#1653);
#1653 = CARTESIAN_POINT('',(75.,-6.575,-3.5E-02));
#1654 = CIRCLE('',#1655,1.575);
#1655 = AXIS2_PLACEMENT_3D('',#1656,#1657,#1658);
#1656 = CARTESIAN_POINT('',(75.,-5.,-3.5E-02));
#1657 = DIRECTION('',(-0.,0.,-1.));
#1658 = DIRECTION('',(-0.,-1.,0.));
#1659 = PLANE('',#1660);
#1660 = AXIS2_PLACEMENT_3D('',#1661,#1662,#1663);
#1661 = CARTESIAN_POINT('',(75.,-6.6,-3.5E-02));
#1662 = DIRECTION('',(0.,0.,1.));
#1663 = DIRECTION('',(1.,0.,-0.));
#1664 = ADVANCED_FACE('',(#1665,#1668),#1679,.T.);
#1665 = FACE_BOUND('',#1666,.T.);
#1666 = EDGE_LOOP('',(#1667));
#1667 = ORIENTED_EDGE('',*,*,#1625,.T.);
#1668 = FACE_BOUND('',#1669,.T.);
#1669 = EDGE_LOOP('',(#1670));
#1670 = ORIENTED_EDGE('',*,*,#1671,.T.);
#1671 = EDGE_CURVE('',#1672,#1672,#1674,.T.);
#1672 = VERTEX_POINT('',#1673);
#1673 = CARTESIAN_POINT('',(75.,-6.575,1.545));
#1674 = CIRCLE('',#1675,1.575);
#1675 = AXIS2_PLACEMENT_3D('',#1676,#1677,#1678);
#1676 = CARTESIAN_POINT('',(75.,-5.,1.545));
#1677 = DIRECTION('',(-0.,0.,-1.));
#1678 = DIRECTION('',(-0.,-1.,0.));
#1679 = PLANE('',#1680);
#1680 = AXIS2_PLACEMENT_3D('',#1681,#1682,#1683);
#1681 = CARTESIAN_POINT('',(75.,-6.6,1.545));
#1682 = DIRECTION('',(0.,0.,1.));
#1683 = DIRECTION('',(1.,0.,-0.));
#1684 = ADVANCED_FACE('',(#1685),#1696,.F.);
#1685 = FACE_BOUND('',#1686,.T.);
#1686 = EDGE_LOOP('',(#1687,#1688,#1694,#1695));
#1687 = ORIENTED_EDGE('',*,*,#1651,.T.);
#1688 = ORIENTED_EDGE('',*,*,#1689,.T.);
#1689 = EDGE_CURVE('',#1652,#1672,#1690,.T.);
#1690 = LINE('',#1691,#1692);
#1691 = CARTESIAN_POINT('',(75.,-6.575,-4.6E-02));
#1692 = VECTOR('',#1693,1.);
#1693 = DIRECTION('',(0.,0.,1.));
#1694 = ORIENTED_EDGE('',*,*,#1671,.F.);
#1695 = ORIENTED_EDGE('',*,*,#1689,.F.);
#1696 = CYLINDRICAL_SURFACE('',#1697,1.575);
#1697 = AXIS2_PLACEMENT_3D('',#1698,#1699,#1700);
#1698 = CARTESIAN_POINT('',(75.,-5.,-4.6E-02));
#1699 = DIRECTION('',(-0.,-0.,-1.));
#1700 = DIRECTION('',(-0.,-1.,0.));
#1701 = MANIFOLD_SOLID_BREP('',#1702);
#1702 = CLOSED_SHELL('',(#1703,#1736,#1756,#1776));
#1703 = ADVANCED_FACE('',(#1704),#1731,.T.);
#1704 = FACE_BOUND('',#1705,.F.);
#1705 = EDGE_LOOP('',(#1706,#1716,#1723,#1724));
#1706 = ORIENTED_EDGE('',*,*,#1707,.T.);
#1707 = EDGE_CURVE('',#1708,#1710,#1712,.T.);
#1708 = VERTEX_POINT('',#1709);
#1709 = CARTESIAN_POINT('',(77.8,-5.,1.51));
#1710 = VERTEX_POINT('',#1711);
#1711 = CARTESIAN_POINT('',(77.8,-5.,1.55));
#1712 = LINE('',#1713,#1714);
#1713 = CARTESIAN_POINT('',(77.8,-5.,1.51));
#1714 = VECTOR('',#1715,1.);
#1715 = DIRECTION('',(0.,0.,1.));
#1716 = ORIENTED_EDGE('',*,*,#1717,.T.);
#1717 = EDGE_CURVE('',#1710,#1710,#1718,.T.);
#1718 = CIRCLE('',#1719,2.8);
#1719 = AXIS2_PLACEMENT_3D('',#1720,#1721,#1722);
#1720 = CARTESIAN_POINT('',(75.,-5.,1.55));
#1721 = DIRECTION('',(0.,0.,1.));
#1722 = DIRECTION('',(1.,0.,-0.));
#1723 = ORIENTED_EDGE('',*,*,#1707,.F.);
#1724 = ORIENTED_EDGE('',*,*,#1725,.F.);
#1725 = EDGE_CURVE('',#1708,#1708,#1726,.T.);
#1726 = CIRCLE('',#1727,2.8);
#1727 = AXIS2_PLACEMENT_3D('',#1728,#1729,#1730);
#1728 = CARTESIAN_POINT('',(75.,-5.,1.51));
#1729 = DIRECTION('',(0.,0.,1.));
#1730 = DIRECTION('',(1.,0.,-0.));
#1731 = CYLINDRICAL_SURFACE('',#1732,2.8);
#1732 = AXIS2_PLACEMENT_3D('',#1733,#1734,#1735);
#1733 = CARTESIAN_POINT('',(75.,-5.,1.51));
#1734 = DIRECTION('',(-0.,-0.,-1.));
#1735 = DIRECTION('',(1.,0.,-0.));
#1736 = ADVANCED_FACE('',(#1737,#1740),#1751,.F.);
#1737 = FACE_BOUND('',#1738,.F.);
#1738 = EDGE_LOOP('',(#1739));
#1739 = ORIENTED_EDGE('',*,*,#1725,.T.);
#1740 = FACE_BOUND('',#1741,.F.);
#1741 = EDGE_LOOP('',(#1742));
#1742 = ORIENTED_EDGE('',*,*,#1743,.T.);
#1743 = EDGE_CURVE('',#1744,#1744,#1746,.T.);
#1744 = VERTEX_POINT('',#1745);
#1745 = CARTESIAN_POINT('',(75.,-6.575,1.51));
#1746 = CIRCLE('',#1747,1.575);
#1747 = AXIS2_PLACEMENT_3D('',#1748,#1749,#1750);
#1748 = CARTESIAN_POINT('',(75.,-5.,1.51));
#1749 = DIRECTION('',(-0.,0.,-1.));
#1750 = DIRECTION('',(-0.,-1.,0.));
#1751 = PLANE('',#1752);
#1752 = AXIS2_PLACEMENT_3D('',#1753,#1754,#1755);
#1753 = CARTESIAN_POINT('',(0.,0.,1.51));
#1754 = DIRECTION('',(0.,0.,1.));
#1755 = DIRECTION('',(1.,0.,-0.));
#1756 = ADVANCED_FACE('',(#1757,#1760),#1771,.T.);
#1757 = FACE_BOUND('',#1758,.T.);
#1758 = EDGE_LOOP('',(#1759));
#1759 = ORIENTED_EDGE('',*,*,#1717,.T.);
#1760 = FACE_BOUND('',#1761,.T.);
#1761 = EDGE_LOOP('',(#1762));
#1762 = ORIENTED_EDGE('',*,*,#1763,.T.);
#1763 = EDGE_CURVE('',#1764,#1764,#1766,.T.);
#1764 = VERTEX_POINT('',#1765);
#1765 = CARTESIAN_POINT('',(75.,-6.575,1.55));
#1766 = CIRCLE('',#1767,1.575);
#1767 = AXIS2_PLACEMENT_3D('',#1768,#1769,#1770);
#1768 = CARTESIAN_POINT('',(75.,-5.,1.55));
#1769 = DIRECTION('',(-0.,0.,-1.));
#1770 = DIRECTION('',(-0.,-1.,0.));
#1771 = PLANE('',#1772);
#1772 = AXIS2_PLACEMENT_3D('',#1773,#1774,#1775);
#1773 = CARTESIAN_POINT('',(0.,0.,1.55));
#1774 = DIRECTION('',(0.,0.,1.));
#1775 = DIRECTION('',(1.,0.,-0.));
#1776 = ADVANCED_FACE('',(#1777),#1788,.F.);
#1777 = FACE_BOUND('',#1778,.T.);
#1778 = EDGE_LOOP('',(#1779,#1780,#1786,#1787));
#1779 = ORIENTED_EDGE('',*,*,#1743,.T.);
#1780 = ORIENTED_EDGE('',*,*,#1781,.T.);
#1781 = EDGE_CURVE('',#1744,#1764,#1782,.T.);
#1782 = LINE('',#1783,#1784);
#1783 = CARTESIAN_POINT('',(75.,-6.575,-4.6E-02));
#1784 = VECTOR('',#1785,1.);
#1785 = DIRECTION('',(0.,0.,1.));
#1786 = ORIENTED_EDGE('',*,*,#1763,.F.);
#1787 = ORIENTED_EDGE('',*,*,#1781,.F.);
#1788 = CYLINDRICAL_SURFACE('',#1789,1.575);
#1789 = AXIS2_PLACEMENT_3D('',#1790,#1791,#1792);
#1790 = CARTESIAN_POINT('',(75.,-5.,-4.6E-02));
#1791 = DIRECTION('',(-0.,-0.,-1.));
#1792 = DIRECTION('',(-0.,-1.,0.));
#1793 = MANIFOLD_SOLID_BREP('',#1794);
#1794 = CLOSED_SHELL('',(#1795,#1828,#1848,#1868));
#1795 = ADVANCED_FACE('',(#1796),#1823,.T.);
#1796 = FACE_BOUND('',#1797,.T.);
#1797 = EDGE_LOOP('',(#1798,#1808,#1815,#1816));
#1798 = ORIENTED_EDGE('',*,*,#1799,.T.);
#1799 = EDGE_CURVE('',#1800,#1802,#1804,.T.);
#1800 = VERTEX_POINT('',#1801);
#1801 = CARTESIAN_POINT('',(77.8,-5.,0.));
#1802 = VERTEX_POINT('',#1803);
#1803 = CARTESIAN_POINT('',(77.8,-5.,-4.E-02));
#1804 = LINE('',#1805,#1806);
#1805 = CARTESIAN_POINT('',(77.8,-5.,0.));
#1806 = VECTOR('',#1807,1.);
#1807 = DIRECTION('',(0.,0.,-1.));
#1808 = ORIENTED_EDGE('',*,*,#1809,.T.);
#1809 = EDGE_CURVE('',#1802,#1802,#1810,.T.);
#1810 = CIRCLE('',#1811,2.8);
#1811 = AXIS2_PLACEMENT_3D('',#1812,#1813,#1814);
#1812 = CARTESIAN_POINT('',(75.,-5.,-4.E-02));
#1813 = DIRECTION('',(0.,0.,1.));
#1814 = DIRECTION('',(1.,0.,-0.));
#1815 = ORIENTED_EDGE('',*,*,#1799,.F.);
#1816 = ORIENTED_EDGE('',*,*,#1817,.F.);
#1817 = EDGE_CURVE('',#1800,#1800,#1818,.T.);
#1818 = CIRCLE('',#1819,2.8);
#1819 = AXIS2_PLACEMENT_3D('',#1820,#1821,#1822);
#1820 = CARTESIAN_POINT('',(75.,-5.,0.));
#1821 = DIRECTION('',(0.,0.,1.));
#1822 = DIRECTION('',(1.,0.,-0.));
#1823 = CYLINDRICAL_SURFACE('',#1824,2.8);
#1824 = AXIS2_PLACEMENT_3D('',#1825,#1826,#1827);
#1825 = CARTESIAN_POINT('',(75.,-5.,0.));
#1826 = DIRECTION('',(0.,0.,1.));
#1827 = DIRECTION('',(1.,0.,-0.));
#1828 = ADVANCED_FACE('',(#1829,#1832),#1843,.F.);
#1829 = FACE_BOUND('',#1830,.F.);
#1830 = EDGE_LOOP('',(#1831));
#1831 = ORIENTED_EDGE('',*,*,#1817,.F.);
#1832 = FACE_BOUND('',#1833,.F.);
#1833 = EDGE_LOOP('',(#1834));
#1834 = ORIENTED_EDGE('',*,*,#1835,.F.);
#1835 = EDGE_CURVE('',#1836,#1836,#1838,.T.);
#1836 = VERTEX_POINT('',#1837);
#1837 = CARTESIAN_POINT('',(75.,-6.575,0.));
#1838 = CIRCLE('',#1839,1.575);
#1839 = AXIS2_PLACEMENT_3D('',#1840,#1841,#1842);
#1840 = CARTESIAN_POINT('',(75.,-5.,0.));
#1841 = DIRECTION('',(-0.,0.,-1.));
#1842 = DIRECTION('',(-0.,-1.,0.));
#1843 = PLANE('',#1844);
#1844 = AXIS2_PLACEMENT_3D('',#1845,#1846,#1847);
#1845 = CARTESIAN_POINT('',(0.,0.,0.));
#1846 = DIRECTION('',(-0.,-0.,-1.));
#1847 = DIRECTION('',(-1.,0.,0.));
#1848 = ADVANCED_FACE('',(#1849,#1852),#1863,.T.);
#1849 = FACE_BOUND('',#1850,.T.);
#1850 = EDGE_LOOP('',(#1851));
#1851 = ORIENTED_EDGE('',*,*,#1809,.F.);
#1852 = FACE_BOUND('',#1853,.T.);
#1853 = EDGE_LOOP('',(#1854));
#1854 = ORIENTED_EDGE('',*,*,#1855,.F.);
#1855 = EDGE_CURVE('',#1856,#1856,#1858,.T.);
#1856 = VERTEX_POINT('',#1857);
#1857 = CARTESIAN_POINT('',(75.,-6.575,-4.E-02));
#1858 = CIRCLE('',#1859,1.575);
#1859 = AXIS2_PLACEMENT_3D('',#1860,#1861,#1862);
#1860 = CARTESIAN_POINT('',(75.,-5.,-4.E-02));
#1861 = DIRECTION('',(-0.,0.,-1.));
#1862 = DIRECTION('',(-0.,-1.,0.));
#1863 = PLANE('',#1864);
#1864 = AXIS2_PLACEMENT_3D('',#1865,#1866,#1867);
#1865 = CARTESIAN_POINT('',(0.,0.,-4.E-02));
#1866 = DIRECTION('',(-0.,-0.,-1.));
#1867 = DIRECTION('',(-1.,0.,0.));
#1868 = ADVANCED_FACE('',(#1869),#1880,.F.);
#1869 = FACE_BOUND('',#1870,.T.);
#1870 = EDGE_LOOP('',(#1871,#1872,#1878,#1879));
#1871 = ORIENTED_EDGE('',*,*,#1855,.T.);
#1872 = ORIENTED_EDGE('',*,*,#1873,.T.);
#1873 = EDGE_CURVE('',#1856,#1836,#1874,.T.);
#1874 = LINE('',#1875,#1876);
#1875 = CARTESIAN_POINT('',(75.,-6.575,-4.6E-02));
#1876 = VECTOR('',#1877,1.);
#1877 = DIRECTION('',(0.,0.,1.));
#1878 = ORIENTED_EDGE('',*,*,#1835,.F.);
#1879 = ORIENTED_EDGE('',*,*,#1873,.F.);
#1880 = CYLINDRICAL_SURFACE('',#1881,1.575);
#1881 = AXIS2_PLACEMENT_3D('',#1882,#1883,#1884);
#1882 = CARTESIAN_POINT('',(75.,-5.,-4.6E-02));
#1883 = DIRECTION('',(-0.,-0.,-1.));
#1884 = DIRECTION('',(-0.,-1.,0.));
#1885 = MANIFOLD_SOLID_BREP('',#1886);
#1886 = CLOSED_SHELL('',(#1887,#1920,#1940,#1960));
#1887 = ADVANCED_FACE('',(#1888),#1915,.T.);
#1888 = FACE_BOUND('',#1889,.F.);
#1889 = EDGE_LOOP('',(#1890,#1900,#1907,#1908));
#1890 = ORIENTED_EDGE('',*,*,#1891,.T.);
#1891 = EDGE_CURVE('',#1892,#1894,#1896,.T.);
#1892 = VERTEX_POINT('',#1893);
#1893 = CARTESIAN_POINT('',(41.8,-95.,1.51));
#1894 = VERTEX_POINT('',#1895);
#1895 = CARTESIAN_POINT('',(41.8,-95.,1.55));
#1896 = LINE('',#1897,#1898);
#1897 = CARTESIAN_POINT('',(41.8,-95.,1.51));
#1898 = VECTOR('',#1899,1.);
#1899 = DIRECTION('',(0.,0.,1.));
#1900 = ORIENTED_EDGE('',*,*,#1901,.T.);
#1901 = EDGE_CURVE('',#1894,#1894,#1902,.T.);
#1902 = CIRCLE('',#1903,1.8);
#1903 = AXIS2_PLACEMENT_3D('',#1904,#1905,#1906);
#1904 = CARTESIAN_POINT('',(40.,-95.,1.55));
#1905 = DIRECTION('',(0.,0.,1.));
#1906 = DIRECTION('',(1.,0.,-0.));
#1907 = ORIENTED_EDGE('',*,*,#1891,.F.);
#1908 = ORIENTED_EDGE('',*,*,#1909,.F.);
#1909 = EDGE_CURVE('',#1892,#1892,#1910,.T.);
#1910 = CIRCLE('',#1911,1.8);
#1911 = AXIS2_PLACEMENT_3D('',#1912,#1913,#1914);
#1912 = CARTESIAN_POINT('',(40.,-95.,1.51));
#1913 = DIRECTION('',(0.,0.,1.));
#1914 = DIRECTION('',(1.,0.,-0.));
#1915 = CYLINDRICAL_SURFACE('',#1916,1.8);
#1916 = AXIS2_PLACEMENT_3D('',#1917,#1918,#1919);
#1917 = CARTESIAN_POINT('',(40.,-95.,1.51));
#1918 = DIRECTION('',(-0.,-0.,-1.));
#1919 = DIRECTION('',(1.,0.,-0.));
#1920 = ADVANCED_FACE('',(#1921,#1924),#1935,.F.);
#1921 = FACE_BOUND('',#1922,.F.);
#1922 = EDGE_LOOP('',(#1923));
#1923 = ORIENTED_EDGE('',*,*,#1909,.T.);
#1924 = FACE_BOUND('',#1925,.F.);
#1925 = EDGE_LOOP('',(#1926));
#1926 = ORIENTED_EDGE('',*,*,#1927,.T.);
#1927 = EDGE_CURVE('',#1928,#1928,#1930,.T.);
#1928 = VERTEX_POINT('',#1929);
#1929 = CARTESIAN_POINT('',(40.,-96.575,1.51));
#1930 = CIRCLE('',#1931,1.575);
#1931 = AXIS2_PLACEMENT_3D('',#1932,#1933,#1934);
#1932 = CARTESIAN_POINT('',(40.,-95.,1.51));
#1933 = DIRECTION('',(-0.,0.,-1.));
#1934 = DIRECTION('',(-0.,-1.,0.));
#1935 = PLANE('',#1936);
#1936 = AXIS2_PLACEMENT_3D('',#1937,#1938,#1939);
#1937 = CARTESIAN_POINT('',(0.,0.,1.51));
#1938 = DIRECTION('',(0.,0.,1.));
#1939 = DIRECTION('',(1.,0.,-0.));
#1940 = ADVANCED_FACE('',(#1941,#1944),#1955,.T.);
#1941 = FACE_BOUND('',#1942,.T.);
#1942 = EDGE_LOOP('',(#1943));
#1943 = ORIENTED_EDGE('',*,*,#1901,.T.);
#1944 = FACE_BOUND('',#1945,.T.);
#1945 = EDGE_LOOP('',(#1946));
#1946 = ORIENTED_EDGE('',*,*,#1947,.T.);
#1947 = EDGE_CURVE('',#1948,#1948,#1950,.T.);
#1948 = VERTEX_POINT('',#1949);
#1949 = CARTESIAN_POINT('',(40.,-96.575,1.55));
#1950 = CIRCLE('',#1951,1.575);
#1951 = AXIS2_PLACEMENT_3D('',#1952,#1953,#1954);
#1952 = CARTESIAN_POINT('',(40.,-95.,1.55));
#1953 = DIRECTION('',(-0.,0.,-1.));
#1954 = DIRECTION('',(-0.,-1.,0.));
#1955 = PLANE('',#1956);
#1956 = AXIS2_PLACEMENT_3D('',#1957,#1958,#1959);
#1957 = CARTESIAN_POINT('',(0.,0.,1.55));
#1958 = DIRECTION('',(0.,0.,1.));
#1959 = DIRECTION('',(1.,0.,-0.));
#1960 = ADVANCED_FACE('',(#1961),#1972,.F.);
#1961 = FACE_BOUND('',#1962,.T.);
#1962 = EDGE_LOOP('',(#1963,#1964,#1970,#1971));
#1963 = ORIENTED_EDGE('',*,*,#1927,.T.);
#1964 = ORIENTED_EDGE('',*,*,#1965,.T.);
#1965 = EDGE_CURVE('',#1928,#1948,#1966,.T.);
#1966 = LINE('',#1967,#1968);
#1967 = CARTESIAN_POINT('',(40.,-96.575,-4.6E-02));
#1968 = VECTOR('',#1969,1.);
#1969 = DIRECTION('',(0.,0.,1.));
#1970 = ORIENTED_EDGE('',*,*,#1947,.F.);
#1971 = ORIENTED_EDGE('',*,*,#1965,.F.);
#1972 = CYLINDRICAL_SURFACE('',#1973,1.575);
#1973 = AXIS2_PLACEMENT_3D('',#1974,#1975,#1976);
#1974 = CARTESIAN_POINT('',(40.,-95.,-4.6E-02));
#1975 = DIRECTION('',(-0.,-0.,-1.));
#1976 = DIRECTION('',(-0.,-1.,0.));
#1977 = MANIFOLD_SOLID_BREP('',#1978);
#1978 = CLOSED_SHELL('',(#1979,#2012,#2032,#2052));
#1979 = ADVANCED_FACE('',(#1980),#2007,.T.);
#1980 = FACE_BOUND('',#1981,.T.);
#1981 = EDGE_LOOP('',(#1982,#1992,#1999,#2000));
#1982 = ORIENTED_EDGE('',*,*,#1983,.T.);
#1983 = EDGE_CURVE('',#1984,#1986,#1988,.T.);
#1984 = VERTEX_POINT('',#1985);
#1985 = CARTESIAN_POINT('',(41.8,-95.,0.));
#1986 = VERTEX_POINT('',#1987);
#1987 = CARTESIAN_POINT('',(41.8,-95.,-4.E-02));
#1988 = LINE('',#1989,#1990);
#1989 = CARTESIAN_POINT('',(41.8,-95.,0.));
#1990 = VECTOR('',#1991,1.);
#1991 = DIRECTION('',(0.,0.,-1.));
#1992 = ORIENTED_EDGE('',*,*,#1993,.T.);
#1993 = EDGE_CURVE('',#1986,#1986,#1994,.T.);
#1994 = CIRCLE('',#1995,1.8);
#1995 = AXIS2_PLACEMENT_3D('',#1996,#1997,#1998);
#1996 = CARTESIAN_POINT('',(40.,-95.,-4.E-02));
#1997 = DIRECTION('',(0.,0.,1.));
#1998 = DIRECTION('',(1.,0.,-0.));
#1999 = ORIENTED_EDGE('',*,*,#1983,.F.);
#2000 = ORIENTED_EDGE('',*,*,#2001,.F.);
#2001 = EDGE_CURVE('',#1984,#1984,#2002,.T.);
#2002 = CIRCLE('',#2003,1.8);
#2003 = AXIS2_PLACEMENT_3D('',#2004,#2005,#2006);
#2004 = CARTESIAN_POINT('',(40.,-95.,0.));
#2005 = DIRECTION('',(0.,0.,1.));
#2006 = DIRECTION('',(1.,0.,-0.));
#2007 = CYLINDRICAL_SURFACE('',#2008,1.8);
#2008 = AXIS2_PLACEMENT_3D('',#2009,#2010,#2011);
#2009 = CARTESIAN_POINT('',(40.,-95.,0.));
#2010 = DIRECTION('',(0.,0.,1.));
#2011 = DIRECTION('',(1.,0.,-0.));
#2012 = ADVANCED_FACE('',(#2013,#2016),#2027,.F.);
#2013 = FACE_BOUND('',#2014,.F.);
#2014 = EDGE_LOOP('',(#2015));
#2015 = ORIENTED_EDGE('',*,*,#2001,.F.);
#2016 = FACE_BOUND('',#2017,.F.);
#2017 = EDGE_LOOP('',(#2018));
#2018 = ORIENTED_EDGE('',*,*,#2019,.F.);
#2019 = EDGE_CURVE('',#2020,#2020,#2022,.T.);
#2020 = VERTEX_POINT('',#2021);
#2021 = CARTESIAN_POINT('',(40.,-96.575,0.));
#2022 = CIRCLE('',#2023,1.575);
#2023 = AXIS2_PLACEMENT_3D('',#2024,#2025,#2026);
#2024 = CARTESIAN_POINT('',(40.,-95.,0.));
#2025 = DIRECTION('',(-0.,0.,-1.));
#2026 = DIRECTION('',(-0.,-1.,0.));
#2027 = PLANE('',#2028);
#2028 = AXIS2_PLACEMENT_3D('',#2029,#2030,#2031);
#2029 = CARTESIAN_POINT('',(0.,0.,0.));
#2030 = DIRECTION('',(-0.,-0.,-1.));
#2031 = DIRECTION('',(-1.,0.,0.));
#2032 = ADVANCED_FACE('',(#2033,#2036),#2047,.T.);
#2033 = FACE_BOUND('',#2034,.T.);
#2034 = EDGE_LOOP('',(#2035));
#2035 = ORIENTED_EDGE('',*,*,#1993,.F.);
#2036 = FACE_BOUND('',#2037,.T.);
#2037 = EDGE_LOOP('',(#2038));
#2038 = ORIENTED_EDGE('',*,*,#2039,.F.);
#2039 = EDGE_CURVE('',#2040,#2040,#2042,.T.);
#2040 = VERTEX_POINT('',#2041);
#2041 = CARTESIAN_POINT('',(40.,-96.575,-4.E-02));
#2042 = CIRCLE('',#2043,1.575);
#2043 = AXIS2_PLACEMENT_3D('',#2044,#2045,#2046);
#2044 = CARTESIAN_POINT('',(40.,-95.,-4.E-02));
#2045 = DIRECTION('',(-0.,0.,-1.));
#2046 = DIRECTION('',(-0.,-1.,0.));
#2047 = PLANE('',#2048);
#2048 = AXIS2_PLACEMENT_3D('',#2049,#2050,#2051);
#2049 = CARTESIAN_POINT('',(0.,0.,-4.E-02));
#2050 = DIRECTION('',(-0.,-0.,-1.));
#2051 = DIRECTION('',(-1.,0.,0.));
#2052 = ADVANCED_FACE('',(#2053),#2064,.F.);
#2053 = FACE_BOUND('',#2054,.T.);
#2054 = EDGE_LOOP('',(#2055,#2056,#2062,#2063));
#2055 = ORIENTED_EDGE('',*,*,#2039,.T.);
#2056 = ORIENTED_EDGE('',*,*,#2057,.T.);
#2057 = EDGE_CURVE('',#2040,#2020,#2058,.T.);
#2058 = LINE('',#2059,#2060);
#2059 = CARTESIAN_POINT('',(40.,-96.575,-4.6E-02));
#2060 = VECTOR('',#2061,1.);
#2061 = DIRECTION('',(0.,0.,1.));
#2062 = ORIENTED_EDGE('',*,*,#2019,.F.);
#2063 = ORIENTED_EDGE('',*,*,#2057,.F.);
#2064 = CYLINDRICAL_SURFACE('',#2065,1.575);
#2065 = AXIS2_PLACEMENT_3D('',#2066,#2067,#2068);
#2066 = CARTESIAN_POINT('',(40.,-95.,-4.6E-02));
#2067 = DIRECTION('',(-0.,-0.,-1.));
#2068 = DIRECTION('',(-0.,-1.,0.));
#2069 = MANIFOLD_SOLID_BREP('',#2070);
#2070 = CLOSED_SHELL('',(#2071,#2104,#2124,#2144));
#2071 = ADVANCED_FACE('',(#2072),#2099,.T.);
#2072 = FACE_BOUND('',#2073,.F.);
#2073 = EDGE_LOOP('',(#2074,#2084,#2091,#2092));
#2074 = ORIENTED_EDGE('',*,*,#2075,.T.);
#2075 = EDGE_CURVE('',#2076,#2078,#2080,.T.);
#2076 = VERTEX_POINT('',#2077);
#2077 = CARTESIAN_POINT('',(40.,-96.6,-3.5E-02));
#2078 = VERTEX_POINT('',#2079);
#2079 = CARTESIAN_POINT('',(40.,-96.6,1.545));
#2080 = LINE('',#2081,#2082);
#2081 = CARTESIAN_POINT('',(40.,-96.6,-3.5E-02));
#2082 = VECTOR('',#2083,1.);
#2083 = DIRECTION('',(0.,0.,1.));
#2084 = ORIENTED_EDGE('',*,*,#2085,.T.);
#2085 = EDGE_CURVE('',#2078,#2078,#2086,.T.);
#2086 = CIRCLE('',#2087,1.6);
#2087 = AXIS2_PLACEMENT_3D('',#2088,#2089,#2090);
#2088 = CARTESIAN_POINT('',(40.,-95.,1.545));
#2089 = DIRECTION('',(0.,0.,1.));
#2090 = DIRECTION('',(-0.,-1.,0.));
#2091 = ORIENTED_EDGE('',*,*,#2075,.F.);
#2092 = ORIENTED_EDGE('',*,*,#2093,.F.);
#2093 = EDGE_CURVE('',#2076,#2076,#2094,.T.);
#2094 = CIRCLE('',#2095,1.6);
#2095 = AXIS2_PLACEMENT_3D('',#2096,#2097,#2098);
#2096 = CARTESIAN_POINT('',(40.,-95.,-3.5E-02));
#2097 = DIRECTION('',(0.,0.,1.));
#2098 = DIRECTION('',(-0.,-1.,0.));
#2099 = CYLINDRICAL_SURFACE('',#2100,1.6);
#2100 = AXIS2_PLACEMENT_3D('',#2101,#2102,#2103);
#2101 = CARTESIAN_POINT('',(40.,-95.,-3.5E-02));
#2102 = DIRECTION('',(-0.,-0.,-1.));
#2103 = DIRECTION('',(-0.,-1.,0.));
#2104 = ADVANCED_FACE('',(#2105,#2108),#2119,.F.);
#2105 = FACE_BOUND('',#2106,.F.);
#2106 = EDGE_LOOP('',(#2107));
#2107 = ORIENTED_EDGE('',*,*,#2093,.T.);
#2108 = FACE_BOUND('',#2109,.F.);
#2109 = EDGE_LOOP('',(#2110));
#2110 = ORIENTED_EDGE('',*,*,#2111,.T.);
#2111 = EDGE_CURVE('',#2112,#2112,#2114,.T.);
#2112 = VERTEX_POINT('',#2113);
#2113 = CARTESIAN_POINT('',(40.,-96.575,-3.5E-02));
#2114 = CIRCLE('',#2115,1.575);
#2115 = AXIS2_PLACEMENT_3D('',#2116,#2117,#2118);
#2116 = CARTESIAN_POINT('',(40.,-95.,-3.5E-02));
#2117 = DIRECTION('',(-0.,0.,-1.));
#2118 = DIRECTION('',(-0.,-1.,0.));
#2119 = PLANE('',#2120);
#2120 = AXIS2_PLACEMENT_3D('',#2121,#2122,#2123);
#2121 = CARTESIAN_POINT('',(40.,-96.6,-3.5E-02));
#2122 = DIRECTION('',(0.,0.,1.));
#2123 = DIRECTION('',(1.,0.,-0.));
#2124 = ADVANCED_FACE('',(#2125,#2128),#2139,.T.);
#2125 = FACE_BOUND('',#2126,.T.);
#2126 = EDGE_LOOP('',(#2127));
#2127 = ORIENTED_EDGE('',*,*,#2085,.T.);
#2128 = FACE_BOUND('',#2129,.T.);
#2129 = EDGE_LOOP('',(#2130));
#2130 = ORIENTED_EDGE('',*,*,#2131,.T.);
#2131 = EDGE_CURVE('',#2132,#2132,#2134,.T.);
#2132 = VERTEX_POINT('',#2133);
#2133 = CARTESIAN_POINT('',(40.,-96.575,1.545));
#2134 = CIRCLE('',#2135,1.575);
#2135 = AXIS2_PLACEMENT_3D('',#2136,#2137,#2138);
#2136 = CARTESIAN_POINT('',(40.,-95.,1.545));
#2137 = DIRECTION('',(-0.,0.,-1.));
#2138 = DIRECTION('',(-0.,-1.,0.));
#2139 = PLANE('',#2140);
#2140 = AXIS2_PLACEMENT_3D('',#2141,#2142,#2143);
#2141 = CARTESIAN_POINT('',(40.,-96.6,1.545));
#2142 = DIRECTION('',(0.,0.,1.));
#2143 = DIRECTION('',(1.,0.,-0.));
#2144 = ADVANCED_FACE('',(#2145),#2156,.F.);
#2145 = FACE_BOUND('',#2146,.T.);
#2146 = EDGE_LOOP('',(#2147,#2148,#2154,#2155));
#2147 = ORIENTED_EDGE('',*,*,#2111,.T.);
#2148 = ORIENTED_EDGE('',*,*,#2149,.T.);
#2149 = EDGE_CURVE('',#2112,#2132,#2150,.T.);
#2150 = LINE('',#2151,#2152);
#2151 = CARTESIAN_POINT('',(40.,-96.575,-4.6E-02));
#2152 = VECTOR('',#2153,1.);
#2153 = DIRECTION('',(0.,0.,1.));
#2154 = ORIENTED_EDGE('',*,*,#2131,.F.);
#2155 = ORIENTED_EDGE('',*,*,#2149,.F.);
#2156 = CYLINDRICAL_SURFACE('',#2157,1.575);
#2157 = AXIS2_PLACEMENT_3D('',#2158,#2159,#2160);
#2158 = CARTESIAN_POINT('',(40.,-95.,-4.6E-02));
#2159 = DIRECTION('',(-0.,-0.,-1.));
#2160 = DIRECTION('',(-0.,-1.,0.));
#2161 = MANIFOLD_SOLID_BREP('',#2162);
#2162 = CLOSED_SHELL('',(#2163,#2196,#2216,#2236));
#2163 = ADVANCED_FACE('',(#2164),#2191,.T.);
#2164 = FACE_BOUND('',#2165,.F.);
#2165 = EDGE_LOOP('',(#2166,#2176,#2183,#2184));
#2166 = ORIENTED_EDGE('',*,*,#2167,.T.);
#2167 = EDGE_CURVE('',#2168,#2170,#2172,.T.);
#2168 = VERTEX_POINT('',#2169);
#2169 = CARTESIAN_POINT('',(42.8,-95.,1.51));
#2170 = VERTEX_POINT('',#2171);
#2171 = CARTESIAN_POINT('',(42.8,-95.,1.55));
#2172 = LINE('',#2173,#2174);
#2173 = CARTESIAN_POINT('',(42.8,-95.,1.51));
#2174 = VECTOR('',#2175,1.);
#2175 = DIRECTION('',(0.,0.,1.));
#2176 = ORIENTED_EDGE('',*,*,#2177,.T.);
#2177 = EDGE_CURVE('',#2170,#2170,#2178,.T.);
#2178 = CIRCLE('',#2179,2.8);
#2179 = AXIS2_PLACEMENT_3D('',#2180,#2181,#2182);
#2180 = CARTESIAN_POINT('',(40.,-95.,1.55));
#2181 = DIRECTION('',(0.,0.,1.));
#2182 = DIRECTION('',(1.,0.,-0.));
#2183 = ORIENTED_EDGE('',*,*,#2167,.F.);
#2184 = ORIENTED_EDGE('',*,*,#2185,.F.);
#2185 = EDGE_CURVE('',#2168,#2168,#2186,.T.);
#2186 = CIRCLE('',#2187,2.8);
#2187 = AXIS2_PLACEMENT_3D('',#2188,#2189,#2190);
#2188 = CARTESIAN_POINT('',(40.,-95.,1.51));
#2189 = DIRECTION('',(0.,0.,1.));
#2190 = DIRECTION('',(1.,0.,-0.));
#2191 = CYLINDRICAL_SURFACE('',#2192,2.8);
#2192 = AXIS2_PLACEMENT_3D('',#2193,#2194,#2195);
#2193 = CARTESIAN_POINT('',(40.,-95.,1.51));
#2194 = DIRECTION('',(-0.,-0.,-1.));
#2195 = DIRECTION('',(1.,0.,-0.));
#2196 = ADVANCED_FACE('',(#2197,#2200),#2211,.F.);
#2197 = FACE_BOUND('',#2198,.F.);
#2198 = EDGE_LOOP('',(#2199));
#2199 = ORIENTED_EDGE('',*,*,#2185,.T.);
#2200 = FACE_BOUND('',#2201,.F.);
#2201 = EDGE_LOOP('',(#2202));
#2202 = ORIENTED_EDGE('',*,*,#2203,.T.);
#2203 = EDGE_CURVE('',#2204,#2204,#2206,.T.);
#2204 = VERTEX_POINT('',#2205);
#2205 = CARTESIAN_POINT('',(40.,-96.575,1.51));
#2206 = CIRCLE('',#2207,1.575);
#2207 = AXIS2_PLACEMENT_3D('',#2208,#2209,#2210);
#2208 = CARTESIAN_POINT('',(40.,-95.,1.51));
#2209 = DIRECTION('',(-0.,0.,-1.));
#2210 = DIRECTION('',(-0.,-1.,0.));
#2211 = PLANE('',#2212);
#2212 = AXIS2_PLACEMENT_3D('',#2213,#2214,#2215);
#2213 = CARTESIAN_POINT('',(0.,0.,1.51));
#2214 = DIRECTION('',(0.,0.,1.));
#2215 = DIRECTION('',(1.,0.,-0.));
#2216 = ADVANCED_FACE('',(#2217,#2220),#2231,.T.);
#2217 = FACE_BOUND('',#2218,.T.);
#2218 = EDGE_LOOP('',(#2219));
#2219 = ORIENTED_EDGE('',*,*,#2177,.T.);
#2220 = FACE_BOUND('',#2221,.T.);
#2221 = EDGE_LOOP('',(#2222));
#2222 = ORIENTED_EDGE('',*,*,#2223,.T.);
#2223 = EDGE_CURVE('',#2224,#2224,#2226,.T.);
#2224 = VERTEX_POINT('',#2225);
#2225 = CARTESIAN_POINT('',(40.,-96.575,1.55));
#2226 = CIRCLE('',#2227,1.575);
#2227 = AXIS2_PLACEMENT_3D('',#2228,#2229,#2230);
#2228 = CARTESIAN_POINT('',(40.,-95.,1.55));
#2229 = DIRECTION('',(-0.,0.,-1.));
#2230 = DIRECTION('',(-0.,-1.,0.));
#2231 = PLANE('',#2232);
#2232 = AXIS2_PLACEMENT_3D('',#2233,#2234,#2235);
#2233 = CARTESIAN_POINT('',(0.,0.,1.55));
#2234 = DIRECTION('',(0.,0.,1.));
#2235 = DIRECTION('',(1.,0.,-0.));
#2236 = ADVANCED_FACE('',(#2237),#2248,.F.);
#2237 = FACE_BOUND('',#2238,.T.);
#2238 = EDGE_LOOP('',(#2239,#2240,#2246,#2247));
#2239 = ORIENTED_EDGE('',*,*,#2203,.T.);
#2240 = ORIENTED_EDGE('',*,*,#2241,.T.);
#2241 = EDGE_CURVE('',#2204,#2224,#2242,.T.);
#2242 = LINE('',#2243,#2244);
#2243 = CARTESIAN_POINT('',(40.,-96.575,-4.6E-02));
#2244 = VECTOR('',#2245,1.);
#2245 = DIRECTION('',(0.,0.,1.));
#2246 = ORIENTED_EDGE('',*,*,#2223,.F.);
#2247 = ORIENTED_EDGE('',*,*,#2241,.F.);
#2248 = CYLINDRICAL_SURFACE('',#2249,1.575);
#2249 = AXIS2_PLACEMENT_3D('',#2250,#2251,#2252);
#2250 = CARTESIAN_POINT('',(40.,-95.,-4.6E-02));
#2251 = DIRECTION('',(-0.,-0.,-1.));
#2252 = DIRECTION('',(-0.,-1.,0.));
#2253 = MANIFOLD_SOLID_BREP('',#2254);
#2254 = CLOSED_SHELL('',(#2255,#2288,#2308,#2328));
#2255 = ADVANCED_FACE('',(#2256),#2283,.T.);
#2256 = FACE_BOUND('',#2257,.T.);
#2257 = EDGE_LOOP('',(#2258,#2268,#2275,#2276));
#2258 = ORIENTED_EDGE('',*,*,#2259,.T.);
#2259 = EDGE_CURVE('',#2260,#2262,#2264,.T.);
#2260 = VERTEX_POINT('',#2261);
#2261 = CARTESIAN_POINT('',(42.8,-95.,0.));
#2262 = VERTEX_POINT('',#2263);
#2263 = CARTESIAN_POINT('',(42.8,-95.,-4.E-02));
#2264 = LINE('',#2265,#2266);
#2265 = CARTESIAN_POINT('',(42.8,-95.,0.));
#2266 = VECTOR('',#2267,1.);
#2267 = DIRECTION('',(0.,0.,-1.));
#2268 = ORIENTED_EDGE('',*,*,#2269,.T.);
#2269 = EDGE_CURVE('',#2262,#2262,#2270,.T.);
#2270 = CIRCLE('',#2271,2.8);
#2271 = AXIS2_PLACEMENT_3D('',#2272,#2273,#2274);
#2272 = CARTESIAN_POINT('',(40.,-95.,-4.E-02));
#2273 = DIRECTION('',(0.,0.,1.));
#2274 = DIRECTION('',(1.,0.,-0.));
#2275 = ORIENTED_EDGE('',*,*,#2259,.F.);
#2276 = ORIENTED_EDGE('',*,*,#2277,.F.);
#2277 = EDGE_CURVE('',#2260,#2260,#2278,.T.);
#2278 = CIRCLE('',#2279,2.8);
#2279 = AXIS2_PLACEMENT_3D('',#2280,#2281,#2282);
#2280 = CARTESIAN_POINT('',(40.,-95.,0.));
#2281 = DIRECTION('',(0.,0.,1.));
#2282 = DIRECTION('',(1.,0.,-0.));
#2283 = CYLINDRICAL_SURFACE('',#2284,2.8);
#2284 = AXIS2_PLACEMENT_3D('',#2285,#2286,#2287);
#2285 = CARTESIAN_POINT('',(40.,-95.,0.));
#2286 = DIRECTION('',(0.,0.,1.));
#2287 = DIRECTION('',(1.,0.,-0.));
#2288 = ADVANCED_FACE('',(#2289,#2292),#2303,.F.);
#2289 = FACE_BOUND('',#2290,.F.);
#2290 = EDGE_LOOP('',(#2291));
#2291 = ORIENTED_EDGE('',*,*,#2277,.F.);
#2292 = FACE_BOUND('',#2293,.F.);
#2293 = EDGE_LOOP('',(#2294));
#2294 = ORIENTED_EDGE('',*,*,#2295,.F.);
#2295 = EDGE_CURVE('',#2296,#2296,#2298,.T.);
#2296 = VERTEX_POINT('',#2297);
#2297 = CARTESIAN_POINT('',(40.,-96.575,0.));
#2298 = CIRCLE('',#2299,1.575);
#2299 = AXIS2_PLACEMENT_3D('',#2300,#2301,#2302);
#2300 = CARTESIAN_POINT('',(40.,-95.,0.));
#2301 = DIRECTION('',(-0.,0.,-1.));
#2302 = DIRECTION('',(-0.,-1.,0.));
#2303 = PLANE('',#2304);
#2304 = AXIS2_PLACEMENT_3D('',#2305,#2306,#2307);
#2305 = CARTESIAN_POINT('',(0.,0.,0.));
#2306 = DIRECTION('',(-0.,-0.,-1.));
#2307 = DIRECTION('',(-1.,0.,0.));
#2308 = ADVANCED_FACE('',(#2309,#2312),#2323,.T.);
#2309 = FACE_BOUND('',#2310,.T.);
#2310 = EDGE_LOOP('',(#2311));
#2311 = ORIENTED_EDGE('',*,*,#2269,.F.);
#2312 = FACE_BOUND('',#2313,.T.);
#2313 = EDGE_LOOP('',(#2314));
#2314 = ORIENTED_EDGE('',*,*,#2315,.F.);
#2315 = EDGE_CURVE('',#2316,#2316,#2318,.T.);
#2316 = VERTEX_POINT('',#2317);
#2317 = CARTESIAN_POINT('',(40.,-96.575,-4.E-02));
#2318 = CIRCLE('',#2319,1.575);
#2319 = AXIS2_PLACEMENT_3D('',#2320,#2321,#2322);
#2320 = CARTESIAN_POINT('',(40.,-95.,-4.E-02));
#2321 = DIRECTION('',(-0.,0.,-1.));
#2322 = DIRECTION('',(-0.,-1.,0.));
#2323 = PLANE('',#2324);
#2324 = AXIS2_PLACEMENT_3D('',#2325,#2326,#2327);
#2325 = CARTESIAN_POINT('',(0.,0.,-4.E-02));
#2326 = DIRECTION('',(-0.,-0.,-1.));
#2327 = DIRECTION('',(-1.,0.,0.));
#2328 = ADVANCED_FACE('',(#2329),#2340,.F.);
#2329 = FACE_BOUND('',#2330,.T.);
#2330 = EDGE_LOOP('',(#2331,#2332,#2338,#2339));
#2331 = ORIENTED_EDGE('',*,*,#2315,.T.);
#2332 = ORIENTED_EDGE('',*,*,#2333,.T.);
#2333 = EDGE_CURVE('',#2316,#2296,#2334,.T.);
#2334 = LINE('',#2335,#2336);
#2335 = CARTESIAN_POINT('',(40.,-96.575,-4.6E-02));
#2336 = VECTOR('',#2337,1.);
#2337 = DIRECTION('',(0.,0.,1.));
#2338 = ORIENTED_EDGE('',*,*,#2295,.F.);
#2339 = ORIENTED_EDGE('',*,*,#2333,.F.);
#2340 = CYLINDRICAL_SURFACE('',#2341,1.575);
#2341 = AXIS2_PLACEMENT_3D('',#2342,#2343,#2344);
#2342 = CARTESIAN_POINT('',(40.,-95.,-4.6E-02));
#2343 = DIRECTION('',(-0.,-0.,-1.));
#2344 = DIRECTION('',(-0.,-1.,0.));
#2345 = ( GEOMETRIC_REPRESENTATION_CONTEXT(3) 
GLOBAL_UNCERTAINTY_ASSIGNED_CONTEXT((#2349)) 
GLOBAL_UNIT_ASSIGNED_CONTEXT((#2346,#2347,#2348)) REPRESENTATION_CONTEXT
('Context #1','3D Context with UNIT and UNCERTAINTY') );
#2346 = ( LENGTH_UNIT() NAMED_UNIT(*) SI_UNIT(.MILLI.,.METRE.) );
#2347 = ( NAMED_UNIT(*) PLANE_ANGLE_UNIT() SI_UNIT($,.RADIAN.) );
#2348 = ( NAMED_UNIT(*) SI_UNIT($,.STERADIAN.) SOLID_ANGLE_UNIT() );
#2349 = UNCERTAINTY_MEASURE_WITH_UNIT(LENGTH_MEASURE(1.E-07),#2346,
  'distance_accuracy_value','confusion accuracy');
#2350 = CONTEXT_DEPENDENT_SHAPE_REPRESENTATION(#2351,#2353);
#2351 = ( REPRESENTATION_RELATIONSHIP('','',#44,#10) 
REPRESENTATION_RELATIONSHIP_WITH_TRANSFORMATION(#2352) 
SHAPE_REPRESENTATION_RELATIONSHIP() );
#2352 = ITEM_DEFINED_TRANSFORMATION('','',#11,#15);
#2353 = PRODUCT_DEFINITION_SHAPE('Placement','Placement of an item',
  #2354);
#2354 = NEXT_ASSEMBLY_USAGE_OCCURRENCE('1','=>[0:1:1:2]','',#5,#39,$);
#2355 = PRODUCT_RELATED_PRODUCT_CATEGORY('part',$,(#41));
#2356 = SHAPE_DEFINITION_REPRESENTATION(#2357,#2363);
#2357 = PRODUCT_DEFINITION_SHAPE('','',#2358);
#2358 = PRODUCT_DEFINITION('design','',#2359,#2362);
#2359 = PRODUCT_DEFINITION_FORMATION('','',#2360);
#2360 = PRODUCT('tube_screamer_bottom_plate_silkscreen',
  'tube_screamer_bottom_plate_silkscreen','',(#2361));
#2361 = PRODUCT_CONTEXT('',#2,'mechanical');
#2362 = PRODUCT_DEFINITION_CONTEXT('part definition',#2,'design');
#2363 = SHAPE_REPRESENTATION('',(#11,#2364,#2691,#2895,#3168,#3504,#3746
    ,#4113,#4325,#4629,#5010,#5252,#5470,#5843,#6698,#6865,#6958,#7074,
    #7190,#7464,#7508,#7601,#7753,#7813,#8037,#8097,#8367,#8639,#8804,
    #9076,#9258,#9530,#9802,#9964,#10146,#10416,#10578,#10834,#10996,
    #11148,#11264,#11488,#11654,#11820,#12002,#12062,#12140,#12218,
    #12296,#12374,#12452,#12697,#12875,#13083,#13355,#13432,#13640,
    #13740,#13930,#14200,#14472,#14696,#14920,#15050,#15274,#15439,
    #15499,#15681,#15826,#15868,#15974),#16004);
#2364 = SHELL_BASED_SURFACE_MODEL('',(#2365));
#2365 = OPEN_SHELL('',(#2366));
#2366 = ADVANCED_FACE('',(#2367,#2555),#2686,.T.);
#2367 = FACE_BOUND('',#2368,.T.);
#2368 = EDGE_LOOP('',(#2369,#2379,#2387,#2395,#2404,#2412,#2420,#2428,
    #2436,#2444,#2452,#2460,#2468,#2476,#2484,#2492,#2500,#2508,#2517,
    #2525,#2533,#2541,#2549));
#2369 = ORIENTED_EDGE('',*,*,#2370,.T.);
#2370 = EDGE_CURVE('',#2371,#2373,#2375,.T.);
#2371 = VERTEX_POINT('',#2372);
#2372 = CARTESIAN_POINT('',(23.742568,-96.943093,-7.5E-02));
#2373 = VERTEX_POINT('',#2374);
#2374 = CARTESIAN_POINT('',(23.799633,-96.914957,-7.5E-02));
#2375 = LINE('',#2376,#2377);
#2376 = CARTESIAN_POINT('',(23.742568,-96.943093,-7.5E-02));
#2377 = VECTOR('',#2378,1.);
#2378 = DIRECTION('',(0.896906055446,0.44222112987,0.));
#2379 = ORIENTED_EDGE('',*,*,#2380,.T.);
#2380 = EDGE_CURVE('',#2373,#2381,#2383,.T.);
#2381 = VERTEX_POINT('',#2382);
#2382 = CARTESIAN_POINT('',(23.870472,-96.906195,-7.5E-02));
#2383 = LINE('',#2384,#2385);
#2384 = CARTESIAN_POINT('',(23.799633,-96.914957,-7.5E-02));
#2385 = VECTOR('',#2386,1.);
#2386 = DIRECTION('',(0.992437191971,0.122753492794,0.));
#2387 = ORIENTED_EDGE('',*,*,#2388,.T.);
#2388 = EDGE_CURVE('',#2381,#2389,#2391,.T.);
#2389 = VERTEX_POINT('',#2390);
#2390 = CARTESIAN_POINT('',(23.950208,-96.91492,-7.5E-02));
#2391 = LINE('',#2392,#2393);
#2392 = CARTESIAN_POINT('',(23.870472,-96.906195,-7.5E-02));
#2393 = VECTOR('',#2394,1.);
#2394 = DIRECTION('',(0.994066469218,-0.108774329587,0.));
#2395 = ORIENTED_EDGE('',*,*,#2396,.T.);
#2396 = EDGE_CURVE('',#2389,#2397,#2399,.T.);
#2397 = VERTEX_POINT('',#2398);
#2398 = CARTESIAN_POINT('',(24.099024,-97.044379,-7.5E-02));
#2399 = CIRCLE('',#2400,0.21691718512);
#2400 = AXIS2_PLACEMENT_3D('',#2401,#2402,#2403);
#2401 = CARTESIAN_POINT('',(23.897811655058,-97.12541391496,-7.5E-02));
#2402 = DIRECTION('',(0.,0.,-1.));
#2403 = DIRECTION('',(0.241549994819,0.970388375859,0.));
#2404 = ORIENTED_EDGE('',*,*,#2405,.T.);
#2405 = EDGE_CURVE('',#2397,#2406,#2408,.T.);
#2406 = VERTEX_POINT('',#2407);
#2407 = CARTESIAN_POINT('',(24.111321,-97.150181,-7.5E-02));
#2408 = LINE('',#2409,#2410);
#2409 = CARTESIAN_POINT('',(24.099024,-97.044379,-7.5E-02));
#2410 = VECTOR('',#2411,1.);
#2411 = DIRECTION('',(0.115449372017,-0.993313365711,0.));
#2412 = ORIENTED_EDGE('',*,*,#2413,.T.);
#2413 = EDGE_CURVE('',#2406,#2414,#2416,.T.);
#2414 = VERTEX_POINT('',#2415);
#2415 = CARTESIAN_POINT('',(24.116608,-97.696933,-7.5E-02));
#2416 = LINE('',#2417,#2418);
#2417 = CARTESIAN_POINT('',(24.111321,-97.150181,-7.5E-02));
#2418 = VECTOR('',#2419,1.);
#2419 = DIRECTION('',(9.66937996595E-03,-0.999953250453,0.));
#2420 = ORIENTED_EDGE('',*,*,#2421,.T.);
#2421 = EDGE_CURVE('',#2414,#2422,#2424,.T.);
#2422 = VERTEX_POINT('',#2423);
#2423 = CARTESIAN_POINT('',(24.11226,-97.738572,-7.5E-02));
#2424 = LINE('',#2425,#2426);
#2425 = CARTESIAN_POINT('',(24.116608,-97.696933,-7.5E-02));
#2426 = VECTOR('',#2427,1.);
#2427 = DIRECTION('',(-0.103856654,-0.99459227597,0.));
#2428 = ORIENTED_EDGE('',*,*,#2429,.T.);
#2429 = EDGE_CURVE('',#2422,#2430,#2432,.T.);
#2430 = VERTEX_POINT('',#2431);
#2431 = CARTESIAN_POINT('',(24.103241,-97.764799,-7.5E-02));
#2432 = LINE('',#2433,#2434);
#2433 = CARTESIAN_POINT('',(24.11226,-97.738572,-7.5E-02));
#2434 = VECTOR('',#2435,1.);
#2435 = DIRECTION('',(-0.325191619441,-0.945648143151,0.));
#2436 = ORIENTED_EDGE('',*,*,#2437,.T.);
#2437 = EDGE_CURVE('',#2430,#2438,#2440,.T.);
#2438 = VERTEX_POINT('',#2439);
#2439 = CARTESIAN_POINT('',(24.088044,-97.776166,-7.5E-02));
#2440 = LINE('',#2441,#2442);
#2441 = CARTESIAN_POINT('',(24.103241,-97.764799,-7.5E-02));
#2442 = VECTOR('',#2443,1.);
#2443 = DIRECTION('',(-0.800777078086,-0.598962495664,0.));
#2444 = ORIENTED_EDGE('',*,*,#2445,.T.);
#2445 = EDGE_CURVE('',#2438,#2446,#2448,.T.);
#2446 = VERTEX_POINT('',#2447);
#2447 = CARTESIAN_POINT('',(24.069801,-97.77507,-7.5E-02));
#2448 = LINE('',#2449,#2450);
#2449 = CARTESIAN_POINT('',(24.088044,-97.776166,-7.5E-02));
#2450 = VECTOR('',#2451,1.);
#2451 = DIRECTION('',(-0.998200197307,5.996970982034E-02,0.));
#2452 = ORIENTED_EDGE('',*,*,#2453,.T.);
#2453 = EDGE_CURVE('',#2446,#2454,#2456,.T.);
#2454 = VERTEX_POINT('',#2455);
#2455 = CARTESIAN_POINT('',(23.984469,-97.733384,-7.5E-02));
#2456 = LINE('',#2457,#2458);
#2457 = CARTESIAN_POINT('',(24.069801,-97.77507,-7.5E-02));
#2458 = VECTOR('',#2459,1.);
#2459 = DIRECTION('',(-0.898516719315,0.438939295474,0.));
#2460 = ORIENTED_EDGE('',*,*,#2461,.T.);
#2461 = EDGE_CURVE('',#2454,#2462,#2464,.T.);
#2462 = VERTEX_POINT('',#2463);
#2463 = CARTESIAN_POINT('',(23.970054,-97.713945,-7.5E-02));
#2464 = LINE('',#2465,#2466);
#2465 = CARTESIAN_POINT('',(23.984469,-97.733384,-7.5E-02));
#2466 = VECTOR('',#2467,1.);
#2467 = DIRECTION('',(-0.595647453955,0.803245983866,0.));
#2468 = ORIENTED_EDGE('',*,*,#2469,.T.);
#2469 = EDGE_CURVE('',#2462,#2470,#2472,.T.);
#2470 = VERTEX_POINT('',#2471);
#2471 = CARTESIAN_POINT('',(23.96399,-97.635285,-7.5E-02));
#2472 = LINE('',#2473,#2474);
#2473 = CARTESIAN_POINT('',(23.970054,-97.713945,-7.5E-02));
#2474 = VECTOR('',#2475,1.);
#2475 = DIRECTION('',(-7.686321571411E-02,0.997041647109,0.));
#2476 = ORIENTED_EDGE('',*,*,#2477,.T.);
#2477 = EDGE_CURVE('',#2470,#2478,#2480,.T.);
#2478 = VERTEX_POINT('',#2479);
#2479 = CARTESIAN_POINT('',(23.963954,-97.552257,-7.5E-02));
#2480 = LINE('',#2481,#2482);
#2481 = CARTESIAN_POINT('',(23.96399,-97.635285,-7.5E-02));
#2482 = VECTOR('',#2483,1.);
#2483 = DIRECTION('',(-4.335886281007E-04,0.999999906,0.));
#2484 = ORIENTED_EDGE('',*,*,#2485,.T.);
#2485 = EDGE_CURVE('',#2478,#2486,#2488,.T.);
#2486 = VERTEX_POINT('',#2487);
#2487 = CARTESIAN_POINT('',(23.821396,-97.549692,-7.5E-02));
#2488 = LINE('',#2489,#2490);
#2489 = CARTESIAN_POINT('',(23.963954,-97.552257,-7.5E-02));
#2490 = VECTOR('',#2491,1.);
#2491 = DIRECTION('',(-0.999838171085,1.798976492962E-02,0.));
#2492 = ORIENTED_EDGE('',*,*,#2493,.T.);
#2493 = EDGE_CURVE('',#2486,#2494,#2496,.T.);
#2494 = VERTEX_POINT('',#2495);
#2495 = CARTESIAN_POINT('',(23.776231,-97.53929,-7.5E-02));
#2496 = LINE('',#2497,#2498);
#2497 = CARTESIAN_POINT('',(23.821396,-97.549692,-7.5E-02));
#2498 = VECTOR('',#2499,1.);
#2499 = DIRECTION('',(-0.974488923666,0.224435598007,0.));
#2500 = ORIENTED_EDGE('',*,*,#2501,.T.);
#2501 = EDGE_CURVE('',#2494,#2502,#2504,.T.);
#2502 = VERTEX_POINT('',#2503);
#2503 = CARTESIAN_POINT('',(23.736169,-97.516656,-7.5E-02));
#2504 = LINE('',#2505,#2506);
#2505 = CARTESIAN_POINT('',(23.776231,-97.53929,-7.5E-02));
#2506 = VECTOR('',#2507,1.);
#2507 = DIRECTION('',(-0.870653490821,0.491896837682,0.));
#2508 = ORIENTED_EDGE('',*,*,#2509,.T.);
#2509 = EDGE_CURVE('',#2502,#2510,#2512,.T.);
#2510 = VERTEX_POINT('',#2511);
#2511 = CARTESIAN_POINT('',(23.655642,-97.388256,-7.5E-02));
#2512 = CIRCLE('',#2513,0.189091507013);
#2513 = AXIS2_PLACEMENT_3D('',#2514,#2515,#2516);
#2514 = CARTESIAN_POINT('',(23.842671987665,-97.3604103228,-7.5E-02));
#2515 = DIRECTION('',(0.,0.,-1.));
#2516 = DIRECTION('',(-0.563235172997,-0.826296641588,-0.));
#2517 = ORIENTED_EDGE('',*,*,#2518,.T.);
#2518 = EDGE_CURVE('',#2510,#2519,#2521,.T.);
#2519 = VERTEX_POINT('',#2520);
#2520 = CARTESIAN_POINT('',(23.64715,-97.317718,-7.5E-02));
#2521 = LINE('',#2522,#2523);
#2522 = CARTESIAN_POINT('',(23.655642,-97.388256,-7.5E-02));
#2523 = VECTOR('',#2524,1.);
#2524 = DIRECTION('',(-0.119525950615,0.992831076835,0.));
#2525 = ORIENTED_EDGE('',*,*,#2526,.T.);
#2526 = EDGE_CURVE('',#2519,#2527,#2529,.T.);
#2527 = VERTEX_POINT('',#2528);
#2528 = CARTESIAN_POINT('',(23.647764,-97.103834,-7.5E-02));
#2529 = LINE('',#2530,#2531);
#2530 = CARTESIAN_POINT('',(23.64715,-97.317718,-7.5E-02));
#2531 = VECTOR('',#2532,1.);
#2532 = DIRECTION('',(2.870703138272E-03,0.999995879523,0.));
#2533 = ORIENTED_EDGE('',*,*,#2534,.T.);
#2534 = EDGE_CURVE('',#2527,#2535,#2537,.T.);
#2535 = VERTEX_POINT('',#2536);
#2536 = CARTESIAN_POINT('',(23.653447,-97.067141,-7.5E-02));
#2537 = LINE('',#2538,#2539);
#2538 = CARTESIAN_POINT('',(23.647764,-97.103834,-7.5E-02));
#2539 = VECTOR('',#2540,1.);
#2540 = DIRECTION('',(0.153054838027,0.988217696946,0.));
#2541 = ORIENTED_EDGE('',*,*,#2542,.T.);
#2542 = EDGE_CURVE('',#2535,#2543,#2545,.T.);
#2543 = VERTEX_POINT('',#2544);
#2544 = CARTESIAN_POINT('',(23.678303,-97.01443,-7.5E-02));
#2545 = LINE('',#2546,#2547);
#2546 = CARTESIAN_POINT('',(23.653447,-97.067141,-7.5E-02));
#2547 = VECTOR('',#2548,1.);
#2548 = DIRECTION('',(0.426510885067,0.904482429304,0.));
#2549 = ORIENTED_EDGE('',*,*,#2550,.T.);
#2550 = EDGE_CURVE('',#2543,#2371,#2551,.T.);
#2551 = LINE('',#2552,#2553);
#2552 = CARTESIAN_POINT('',(23.678303,-97.01443,-7.5E-02));
#2553 = VECTOR('',#2554,1.);
#2554 = DIRECTION('',(0.669319685822,0.742974533999,0.));
#2555 = FACE_BOUND('',#2556,.T.);
#2556 = EDGE_LOOP('',(#2557,#2567,#2575,#2584,#2592,#2600,#2608,#2616,
    #2624,#2632,#2640,#2648,#2656,#2664,#2672,#2680));
#2557 = ORIENTED_EDGE('',*,*,#2558,.T.);
#2558 = EDGE_CURVE('',#2559,#2561,#2563,.T.);
#2559 = VERTEX_POINT('',#2560);
#2560 = CARTESIAN_POINT('',(23.939932,-97.081268,-7.5E-02));
#2561 = VERTEX_POINT('',#2562);
#2562 = CARTESIAN_POINT('',(23.913982,-97.058598,-7.5E-02));
#2563 = LINE('',#2564,#2565);
#2564 = CARTESIAN_POINT('',(23.939932,-97.081268,-7.5E-02));
#2565 = VECTOR('',#2566,1.);
#2566 = DIRECTION('',(-0.753097811529,0.657908569841,0.));
#2567 = ORIENTED_EDGE('',*,*,#2568,.T.);
#2568 = EDGE_CURVE('',#2561,#2569,#2571,.T.);
#2569 = VERTEX_POINT('',#2570);
#2570 = CARTESIAN_POINT('',(23.875287,-97.051555,-7.5E-02));
#2571 = LINE('',#2572,#2573);
#2572 = CARTESIAN_POINT('',(23.913982,-97.058598,-7.5E-02));
#2573 = VECTOR('',#2574,1.);
#2574 = DIRECTION('',(-0.983836127633,0.179071142187,0.));
#2575 = ORIENTED_EDGE('',*,*,#2576,.T.);
#2576 = EDGE_CURVE('',#2569,#2577,#2579,.T.);
#2577 = VERTEX_POINT('',#2578);
#2578 = CARTESIAN_POINT('',(23.813791,-97.100426,-7.5E-02));
#2579 = CIRCLE('',#2580,6.032971361481E-02);
#2580 = AXIS2_PLACEMENT_3D('',#2581,#2582,#2583);
#2581 = CARTESIAN_POINT('',(23.873030663675,-97.11184250526,-7.5E-02));
#2582 = DIRECTION('',(0.,0.,1.));
#2583 = DIRECTION('',(3.74000834683E-02,0.999300372139,-0.));
#2584 = ORIENTED_EDGE('',*,*,#2585,.T.);
#2585 = EDGE_CURVE('',#2577,#2586,#2588,.T.);
#2586 = VERTEX_POINT('',#2587);
#2587 = CARTESIAN_POINT('',(23.803169,-97.156472,-7.5E-02));
#2588 = LINE('',#2589,#2590);
#2589 = CARTESIAN_POINT('',(23.813791,-97.100426,-7.5E-02));
#2590 = VECTOR('',#2591,1.);
#2591 = DIRECTION('',(-0.186208195167,-0.982510309388,0.));
#2592 = ORIENTED_EDGE('',*,*,#2593,.T.);
#2593 = EDGE_CURVE('',#2586,#2594,#2596,.T.);
#2594 = VERTEX_POINT('',#2595);
#2595 = CARTESIAN_POINT('',(23.801255,-97.311251,-7.5E-02));
#2596 = LINE('',#2597,#2598);
#2597 = CARTESIAN_POINT('',(23.803169,-97.156472,-7.5E-02));
#2598 = VECTOR('',#2599,1.);
#2599 = DIRECTION('',(-1.236507325836E-02,-0.999923549559,0.));
#2600 = ORIENTED_EDGE('',*,*,#2601,.T.);
#2601 = EDGE_CURVE('',#2594,#2602,#2604,.T.);
#2602 = VERTEX_POINT('',#2603);
#2603 = CARTESIAN_POINT('',(23.805593,-97.349622,-7.5E-02));
#2604 = LINE('',#2605,#2606);
#2605 = CARTESIAN_POINT('',(23.801255,-97.311251,-7.5E-02));
#2606 = VECTOR('',#2607,1.);
#2607 = DIRECTION('',(0.112338496402,-0.993669996642,0.));
#2608 = ORIENTED_EDGE('',*,*,#2609,.T.);
#2609 = EDGE_CURVE('',#2602,#2610,#2612,.T.);
#2610 = VERTEX_POINT('',#2611);
#2611 = CARTESIAN_POINT('',(23.813919,-97.373746,-7.5E-02));
#2612 = LINE('',#2613,#2614);
#2613 = CARTESIAN_POINT('',(23.805593,-97.349622,-7.5E-02));
#2614 = VECTOR('',#2615,1.);
#2615 = DIRECTION('',(0.326249096457,-0.945283834126,0.));
#2616 = ORIENTED_EDGE('',*,*,#2617,.T.);
#2617 = EDGE_CURVE('',#2610,#2618,#2620,.T.);
#2618 = VERTEX_POINT('',#2619);
#2619 = CARTESIAN_POINT('',(23.827981,-97.391878,-7.5E-02));
#2620 = LINE('',#2621,#2622);
#2621 = CARTESIAN_POINT('',(23.813919,-97.373746,-7.5E-02));
#2622 = VECTOR('',#2623,1.);
#2623 = DIRECTION('',(0.612835737763,-0.790210325496,0.));
#2624 = ORIENTED_EDGE('',*,*,#2625,.T.);
#2625 = EDGE_CURVE('',#2618,#2626,#2628,.T.);
#2626 = VERTEX_POINT('',#2627);
#2627 = CARTESIAN_POINT('',(23.861623,-97.414843,-7.5E-02));
#2628 = LINE('',#2629,#2630);
#2629 = CARTESIAN_POINT('',(23.827981,-97.391878,-7.5E-02));
#2630 = VECTOR('',#2631,1.);
#2631 = DIRECTION('',(0.825915578585,-0.563793807212,0.));
#2632 = ORIENTED_EDGE('',*,*,#2633,.T.);
#2633 = EDGE_CURVE('',#2626,#2634,#2636,.T.);
#2634 = VERTEX_POINT('',#2635);
#2635 = CARTESIAN_POINT('',(23.892768,-97.412681,-7.5E-02));
#2636 = LINE('',#2637,#2638);
#2637 = CARTESIAN_POINT('',(23.861623,-97.414843,-7.5E-02));
#2638 = VECTOR('',#2639,1.);
#2639 = DIRECTION('',(0.997599296086,6.925059168842E-02,0.));
#2640 = ORIENTED_EDGE('',*,*,#2641,.T.);
#2641 = EDGE_CURVE('',#2634,#2642,#2644,.T.);
#2642 = VERTEX_POINT('',#2643);
#2643 = CARTESIAN_POINT('',(23.938987,-97.375099,-7.5E-02));
#2644 = LINE('',#2645,#2646);
#2645 = CARTESIAN_POINT('',(23.892768,-97.412681,-7.5E-02));
#2646 = VECTOR('',#2647,1.);
#2647 = DIRECTION('',(0.77587517507,0.630886449934,0.));
#2648 = ORIENTED_EDGE('',*,*,#2649,.T.);
#2649 = EDGE_CURVE('',#2642,#2650,#2652,.T.);
#2650 = VERTEX_POINT('',#2651);
#2651 = CARTESIAN_POINT('',(23.952303,-97.355539,-7.5E-02));
#2652 = LINE('',#2653,#2654);
#2653 = CARTESIAN_POINT('',(23.938987,-97.375099,-7.5E-02));
#2654 = VECTOR('',#2655,1.);
#2655 = DIRECTION('',(0.56274919889,0.82662769077,0.));
#2656 = ORIENTED_EDGE('',*,*,#2657,.T.);
#2657 = EDGE_CURVE('',#2650,#2658,#2660,.T.);
#2658 = VERTEX_POINT('',#2659);
#2659 = CARTESIAN_POINT('',(23.95982,-97.33007,-7.5E-02));
#2660 = LINE('',#2661,#2662);
#2661 = CARTESIAN_POINT('',(23.952303,-97.355539,-7.5E-02));
#2662 = VECTOR('',#2663,1.);
#2663 = DIRECTION('',(0.283071417493,0.959098833593,0.));
#2664 = ORIENTED_EDGE('',*,*,#2665,.T.);
#2665 = EDGE_CURVE('',#2658,#2666,#2668,.T.);
#2666 = VERTEX_POINT('',#2667);
#2667 = CARTESIAN_POINT('',(23.963355,-97.191445,-7.5E-02));
#2668 = LINE('',#2669,#2670);
#2669 = CARTESIAN_POINT('',(23.95982,-97.33007,-7.5E-02));
#2670 = VECTOR('',#2671,1.);
#2671 = DIRECTION('',(2.549216377079E-02,0.999675021988,0.));
#2672 = ORIENTED_EDGE('',*,*,#2673,.T.);
#2673 = EDGE_CURVE('',#2666,#2674,#2676,.T.);
#2674 = VERTEX_POINT('',#2675);
#2675 = CARTESIAN_POINT('',(23.95608,-97.124147,-7.5E-02));
#2676 = LINE('',#2677,#2678);
#2677 = CARTESIAN_POINT('',(23.963355,-97.191445,-7.5E-02));
#2678 = VECTOR('',#2679,1.);
#2679 = DIRECTION('',(-0.107475133698,0.994207772871,0.));
#2680 = ORIENTED_EDGE('',*,*,#2681,.T.);
#2681 = EDGE_CURVE('',#2674,#2559,#2682,.T.);
#2682 = LINE('',#2683,#2684);
#2683 = CARTESIAN_POINT('',(23.95608,-97.124147,-7.5E-02));
#2684 = VECTOR('',#2685,1.);
#2685 = DIRECTION('',(-0.35243140779,0.935837647673,0.));
#2686 = PLANE('',#2687);
#2687 = AXIS2_PLACEMENT_3D('',#2688,#2689,#2690);
#2688 = CARTESIAN_POINT('',(0.,0.,-7.5E-02));
#2689 = DIRECTION('',(-0.,-0.,-1.));
#2690 = DIRECTION('',(-1.,0.,0.));
#2691 = SHELL_BASED_SURFACE_MODEL('',(#2692));
#2692 = OPEN_SHELL('',(#2693));
#2693 = ADVANCED_FACE('',(#2694),#2890,.T.);
#2694 = FACE_BOUND('',#2695,.T.);
#2695 = EDGE_LOOP('',(#2696,#2707,#2715,#2723,#2731,#2739,#2747,#2755,
    #2763,#2771,#2779,#2787,#2795,#2804,#2812,#2820,#2828,#2836,#2844,
    #2852,#2860,#2868,#2876,#2884));
#2696 = ORIENTED_EDGE('',*,*,#2697,.T.);
#2697 = EDGE_CURVE('',#2698,#2700,#2702,.T.);
#2698 = VERTEX_POINT('',#2699);
#2699 = CARTESIAN_POINT('',(22.634824,-96.950395,-7.5E-02));
#2700 = VERTEX_POINT('',#2701);
#2701 = CARTESIAN_POINT('',(22.902331,-96.94613,-7.5E-02));
#2702 = CIRCLE('',#2703,0.227712412107);
#2703 = AXIS2_PLACEMENT_3D('',#2704,#2705,#2706);
#2704 = CARTESIAN_POINT('',(22.771515165074,-97.13251712391,-7.5E-02));
#2705 = DIRECTION('',(0.,0.,-1.));
#2706 = DIRECTION('',(-0.600279817026,0.799790060748,0.));
#2707 = ORIENTED_EDGE('',*,*,#2708,.T.);
#2708 = EDGE_CURVE('',#2700,#2709,#2711,.T.);
#2709 = VERTEX_POINT('',#2710);
#2710 = CARTESIAN_POINT('',(22.958524,-97.001994,-7.5E-02));
#2711 = LINE('',#2712,#2713);
#2712 = CARTESIAN_POINT('',(22.902331,-96.94613,-7.5E-02));
#2713 = VECTOR('',#2714,1.);
#2714 = DIRECTION('',(0.709179794181,-0.705027672879,0.));
#2715 = ORIENTED_EDGE('',*,*,#2716,.T.);
#2716 = EDGE_CURVE('',#2709,#2717,#2719,.T.);
#2717 = VERTEX_POINT('',#2718);
#2718 = CARTESIAN_POINT('',(22.980253,-97.040236,-7.5E-02));
#2719 = LINE('',#2720,#2721);
#2720 = CARTESIAN_POINT('',(22.958524,-97.001994,-7.5E-02));
#2721 = VECTOR('',#2722,1.);
#2722 = DIRECTION('',(0.494019563533,-0.869450786903,0.));
#2723 = ORIENTED_EDGE('',*,*,#2724,.T.);
#2724 = EDGE_CURVE('',#2717,#2725,#2727,.T.);
#2725 = VERTEX_POINT('',#2726);
#2726 = CARTESIAN_POINT('',(22.991809,-97.1004,-7.5E-02));
#2727 = LINE('',#2728,#2729);
#2728 = CARTESIAN_POINT('',(22.980253,-97.040236,-7.5E-02));
#2729 = VECTOR('',#2730,1.);
#2730 = DIRECTION('',(0.188627018586,-0.98204880116,0.));
#2731 = ORIENTED_EDGE('',*,*,#2732,.T.);
#2732 = EDGE_CURVE('',#2725,#2733,#2735,.T.);
#2733 = VERTEX_POINT('',#2734);
#2734 = CARTESIAN_POINT('',(23.002001,-97.57248,-7.5E-02));
#2735 = LINE('',#2736,#2737);
#2736 = CARTESIAN_POINT('',(22.991809,-97.1004,-7.5E-02));
#2737 = VECTOR('',#2738,1.);
#2738 = DIRECTION('',(2.158453130363E-02,-0.999767026866,0.));
#2739 = ORIENTED_EDGE('',*,*,#2740,.T.);
#2740 = EDGE_CURVE('',#2733,#2741,#2743,.T.);
#2741 = VERTEX_POINT('',#2742);
#2742 = CARTESIAN_POINT('',(22.923067,-97.545645,-7.5E-02));
#2743 = LINE('',#2744,#2745);
#2744 = CARTESIAN_POINT('',(23.002001,-97.57248,-7.5E-02));
#2745 = VECTOR('',#2746,1.);
#2746 = DIRECTION('',(-0.946782102705,0.321875208733,0.));
#2747 = ORIENTED_EDGE('',*,*,#2748,.T.);
#2748 = EDGE_CURVE('',#2741,#2749,#2751,.T.);
#2749 = VERTEX_POINT('',#2750);
#2750 = CARTESIAN_POINT('',(22.895619,-97.531915,-7.5E-02));
#2751 = LINE('',#2752,#2753);
#2752 = CARTESIAN_POINT('',(22.923067,-97.545645,-7.5E-02));
#2753 = VECTOR('',#2754,1.);
#2754 = DIRECTION('',(-0.894348977182,0.44736998895,0.));
#2755 = ORIENTED_EDGE('',*,*,#2756,.T.);
#2756 = EDGE_CURVE('',#2749,#2757,#2759,.T.);
#2757 = VERTEX_POINT('',#2758);
#2758 = CARTESIAN_POINT('',(22.877358,-97.513605,-7.5E-02));
#2759 = LINE('',#2760,#2761);
#2760 = CARTESIAN_POINT('',(22.895619,-97.531915,-7.5E-02));
#2761 = VECTOR('',#2762,1.);
#2762 = DIRECTION('',(-0.706158723627,0.708053569334,0.));
#2763 = ORIENTED_EDGE('',*,*,#2764,.T.);
#2764 = EDGE_CURVE('',#2757,#2765,#2767,.T.);
#2765 = VERTEX_POINT('',#2766);
#2766 = CARTESIAN_POINT('',(22.867122,-97.487061,-7.5E-02));
#2767 = LINE('',#2768,#2769);
#2768 = CARTESIAN_POINT('',(22.877358,-97.513605,-7.5E-02));
#2769 = VECTOR('',#2770,1.);
#2770 = DIRECTION('',(-0.359798631739,0.933029980547,0.));
#2771 = ORIENTED_EDGE('',*,*,#2772,.T.);
#2772 = EDGE_CURVE('',#2765,#2773,#2775,.T.);
#2773 = VERTEX_POINT('',#2774);
#2774 = CARTESIAN_POINT('',(22.860982,-97.38927,-7.5E-02));
#2775 = LINE('',#2776,#2777);
#2776 = CARTESIAN_POINT('',(22.867122,-97.487061,-7.5E-02));
#2777 = VECTOR('',#2778,1.);
#2778 = DIRECTION('',(-6.266356927692E-02,0.998034707355,0.));
#2779 = ORIENTED_EDGE('',*,*,#2780,.T.);
#2780 = EDGE_CURVE('',#2773,#2781,#2783,.T.);
#2781 = VERTEX_POINT('',#2782);
#2782 = CARTESIAN_POINT('',(22.856758,-97.136949,-7.5E-02));
#2783 = LINE('',#2784,#2785);
#2784 = CARTESIAN_POINT('',(22.860982,-97.38927,-7.5E-02));
#2785 = VECTOR('',#2786,1.);
#2786 = DIRECTION('',(-1.673823519501E-02,0.999859905928,0.));
#2787 = ORIENTED_EDGE('',*,*,#2788,.T.);
#2788 = EDGE_CURVE('',#2781,#2789,#2791,.T.);
#2789 = VERTEX_POINT('',#2790);
#2790 = CARTESIAN_POINT('',(22.844247,-97.092313,-7.5E-02));
#2791 = LINE('',#2792,#2793);
#2792 = CARTESIAN_POINT('',(22.856758,-97.136949,-7.5E-02));
#2793 = VECTOR('',#2794,1.);
#2794 = DIRECTION('',(-0.269888364759,0.962891619326,0.));
#2795 = ORIENTED_EDGE('',*,*,#2796,.T.);
#2796 = EDGE_CURVE('',#2789,#2797,#2799,.T.);
#2797 = VERTEX_POINT('',#2798);
#2798 = CARTESIAN_POINT('',(22.76082,-97.053234,-7.5E-02));
#2799 = CIRCLE('',#2800,8.988258204738E-02);
#2800 = AXIS2_PLACEMENT_3D('',#2801,#2802,#2803);
#2801 = CARTESIAN_POINT('',(22.769793644582,-97.14266750747,-7.5E-02));
#2802 = DIRECTION('',(0.,0.,1.));
#2803 = DIRECTION('',(0.828340193636,0.560225422136,-0.));
#2804 = ORIENTED_EDGE('',*,*,#2805,.T.);
#2805 = EDGE_CURVE('',#2797,#2806,#2808,.T.);
#2806 = VERTEX_POINT('',#2807);
#2807 = CARTESIAN_POINT('',(22.712999,-97.073163,-7.5E-02));
#2808 = LINE('',#2809,#2810);
#2809 = CARTESIAN_POINT('',(22.76082,-97.053234,-7.5E-02));
#2810 = VECTOR('',#2811,1.);
#2811 = DIRECTION('',(-0.923052365093,-0.384674318478,0.));
#2812 = ORIENTED_EDGE('',*,*,#2813,.T.);
#2813 = EDGE_CURVE('',#2806,#2814,#2816,.T.);
#2814 = VERTEX_POINT('',#2815);
#2815 = CARTESIAN_POINT('',(22.697383,-97.100158,-7.5E-02));
#2816 = LINE('',#2817,#2818);
#2817 = CARTESIAN_POINT('',(22.712999,-97.073163,-7.5E-02));
#2818 = VECTOR('',#2819,1.);
#2819 = DIRECTION('',(-0.500731619218,-0.865602590982,0.));
#2820 = ORIENTED_EDGE('',*,*,#2821,.T.);
#2821 = EDGE_CURVE('',#2814,#2822,#2824,.T.);
#2822 = VERTEX_POINT('',#2823);
#2823 = CARTESIAN_POINT('',(22.685251,-97.238233,-7.5E-02));
#2824 = LINE('',#2825,#2826);
#2825 = CARTESIAN_POINT('',(22.697383,-97.100158,-7.5E-02));
#2826 = VECTOR('',#2827,1.);
#2827 = DIRECTION('',(-8.752806833689E-02,-0.996162053711,0.));
#2828 = ORIENTED_EDGE('',*,*,#2829,.T.);
#2829 = EDGE_CURVE('',#2822,#2830,#2832,.T.);
#2830 = VERTEX_POINT('',#2831);
#2831 = CARTESIAN_POINT('',(22.673427,-97.571338,-7.5E-02));
#2832 = LINE('',#2833,#2834);
#2833 = CARTESIAN_POINT('',(22.685251,-97.238233,-7.5E-02));
#2834 = VECTOR('',#2835,1.);
#2835 = DIRECTION('',(-3.547397361379E-02,-0.999370600526,0.));
#2836 = ORIENTED_EDGE('',*,*,#2837,.T.);
#2837 = EDGE_CURVE('',#2830,#2838,#2840,.T.);
#2838 = VERTEX_POINT('',#2839);
#2839 = CARTESIAN_POINT('',(22.544584,-97.516954,-7.5E-02));
#2840 = LINE('',#2841,#2842);
#2841 = CARTESIAN_POINT('',(22.673427,-97.571338,-7.5E-02));
#2842 = VECTOR('',#2843,1.);
#2843 = DIRECTION('',(-0.921291521018,0.388872644063,0.));
#2844 = ORIENTED_EDGE('',*,*,#2845,.T.);
#2845 = EDGE_CURVE('',#2838,#2846,#2848,.T.);
#2846 = VERTEX_POINT('',#2847);
#2847 = CARTESIAN_POINT('',(22.544106,-97.150442,-7.5E-02));
#2848 = LINE('',#2849,#2850);
#2849 = CARTESIAN_POINT('',(22.544584,-97.516954,-7.5E-02));
#2850 = VECTOR('',#2851,1.);
#2851 = DIRECTION('',(-1.304185384069E-03,0.99999914955,0.));
#2852 = ORIENTED_EDGE('',*,*,#2853,.T.);
#2853 = EDGE_CURVE('',#2846,#2854,#2856,.T.);
#2854 = VERTEX_POINT('',#2855);
#2855 = CARTESIAN_POINT('',(22.549784,-97.088125,-7.5E-02));
#2856 = LINE('',#2857,#2858);
#2857 = CARTESIAN_POINT('',(22.544106,-97.150442,-7.5E-02));
#2858 = VECTOR('',#2859,1.);
#2859 = DIRECTION('',(9.073890974017E-02,0.995874716146,0.));
#2860 = ORIENTED_EDGE('',*,*,#2861,.T.);
#2861 = EDGE_CURVE('',#2854,#2862,#2864,.T.);
#2862 = VERTEX_POINT('',#2863);
#2863 = CARTESIAN_POINT('',(22.560427,-97.041598,-7.5E-02));
#2864 = LINE('',#2865,#2866);
#2865 = CARTESIAN_POINT('',(22.549784,-97.088125,-7.5E-02));
#2866 = VECTOR('',#2867,1.);
#2867 = DIRECTION('',(0.222989210047,0.974820912887,0.));
#2868 = ORIENTED_EDGE('',*,*,#2869,.T.);
#2869 = EDGE_CURVE('',#2862,#2870,#2872,.T.);
#2870 = VERTEX_POINT('',#2871);
#2871 = CARTESIAN_POINT('',(22.57744,-97.006256,-7.5E-02));
#2872 = LINE('',#2873,#2874);
#2873 = CARTESIAN_POINT('',(22.560427,-97.041598,-7.5E-02));
#2874 = VECTOR('',#2875,1.);
#2875 = DIRECTION('',(0.433742795389,0.901036729245,0.));
#2876 = ORIENTED_EDGE('',*,*,#2877,.T.);
#2877 = EDGE_CURVE('',#2870,#2878,#2880,.T.);
#2878 = VERTEX_POINT('',#2879);
#2879 = CARTESIAN_POINT('',(22.601759,-96.977611,-7.5E-02));
#2880 = LINE('',#2881,#2882);
#2881 = CARTESIAN_POINT('',(22.57744,-97.006256,-7.5E-02));
#2882 = VECTOR('',#2883,1.);
#2883 = DIRECTION('',(0.647196390913,0.762323311719,0.));
#2884 = ORIENTED_EDGE('',*,*,#2885,.T.);
#2885 = EDGE_CURVE('',#2878,#2698,#2886,.T.);
#2886 = LINE('',#2887,#2888);
#2887 = CARTESIAN_POINT('',(22.601759,-96.977611,-7.5E-02));
#2888 = VECTOR('',#2889,1.);
#2889 = DIRECTION('',(0.7720906327,0.635512434888,0.));
#2890 = PLANE('',#2891);
#2891 = AXIS2_PLACEMENT_3D('',#2892,#2893,#2894);
#2892 = CARTESIAN_POINT('',(0.,0.,-7.5E-02));
#2893 = DIRECTION('',(-0.,-0.,-1.));
#2894 = DIRECTION('',(-1.,0.,0.));
#2895 = SHELL_BASED_SURFACE_MODEL('',(#2896));
#2896 = OPEN_SHELL('',(#2897));
#2897 = ADVANCED_FACE('',(#2898,#3040),#3163,.T.);
#2898 = FACE_BOUND('',#2899,.T.);
#2899 = EDGE_LOOP('',(#2900,#2911,#2919,#2928,#2936,#2944,#2952,#2960,
    #2968,#2976,#2985,#2993,#3001,#3009,#3018,#3026,#3034));
#2900 = ORIENTED_EDGE('',*,*,#2901,.T.);
#2901 = EDGE_CURVE('',#2902,#2904,#2906,.T.);
#2902 = VERTEX_POINT('',#2903);
#2903 = CARTESIAN_POINT('',(24.288528,-96.953307,-7.5E-02));
#2904 = VERTEX_POINT('',#2905);
#2905 = CARTESIAN_POINT('',(24.464548,-96.905333,-7.5E-02));
#2906 = CIRCLE('',#2907,0.276446446822);
#2907 = AXIS2_PLACEMENT_3D('',#2908,#2909,#2910);
#2908 = CARTESIAN_POINT('',(24.445159935347,-97.18109873556,-7.5E-02));
#2909 = DIRECTION('',(0.,0.,-1.));
#2910 = DIRECTION('',(-0.566590517433,0.823999505798,0.));
#2911 = ORIENTED_EDGE('',*,*,#2912,.T.);
#2912 = EDGE_CURVE('',#2904,#2913,#2915,.T.);
#2913 = VERTEX_POINT('',#2914);
#2914 = CARTESIAN_POINT('',(24.532579,-96.919731,-7.5E-02));
#2915 = LINE('',#2916,#2917);
#2916 = CARTESIAN_POINT('',(24.464548,-96.905333,-7.5E-02));
#2917 = VECTOR('',#2918,1.);
#2918 = DIRECTION('',(0.978329820224,-0.207052560621,0.));
#2919 = ORIENTED_EDGE('',*,*,#2920,.T.);
#2920 = EDGE_CURVE('',#2913,#2921,#2923,.T.);
#2921 = VERTEX_POINT('',#2922);
#2922 = CARTESIAN_POINT('',(24.670174,-97.160377,-7.5E-02));
#2923 = CIRCLE('',#2924,0.239609217592);
#2924 = AXIS2_PLACEMENT_3D('',#2925,#2926,#2927);
#2925 = CARTESIAN_POINT('',(24.43170102916,-97.13706993382,-7.5E-02));
#2926 = DIRECTION('',(0.,0.,-1.));
#2927 = DIRECTION('',(0.421010392895,0.907055813649,0.));
#2928 = ORIENTED_EDGE('',*,*,#2929,.T.);
#2929 = EDGE_CURVE('',#2921,#2930,#2932,.T.);
#2930 = VERTEX_POINT('',#2931);
#2931 = CARTESIAN_POINT('',(24.667144,-97.370832,-7.5E-02));
#2932 = LINE('',#2933,#2934);
#2933 = CARTESIAN_POINT('',(24.670174,-97.160377,-7.5E-02));
#2934 = VECTOR('',#2935,1.);
#2935 = DIRECTION('',(-1.439588516711E-02,-0.999896373876,0.));
#2936 = ORIENTED_EDGE('',*,*,#2937,.T.);
#2937 = EDGE_CURVE('',#2930,#2938,#2940,.T.);
#2938 = VERTEX_POINT('',#2939);
#2939 = CARTESIAN_POINT('',(24.651423,-97.432669,-7.5E-02));
#2940 = LINE('',#2941,#2942);
#2941 = CARTESIAN_POINT('',(24.667144,-97.370832,-7.5E-02));
#2942 = VECTOR('',#2943,1.);
#2943 = DIRECTION('',(-0.246394786838,-0.969169546065,0.));
#2944 = ORIENTED_EDGE('',*,*,#2945,.T.);
#2945 = EDGE_CURVE('',#2938,#2946,#2948,.T.);
#2946 = VERTEX_POINT('',#2947);
#2947 = CARTESIAN_POINT('',(24.632879,-97.462859,-7.5E-02));
#2948 = LINE('',#2949,#2950);
#2949 = CARTESIAN_POINT('',(24.651423,-97.432669,-7.5E-02));
#2950 = VECTOR('',#2951,1.);
#2951 = DIRECTION('',(-0.523391759024,-0.852092170241,0.));
#2952 = ORIENTED_EDGE('',*,*,#2953,.T.);
#2953 = EDGE_CURVE('',#2946,#2954,#2956,.T.);
#2954 = VERTEX_POINT('',#2955);
#2955 = CARTESIAN_POINT('',(24.594755,-97.503232,-7.5E-02));
#2956 = LINE('',#2957,#2958);
#2957 = CARTESIAN_POINT('',(24.632879,-97.462859,-7.5E-02));
#2958 = VECTOR('',#2959,1.);
#2959 = DIRECTION('',(-0.686565891029,-0.727067587832,0.));
#2960 = ORIENTED_EDGE('',*,*,#2961,.T.);
#2961 = EDGE_CURVE('',#2954,#2962,#2964,.T.);
#2962 = VERTEX_POINT('',#2963);
#2963 = CARTESIAN_POINT('',(24.551342,-97.533661,-7.5E-02));
#2964 = LINE('',#2965,#2966);
#2965 = CARTESIAN_POINT('',(24.594755,-97.503232,-7.5E-02));
#2966 = VECTOR('',#2967,1.);
#2967 = DIRECTION('',(-0.818878187668,-0.573967345554,0.));
#2968 = ORIENTED_EDGE('',*,*,#2969,.T.);
#2969 = EDGE_CURVE('',#2962,#2970,#2972,.T.);
#2970 = VERTEX_POINT('',#2971);
#2971 = CARTESIAN_POINT('',(24.528463,-97.543707,-7.5E-02));
#2972 = LINE('',#2973,#2974);
#2973 = CARTESIAN_POINT('',(24.551342,-97.533661,-7.5E-02));
#2974 = VECTOR('',#2975,1.);
#2975 = DIRECTION('',(-0.915621034572,-0.402042436877,0.));
#2976 = ORIENTED_EDGE('',*,*,#2977,.T.);
#2977 = EDGE_CURVE('',#2970,#2978,#2980,.T.);
#2978 = VERTEX_POINT('',#2979);
#2979 = CARTESIAN_POINT('',(24.296123,-97.512256,-7.5E-02));
#2980 = CIRCLE('',#2981,0.242724118269);
#2981 = AXIS2_PLACEMENT_3D('',#2982,#2983,#2984);
#2982 = CARTESIAN_POINT('',(24.440803397904,-97.31736479945,-7.5E-02));
#2983 = DIRECTION('',(-0.,0.,-1.));
#2984 = DIRECTION('',(0.361149121567,-0.9325080761,-0.));
#2985 = ORIENTED_EDGE('',*,*,#2986,.T.);
#2986 = EDGE_CURVE('',#2978,#2987,#2989,.T.);
#2987 = VERTEX_POINT('',#2988);
#2988 = CARTESIAN_POINT('',(24.229575,-97.442549,-7.5E-02));
#2989 = LINE('',#2990,#2991);
#2990 = CARTESIAN_POINT('',(24.296123,-97.512256,-7.5E-02));
#2991 = VECTOR('',#2992,1.);
#2992 = DIRECTION('',(-0.690527323948,0.723306307785,0.));
#2993 = ORIENTED_EDGE('',*,*,#2994,.T.);
#2994 = EDGE_CURVE('',#2987,#2995,#2997,.T.);
#2995 = VERTEX_POINT('',#2996);
#2996 = CARTESIAN_POINT('',(24.212803,-97.395191,-7.5E-02));
#2997 = LINE('',#2998,#2999);
#2998 = CARTESIAN_POINT('',(24.229575,-97.442549,-7.5E-02));
#2999 = VECTOR('',#3000,1.);
#3000 = DIRECTION('',(-0.333836088503,0.942631139955,0.));
#3001 = ORIENTED_EDGE('',*,*,#3002,.T.);
#3002 = EDGE_CURVE('',#2995,#3003,#3005,.T.);
#3003 = VERTEX_POINT('',#3004);
#3004 = CARTESIAN_POINT('',(24.201586,-97.329913,-7.5E-02));
#3005 = LINE('',#3006,#3007);
#3006 = CARTESIAN_POINT('',(24.212803,-97.395191,-7.5E-02));
#3007 = VECTOR('',#3008,1.);
#3008 = DIRECTION('',(-0.169352262587,0.985555585016,0.));
#3009 = ORIENTED_EDGE('',*,*,#3010,.T.);
#3010 = EDGE_CURVE('',#3003,#3011,#3013,.T.);
#3011 = VERTEX_POINT('',#3012);
#3012 = CARTESIAN_POINT('',(24.204086,-97.106671,-7.5E-02));
#3013 = CIRCLE('',#3014,0.891809428639);
#3014 = AXIS2_PLACEMENT_3D('',#3015,#3016,#3017);
#3015 = CARTESIAN_POINT('',(25.08757612071,-97.22819985919,-7.5E-02));
#3016 = DIRECTION('',(0.,0.,-1.));
#3017 = DIRECTION('',(-0.993474718094,-0.114052551522,-0.));
#3018 = ORIENTED_EDGE('',*,*,#3019,.T.);
#3019 = EDGE_CURVE('',#3011,#3020,#3022,.T.);
#3020 = VERTEX_POINT('',#3021);
#3021 = CARTESIAN_POINT('',(24.218311,-97.050142,-7.5E-02));
#3022 = LINE('',#3023,#3024);
#3023 = CARTESIAN_POINT('',(24.204086,-97.106671,-7.5E-02));
#3024 = VECTOR('',#3025,1.);
#3025 = DIRECTION('',(0.244032885137,0.969766957043,0.));
#3026 = ORIENTED_EDGE('',*,*,#3027,.T.);
#3027 = EDGE_CURVE('',#3020,#3028,#3030,.T.);
#3028 = VERTEX_POINT('',#3029);
#3029 = CARTESIAN_POINT('',(24.236881,-97.012015,-7.5E-02));
#3030 = LINE('',#3031,#3032);
#3031 = CARTESIAN_POINT('',(24.218311,-97.050142,-7.5E-02));
#3032 = VECTOR('',#3033,1.);
#3033 = DIRECTION('',(0.437880000162,0.899033428443,0.));
#3034 = ORIENTED_EDGE('',*,*,#3035,.T.);
#3035 = EDGE_CURVE('',#3028,#2902,#3036,.T.);
#3036 = LINE('',#3037,#3038);
#3037 = CARTESIAN_POINT('',(24.236881,-97.012015,-7.5E-02));
#3038 = VECTOR('',#3039,1.);
#3039 = DIRECTION('',(0.660512278861,0.750815243235,0.));
#3040 = FACE_BOUND('',#3041,.T.);
#3041 = EDGE_LOOP('',(#3042,#3053,#3061,#3069,#3077,#3085,#3093,#3101,
    #3109,#3117,#3125,#3133,#3141,#3149,#3157));
#3042 = ORIENTED_EDGE('',*,*,#3043,.T.);
#3043 = EDGE_CURVE('',#3044,#3046,#3048,.T.);
#3044 = VERTEX_POINT('',#3045);
#3045 = CARTESIAN_POINT('',(24.507022,-97.110292,-7.5E-02));
#3046 = VERTEX_POINT('',#3047);
#3047 = CARTESIAN_POINT('',(24.424897,-97.052531,-7.5E-02));
#3048 = CIRCLE('',#3049,6.540271068715E-02);
#3049 = AXIS2_PLACEMENT_3D('',#3050,#3051,#3052);
#3050 = CARTESIAN_POINT('',(24.441843270808,-97.11570012593,-7.5E-02));
#3051 = DIRECTION('',(0.,0.,1.));
#3052 = DIRECTION('',(0.996575348447,8.26896297511E-02,-0.));
#3053 = ORIENTED_EDGE('',*,*,#3054,.T.);
#3054 = EDGE_CURVE('',#3046,#3055,#3057,.T.);
#3055 = VERTEX_POINT('',#3056);
#3056 = CARTESIAN_POINT('',(24.389112,-97.071887,-7.5E-02));
#3057 = LINE('',#3058,#3059);
#3058 = CARTESIAN_POINT('',(24.424897,-97.052531,-7.5E-02));
#3059 = VECTOR('',#3060,1.);
#3060 = DIRECTION('',(-0.879575315651,-0.475759670525,0.));
#3061 = ORIENTED_EDGE('',*,*,#3062,.T.);
#3062 = EDGE_CURVE('',#3055,#3063,#3065,.T.);
#3063 = VERTEX_POINT('',#3064);
#3064 = CARTESIAN_POINT('',(24.365102,-97.115957,-7.5E-02));
#3065 = LINE('',#3066,#3067);
#3066 = CARTESIAN_POINT('',(24.389112,-97.071887,-7.5E-02));
#3067 = VECTOR('',#3068,1.);
#3068 = DIRECTION('',(-0.478419288443,-0.878131530265,0.));
#3069 = ORIENTED_EDGE('',*,*,#3070,.T.);
#3070 = EDGE_CURVE('',#3063,#3071,#3073,.T.);
#3071 = VERTEX_POINT('',#3072);
#3072 = CARTESIAN_POINT('',(24.353253,-97.185902,-7.5E-02));
#3073 = LINE('',#3074,#3075);
#3074 = CARTESIAN_POINT('',(24.365102,-97.115957,-7.5E-02));
#3075 = VECTOR('',#3076,1.);
#3076 = DIRECTION('',(-0.167024853417,-0.98595268565,0.));
#3077 = ORIENTED_EDGE('',*,*,#3078,.T.);
#3078 = EDGE_CURVE('',#3071,#3079,#3081,.T.);
#3079 = VERTEX_POINT('',#3080);
#3080 = CARTESIAN_POINT('',(24.354841,-97.287058,-7.5E-02));
#3081 = LINE('',#3082,#3083);
#3082 = CARTESIAN_POINT('',(24.353253,-97.185902,-7.5E-02));
#3083 = VECTOR('',#3084,1.);
#3084 = DIRECTION('',(1.569659100669E-02,-0.999876800926,0.));
#3085 = ORIENTED_EDGE('',*,*,#3086,.T.);
#3086 = EDGE_CURVE('',#3079,#3087,#3089,.T.);
#3087 = VERTEX_POINT('',#3088);
#3088 = CARTESIAN_POINT('',(24.36152,-97.339304,-7.5E-02));
#3089 = LINE('',#3090,#3091);
#3090 = CARTESIAN_POINT('',(24.354841,-97.287058,-7.5E-02));
#3091 = VECTOR('',#3092,1.);
#3092 = DIRECTION('',(0.126805580839,-0.991927590436,0.));
#3093 = ORIENTED_EDGE('',*,*,#3094,.T.);
#3094 = EDGE_CURVE('',#3087,#3095,#3097,.T.);
#3095 = VERTEX_POINT('',#3096);
#3096 = CARTESIAN_POINT('',(24.373052,-97.371435,-7.5E-02));
#3097 = LINE('',#3098,#3099);
#3098 = CARTESIAN_POINT('',(24.36152,-97.339304,-7.5E-02));
#3099 = VECTOR('',#3100,1.);
#3100 = DIRECTION('',(0.337807531717,-0.941215209989,0.));
#3101 = ORIENTED_EDGE('',*,*,#3102,.T.);
#3102 = EDGE_CURVE('',#3095,#3103,#3105,.T.);
#3103 = VERTEX_POINT('',#3104);
#3104 = CARTESIAN_POINT('',(24.392278,-97.39317,-7.5E-02));
#3105 = LINE('',#3106,#3107);
#3106 = CARTESIAN_POINT('',(24.373052,-97.371435,-7.5E-02));
#3107 = VECTOR('',#3108,1.);
#3108 = DIRECTION('',(0.662552318613,-0.749015637421,0.));
#3109 = ORIENTED_EDGE('',*,*,#3110,.T.);
#3110 = EDGE_CURVE('',#3103,#3111,#3113,.T.);
#3111 = VERTEX_POINT('',#3112);
#3112 = CARTESIAN_POINT('',(24.424619,-97.413596,-7.5E-02));
#3113 = LINE('',#3114,#3115);
#3114 = CARTESIAN_POINT('',(24.392278,-97.39317,-7.5E-02));
#3115 = VECTOR('',#3116,1.);
#3116 = DIRECTION('',(0.845487660594,-0.533994958575,0.));
#3117 = ORIENTED_EDGE('',*,*,#3118,.T.);
#3118 = EDGE_CURVE('',#3111,#3119,#3121,.T.);
#3119 = VERTEX_POINT('',#3120);
#3120 = CARTESIAN_POINT('',(24.455286,-97.414626,-7.5E-02));
#3121 = LINE('',#3122,#3123);
#3122 = CARTESIAN_POINT('',(24.424619,-97.413596,-7.5E-02));
#3123 = VECTOR('',#3124,1.);
#3124 = DIRECTION('',(0.999436447183,-3.356766363188E-02,0.));
#3125 = ORIENTED_EDGE('',*,*,#3126,.T.);
#3126 = EDGE_CURVE('',#3119,#3127,#3129,.T.);
#3127 = VERTEX_POINT('',#3128);
#3128 = CARTESIAN_POINT('',(24.493571,-97.385299,-7.5E-02));
#3129 = LINE('',#3130,#3131);
#3130 = CARTESIAN_POINT('',(24.455286,-97.414626,-7.5E-02));
#3131 = VECTOR('',#3132,1.);
#3132 = DIRECTION('',(0.793854931237,0.608107184756,0.));
#3133 = ORIENTED_EDGE('',*,*,#3134,.T.);
#3134 = EDGE_CURVE('',#3127,#3135,#3137,.T.);
#3135 = VERTEX_POINT('',#3136);
#3136 = CARTESIAN_POINT('',(24.504744,-97.366843,-7.5E-02));
#3137 = LINE('',#3138,#3139);
#3138 = CARTESIAN_POINT('',(24.493571,-97.385299,-7.5E-02));
#3139 = VECTOR('',#3140,1.);
#3140 = DIRECTION('',(0.517879451263,0.855453607134,0.));
#3141 = ORIENTED_EDGE('',*,*,#3142,.T.);
#3142 = EDGE_CURVE('',#3135,#3143,#3145,.T.);
#3143 = VERTEX_POINT('',#3144);
#3144 = CARTESIAN_POINT('',(24.514728,-97.296212,-7.5E-02));
#3145 = LINE('',#3146,#3147);
#3146 = CARTESIAN_POINT('',(24.504744,-97.366843,-7.5E-02));
#3147 = VECTOR('',#3148,1.);
#3148 = DIRECTION('',(0.139962974779,0.990156737942,0.));
#3149 = ORIENTED_EDGE('',*,*,#3150,.T.);
#3150 = EDGE_CURVE('',#3143,#3151,#3153,.T.);
#3151 = VERTEX_POINT('',#3152);
#3152 = CARTESIAN_POINT('',(24.514131,-97.168507,-7.5E-02));
#3153 = LINE('',#3154,#3155);
#3154 = CARTESIAN_POINT('',(24.514728,-97.296212,-7.5E-02));
#3155 = VECTOR('',#3156,1.);
#3156 = DIRECTION('',(-4.674785456025E-03,0.999989073131,0.));
#3157 = ORIENTED_EDGE('',*,*,#3158,.T.);
#3158 = EDGE_CURVE('',#3151,#3044,#3159,.T.);
#3159 = LINE('',#3160,#3161);
#3160 = CARTESIAN_POINT('',(24.514131,-97.168507,-7.5E-02));
#3161 = VECTOR('',#3162,1.);
#3162 = DIRECTION('',(-0.121215828849,0.992626174769,0.));
#3163 = PLANE('',#3164);
#3164 = AXIS2_PLACEMENT_3D('',#3165,#3166,#3167);
#3165 = CARTESIAN_POINT('',(0.,0.,-7.5E-02));
#3166 = DIRECTION('',(-0.,-0.,-1.));
#3167 = DIRECTION('',(-1.,0.,0.));
#3168 = SHELL_BASED_SURFACE_MODEL('',(#3169));
#3169 = OPEN_SHELL('',(#3170));
#3170 = ADVANCED_FACE('',(#3171,#3432),#3499,.T.);
#3171 = FACE_BOUND('',#3172,.T.);
#3172 = EDGE_LOOP('',(#3173,#3184,#3192,#3201,#3209,#3217,#3225,#3234,
    #3242,#3250,#3258,#3266,#3274,#3282,#3290,#3298,#3306,#3314,#3322,
    #3330,#3338,#3346,#3354,#3362,#3370,#3378,#3386,#3394,#3402,#3410,
    #3418,#3426));
#3173 = ORIENTED_EDGE('',*,*,#3174,.T.);
#3174 = EDGE_CURVE('',#3175,#3177,#3179,.T.);
#3175 = VERTEX_POINT('',#3176);
#3176 = CARTESIAN_POINT('',(23.171682,-96.965586,-7.5E-02));
#3177 = VERTEX_POINT('',#3178);
#3178 = CARTESIAN_POINT('',(23.36605,-96.90836,-7.5E-02));
#3179 = CIRCLE('',#3180,0.227917562631);
#3180 = AXIS2_PLACEMENT_3D('',#3181,#3182,#3183);
#3181 = CARTESIAN_POINT('',(23.326528895298,-97.13282491404,-7.5E-02));
#3182 = DIRECTION('',(0.,0.,-1.));
#3183 = DIRECTION('',(-0.679398697979,0.733769316055,0.));
#3184 = ORIENTED_EDGE('',*,*,#3185,.T.);
#3185 = EDGE_CURVE('',#3177,#3186,#3188,.T.);
#3186 = VERTEX_POINT('',#3187);
#3187 = CARTESIAN_POINT('',(23.436489,-96.933988,-7.5E-02));
#3188 = LINE('',#3189,#3190);
#3189 = CARTESIAN_POINT('',(23.36605,-96.90836,-7.5E-02));
#3190 = VECTOR('',#3191,1.);
#3191 = DIRECTION('',(0.939734202138,-0.341905877886,0.));
#3192 = ORIENTED_EDGE('',*,*,#3193,.T.);
#3193 = EDGE_CURVE('',#3186,#3194,#3196,.T.);
#3194 = VERTEX_POINT('',#3195);
#3195 = CARTESIAN_POINT('',(23.557777,-97.105491,-7.5E-02));
#3196 = CIRCLE('',#3197,0.249492166304);
#3197 = AXIS2_PLACEMENT_3D('',#3198,#3199,#3200);
#3198 = CARTESIAN_POINT('',(23.312361931086,-97.15041076176,-7.5E-02));
#3199 = DIRECTION('',(0.,0.,-1.));
#3200 = DIRECTION('',(0.497518903109,0.867453134786,0.));
#3201 = ORIENTED_EDGE('',*,*,#3202,.T.);
#3202 = EDGE_CURVE('',#3194,#3203,#3205,.T.);
#3203 = VERTEX_POINT('',#3204);
#3204 = CARTESIAN_POINT('',(23.567295,-97.194265,-7.5E-02));
#3205 = LINE('',#3206,#3207);
#3206 = CARTESIAN_POINT('',(23.557777,-97.105491,-7.5E-02));
#3207 = VECTOR('',#3208,1.);
#3208 = DIRECTION('',(0.106605099488,-0.994301439586,0.));
#3209 = ORIENTED_EDGE('',*,*,#3210,.T.);
#3210 = EDGE_CURVE('',#3203,#3211,#3213,.T.);
#3211 = VERTEX_POINT('',#3212);
#3212 = CARTESIAN_POINT('',(23.559946,-97.328526,-7.5E-02));
#3213 = LINE('',#3214,#3215);
#3214 = CARTESIAN_POINT('',(23.567295,-97.194265,-7.5E-02));
#3215 = VECTOR('',#3216,1.);
#3216 = DIRECTION('',(-5.465485506885E-02,-0.998505306354,0.));
#3217 = ORIENTED_EDGE('',*,*,#3218,.T.);
#3218 = EDGE_CURVE('',#3211,#3219,#3221,.T.);
#3219 = VERTEX_POINT('',#3220);
#3220 = CARTESIAN_POINT('',(23.54003,-97.412782,-7.5E-02));
#3221 = LINE('',#3222,#3223);
#3222 = CARTESIAN_POINT('',(23.559946,-97.328526,-7.5E-02));
#3223 = VECTOR('',#3224,1.);
#3224 = DIRECTION('',(-0.23003579639,-0.973182168137,0.));
#3225 = ORIENTED_EDGE('',*,*,#3226,.T.);
#3226 = EDGE_CURVE('',#3219,#3227,#3229,.T.);
#3227 = VERTEX_POINT('',#3228);
#3228 = CARTESIAN_POINT('',(23.37654,-97.557182,-7.5E-02));
#3229 = CIRCLE('',#3230,0.227993636617);
#3230 = AXIS2_PLACEMENT_3D('',#3231,#3232,#3233);
#3231 = CARTESIAN_POINT('',(23.32574411827,-97.33491891998,-7.5E-02));
#3232 = DIRECTION('',(0.,0.,-1.));
#3233 = DIRECTION('',(0.939876590019,-0.34151426842,0.));
#3234 = ORIENTED_EDGE('',*,*,#3235,.T.);
#3235 = EDGE_CURVE('',#3227,#3236,#3238,.T.);
#3236 = VERTEX_POINT('',#3237);
#3237 = CARTESIAN_POINT('',(23.304025,-97.559478,-7.5E-02));
#3238 = LINE('',#3239,#3240);
#3239 = CARTESIAN_POINT('',(23.37654,-97.557182,-7.5E-02));
#3240 = VECTOR('',#3241,1.);
#3241 = DIRECTION('',(-0.999499122318,-3.164655567597E-02,0.));
#3242 = ORIENTED_EDGE('',*,*,#3243,.T.);
#3243 = EDGE_CURVE('',#3236,#3244,#3246,.T.);
#3244 = VERTEX_POINT('',#3245);
#3245 = CARTESIAN_POINT('',(23.234334,-97.53713,-7.5E-02));
#3246 = LINE('',#3247,#3248);
#3247 = CARTESIAN_POINT('',(23.304025,-97.559478,-7.5E-02));
#3248 = VECTOR('',#3249,1.);
#3249 = DIRECTION('',(-0.952238032362,0.305356725362,0.));
#3250 = ORIENTED_EDGE('',*,*,#3251,.T.);
#3251 = EDGE_CURVE('',#3244,#3252,#3254,.T.);
#3252 = VERTEX_POINT('',#3253);
#3253 = CARTESIAN_POINT('',(23.173131,-97.491973,-7.5E-02));
#3254 = LINE('',#3255,#3256);
#3255 = CARTESIAN_POINT('',(23.234334,-97.53713,-7.5E-02));
#3256 = VECTOR('',#3257,1.);
#3257 = DIRECTION('',(-0.804678616654,0.593710639874,0.));
#3258 = ORIENTED_EDGE('',*,*,#3259,.T.);
#3259 = EDGE_CURVE('',#3252,#3260,#3262,.T.);
#3260 = VERTEX_POINT('',#3261);
#3261 = CARTESIAN_POINT('',(23.125381,-97.42455,-7.5E-02));
#3262 = LINE('',#3263,#3264);
#3263 = CARTESIAN_POINT('',(23.173131,-97.491973,-7.5E-02));
#3264 = VECTOR('',#3265,1.);
#3265 = DIRECTION('',(-0.577953196212,0.816069913052,0.));
#3266 = ORIENTED_EDGE('',*,*,#3267,.T.);
#3267 = EDGE_CURVE('',#3260,#3268,#3270,.T.);
#3268 = VERTEX_POINT('',#3269);
#3269 = CARTESIAN_POINT('',(23.098405,-97.337557,-7.5E-02));
#3270 = LINE('',#3271,#3272);
#3271 = CARTESIAN_POINT('',(23.125381,-97.42455,-7.5E-02));
#3272 = VECTOR('',#3273,1.);
#3273 = DIRECTION('',(-0.296180607262,0.955131953126,0.));
#3274 = ORIENTED_EDGE('',*,*,#3275,.T.);
#3275 = EDGE_CURVE('',#3268,#3276,#3278,.T.);
#3276 = VERTEX_POINT('',#3277);
#3277 = CARTESIAN_POINT('',(23.092862,-97.262083,-7.5E-02));
#3278 = LINE('',#3279,#3280);
#3279 = CARTESIAN_POINT('',(23.098405,-97.337557,-7.5E-02));
#3280 = VECTOR('',#3281,1.);
#3281 = DIRECTION('',(-7.324524048151E-02,0.997313959968,0.));
#3282 = ORIENTED_EDGE('',*,*,#3283,.T.);
#3283 = EDGE_CURVE('',#3276,#3284,#3286,.T.);
#3284 = VERTEX_POINT('',#3285);
#3285 = CARTESIAN_POINT('',(23.106527,-97.244741,-7.5E-02));
#3286 = LINE('',#3287,#3288);
#3287 = CARTESIAN_POINT('',(23.092862,-97.262083,-7.5E-02));
#3288 = VECTOR('',#3289,1.);
#3289 = DIRECTION('',(0.618917107154,0.785456309716,0.));
#3290 = ORIENTED_EDGE('',*,*,#3291,.T.);
#3291 = EDGE_CURVE('',#3284,#3292,#3294,.T.);
#3292 = VERTEX_POINT('',#3293);
#3293 = CARTESIAN_POINT('',(23.150562,-97.260034,-7.5E-02));
#3294 = LINE('',#3295,#3296);
#3295 = CARTESIAN_POINT('',(23.106527,-97.244741,-7.5E-02));
#3296 = VECTOR('',#3297,1.);
#3297 = DIRECTION('',(0.944653258876,-0.328070450505,0.));
#3298 = ORIENTED_EDGE('',*,*,#3299,.T.);
#3299 = EDGE_CURVE('',#3292,#3300,#3302,.T.);
#3300 = VERTEX_POINT('',#3301);
#3301 = CARTESIAN_POINT('',(23.190377,-97.285789,-7.5E-02));
#3302 = LINE('',#3303,#3304);
#3303 = CARTESIAN_POINT('',(23.150562,-97.260034,-7.5E-02));
#3304 = VECTOR('',#3305,1.);
#3305 = DIRECTION('',(0.839643702475,-0.543137600332,0.));
#3306 = ORIENTED_EDGE('',*,*,#3307,.T.);
#3307 = EDGE_CURVE('',#3300,#3308,#3310,.T.);
#3308 = VERTEX_POINT('',#3309);
#3309 = CARTESIAN_POINT('',(23.224617,-97.316085,-7.5E-02));
#3310 = LINE('',#3311,#3312);
#3311 = CARTESIAN_POINT('',(23.190377,-97.285789,-7.5E-02));
#3312 = VECTOR('',#3313,1.);
#3313 = DIRECTION('',(0.748923079954,-0.662656940137,0.));
#3314 = ORIENTED_EDGE('',*,*,#3315,.T.);
#3315 = EDGE_CURVE('',#3308,#3316,#3318,.T.);
#3316 = VERTEX_POINT('',#3317);
#3317 = CARTESIAN_POINT('',(23.259212,-97.376344,-7.5E-02));
#3318 = LINE('',#3319,#3320);
#3319 = CARTESIAN_POINT('',(23.224617,-97.316085,-7.5E-02));
#3320 = VECTOR('',#3321,1.);
#3321 = DIRECTION('',(0.497887764335,-0.867241473942,0.));
#3322 = ORIENTED_EDGE('',*,*,#3323,.T.);
#3323 = EDGE_CURVE('',#3316,#3324,#3326,.T.);
#3324 = VERTEX_POINT('',#3325);
#3325 = CARTESIAN_POINT('',(23.293963,-97.406736,-7.5E-02));
#3326 = LINE('',#3327,#3328);
#3327 = CARTESIAN_POINT('',(23.259212,-97.376344,-7.5E-02));
#3328 = VECTOR('',#3329,1.);
#3329 = DIRECTION('',(0.752739032974,-0.658319032262,0.));
#3330 = ORIENTED_EDGE('',*,*,#3331,.T.);
#3331 = EDGE_CURVE('',#3324,#3332,#3334,.T.);
#3332 = VERTEX_POINT('',#3333);
#3333 = CARTESIAN_POINT('',(23.333782,-97.41871,-7.5E-02));
#3334 = LINE('',#3335,#3336);
#3335 = CARTESIAN_POINT('',(23.293963,-97.406736,-7.5E-02));
#3336 = VECTOR('',#3337,1.);
#3337 = DIRECTION('',(0.957638758065,-0.287972236598,0.));
#3338 = ORIENTED_EDGE('',*,*,#3339,.T.);
#3339 = EDGE_CURVE('',#3332,#3340,#3342,.T.);
#3340 = VERTEX_POINT('',#3341);
#3341 = CARTESIAN_POINT('',(23.34716,-97.415537,-7.5E-02));
#3342 = LINE('',#3343,#3344);
#3343 = CARTESIAN_POINT('',(23.333782,-97.41871,-7.5E-02));
#3344 = VECTOR('',#3345,1.);
#3345 = DIRECTION('',(0.973006408793,0.230778093519,0.));
#3346 = ORIENTED_EDGE('',*,*,#3347,.T.);
#3347 = EDGE_CURVE('',#3340,#3348,#3350,.T.);
#3348 = VERTEX_POINT('',#3349);
#3349 = CARTESIAN_POINT('',(23.376501,-97.397786,-7.5E-02));
#3350 = LINE('',#3351,#3352);
#3351 = CARTESIAN_POINT('',(23.34716,-97.415537,-7.5E-02));
#3352 = VECTOR('',#3353,1.);
#3353 = DIRECTION('',(0.855603742672,0.517631370307,0.));
#3354 = ORIENTED_EDGE('',*,*,#3355,.T.);
#3355 = EDGE_CURVE('',#3348,#3356,#3358,.T.);
#3356 = VERTEX_POINT('',#3357);
#3357 = CARTESIAN_POINT('',(23.402023,-97.373178,-7.5E-02));
#3358 = LINE('',#3359,#3360);
#3359 = CARTESIAN_POINT('',(23.376501,-97.397786,-7.5E-02));
#3360 = VECTOR('',#3361,1.);
#3361 = DIRECTION('',(0.719879528984,0.694099030218,0.));
#3362 = ORIENTED_EDGE('',*,*,#3363,.T.);
#3363 = EDGE_CURVE('',#3356,#3364,#3366,.T.);
#3364 = VERTEX_POINT('',#3365);
#3365 = CARTESIAN_POINT('',(23.411293,-97.354215,-7.5E-02));
#3366 = LINE('',#3367,#3368);
#3367 = CARTESIAN_POINT('',(23.402023,-97.373178,-7.5E-02));
#3368 = VECTOR('',#3369,1.);
#3369 = DIRECTION('',(0.439179541945,0.898399315415,0.));
#3370 = ORIENTED_EDGE('',*,*,#3371,.T.);
#3371 = EDGE_CURVE('',#3364,#3372,#3374,.T.);
#3372 = VERTEX_POINT('',#3373);
#3373 = CARTESIAN_POINT('',(23.317446,-97.302329,-7.5E-02));
#3374 = LINE('',#3375,#3376);
#3375 = CARTESIAN_POINT('',(23.411293,-97.354215,-7.5E-02));
#3376 = VECTOR('',#3377,1.);
#3377 = DIRECTION('',(-0.875149993461,0.483851722066,0.));
#3378 = ORIENTED_EDGE('',*,*,#3379,.T.);
#3379 = EDGE_CURVE('',#3372,#3380,#3382,.T.);
#3380 = VERTEX_POINT('',#3381);
#3381 = CARTESIAN_POINT('',(23.142818,-97.222248,-7.5E-02));
#3382 = LINE('',#3383,#3384);
#3383 = CARTESIAN_POINT('',(23.317446,-97.302329,-7.5E-02));
#3384 = VECTOR('',#3385,1.);
#3385 = DIRECTION('',(-0.908979697972,0.416840387528,0.));
#3386 = ORIENTED_EDGE('',*,*,#3387,.T.);
#3387 = EDGE_CURVE('',#3380,#3388,#3390,.T.);
#3388 = VERTEX_POINT('',#3389);
#3389 = CARTESIAN_POINT('',(23.114496,-97.204856,-7.5E-02));
#3390 = LINE('',#3391,#3392);
#3391 = CARTESIAN_POINT('',(23.142818,-97.222248,-7.5E-02));
#3392 = VECTOR('',#3393,1.);
#3393 = DIRECTION('',(-0.852153807265,0.523291399475,0.));
#3394 = ORIENTED_EDGE('',*,*,#3395,.T.);
#3395 = EDGE_CURVE('',#3388,#3396,#3398,.T.);
#3396 = VERTEX_POINT('',#3397);
#3397 = CARTESIAN_POINT('',(23.099396,-97.187991,-7.5E-02));
#3398 = LINE('',#3399,#3400);
#3399 = CARTESIAN_POINT('',(23.114496,-97.204856,-7.5E-02));
#3400 = VECTOR('',#3401,1.);
#3401 = DIRECTION('',(-0.667046620464,0.745015977095,0.));
#3402 = ORIENTED_EDGE('',*,*,#3403,.T.);
#3403 = EDGE_CURVE('',#3396,#3404,#3406,.T.);
#3404 = VERTEX_POINT('',#3405);
#3405 = CARTESIAN_POINT('',(23.093516,-97.147652,-7.5E-02));
#3406 = LINE('',#3407,#3408);
#3407 = CARTESIAN_POINT('',(23.099396,-97.187991,-7.5E-02));
#3408 = VECTOR('',#3409,1.);
#3409 = DIRECTION('',(-0.144240337796,0.989542684755,0.));
#3410 = ORIENTED_EDGE('',*,*,#3411,.T.);
#3411 = EDGE_CURVE('',#3404,#3412,#3414,.T.);
#3412 = VERTEX_POINT('',#3413);
#3413 = CARTESIAN_POINT('',(23.099149,-97.094337,-7.5E-02));
#3414 = LINE('',#3415,#3416);
#3415 = CARTESIAN_POINT('',(23.093516,-97.147652,-7.5E-02));
#3416 = VECTOR('',#3417,1.);
#3417 = DIRECTION('',(0.105070247242,0.994464802366,0.));
#3418 = ORIENTED_EDGE('',*,*,#3419,.T.);
#3419 = EDGE_CURVE('',#3412,#3420,#3422,.T.);
#3420 = VERTEX_POINT('',#3421);
#3421 = CARTESIAN_POINT('',(23.126338,-97.022223,-7.5E-02));
#3422 = LINE('',#3423,#3424);
#3423 = CARTESIAN_POINT('',(23.099149,-97.094337,-7.5E-02));
#3424 = VECTOR('',#3425,1.);
#3425 = DIRECTION('',(0.352786575017,0.935703816647,0.));
#3426 = ORIENTED_EDGE('',*,*,#3427,.T.);
#3427 = EDGE_CURVE('',#3420,#3175,#3428,.T.);
#3428 = LINE('',#3429,#3430);
#3429 = CARTESIAN_POINT('',(23.126338,-97.022223,-7.5E-02));
#3430 = VECTOR('',#3431,1.);
#3431 = DIRECTION('',(0.624984115159,0.780637467586,0.));
#3432 = FACE_BOUND('',#3433,.T.);
#3433 = EDGE_LOOP('',(#3434,#3444,#3453,#3461,#3469,#3477,#3485,#3493));
#3434 = ORIENTED_EDGE('',*,*,#3435,.T.);
#3435 = EDGE_CURVE('',#3436,#3438,#3440,.T.);
#3436 = VERTEX_POINT('',#3437);
#3437 = CARTESIAN_POINT('',(23.405259,-97.104934,-7.5E-02));
#3438 = VERTEX_POINT('',#3439);
#3439 = CARTESIAN_POINT('',(23.380563,-97.070643,-7.5E-02));
#3440 = LINE('',#3441,#3442);
#3441 = CARTESIAN_POINT('',(23.405259,-97.104934,-7.5E-02));
#3442 = VECTOR('',#3443,1.);
#3443 = DIRECTION('',(-0.584405710919,0.811461622657,0.));
#3444 = ORIENTED_EDGE('',*,*,#3445,.T.);
#3445 = EDGE_CURVE('',#3438,#3446,#3448,.T.);
#3446 = VERTEX_POINT('',#3447);
#3447 = CARTESIAN_POINT('',(23.268337,-97.079423,-7.5E-02));
#3448 = CIRCLE('',#3449,7.906505055114E-02);
#3449 = AXIS2_PLACEMENT_3D('',#3450,#3451,#3452);
#3450 = CARTESIAN_POINT('',(23.328780986106,-97.13039168413,-7.5E-02));
#3451 = DIRECTION('',(0.,0.,1.));
#3452 = DIRECTION('',(0.654929245392,0.75569020341,-0.));
#3453 = ORIENTED_EDGE('',*,*,#3454,.T.);
#3454 = EDGE_CURVE('',#3446,#3455,#3457,.T.);
#3455 = VERTEX_POINT('',#3456);
#3456 = CARTESIAN_POINT('',(23.251637,-97.1053,-7.5E-02));
#3457 = LINE('',#3458,#3459);
#3458 = CARTESIAN_POINT('',(23.268337,-97.079423,-7.5E-02));
#3459 = VECTOR('',#3460,1.);
#3460 = DIRECTION('',(-0.542245196607,-0.840220296563,0.));
#3461 = ORIENTED_EDGE('',*,*,#3462,.T.);
#3462 = EDGE_CURVE('',#3455,#3463,#3465,.T.);
#3463 = VERTEX_POINT('',#3464);
#3464 = CARTESIAN_POINT('',(23.300948,-97.135402,-7.5E-02));
#3465 = LINE('',#3466,#3467);
#3466 = CARTESIAN_POINT('',(23.251637,-97.1053,-7.5E-02));
#3467 = VECTOR('',#3468,1.);
#3468 = DIRECTION('',(0.853532037486,-0.521040364065,0.));
#3469 = ORIENTED_EDGE('',*,*,#3470,.T.);
#3470 = EDGE_CURVE('',#3463,#3471,#3473,.T.);
#3471 = VERTEX_POINT('',#3472);
#3472 = CARTESIAN_POINT('',(23.404409,-97.178508,-7.5E-02));
#3473 = LINE('',#3474,#3475);
#3474 = CARTESIAN_POINT('',(23.300948,-97.135402,-7.5E-02));
#3475 = VECTOR('',#3476,1.);
#3476 = DIRECTION('',(0.923085633731,-0.384594478379,0.));
#3477 = ORIENTED_EDGE('',*,*,#3478,.T.);
#3478 = EDGE_CURVE('',#3471,#3479,#3481,.T.);
#3479 = VERTEX_POINT('',#3480);
#3480 = CARTESIAN_POINT('',(23.410796,-97.172481,-7.5E-02));
#3481 = LINE('',#3482,#3483);
#3482 = CARTESIAN_POINT('',(23.404409,-97.178508,-7.5E-02));
#3483 = VECTOR('',#3484,1.);
#3484 = DIRECTION('',(0.727306778043,0.686312502154,0.));
#3485 = ORIENTED_EDGE('',*,*,#3486,.T.);
#3486 = EDGE_CURVE('',#3479,#3487,#3489,.T.);
#3487 = VERTEX_POINT('',#3488);
#3488 = CARTESIAN_POINT('',(23.412459,-97.143075,-7.5E-02));
#3489 = LINE('',#3490,#3491);
#3490 = CARTESIAN_POINT('',(23.410796,-97.172481,-7.5E-02));
#3491 = VECTOR('',#3492,1.);
#3492 = DIRECTION('',(5.646286526502E-02,0.998404699932,0.));
#3493 = ORIENTED_EDGE('',*,*,#3494,.T.);
#3494 = EDGE_CURVE('',#3487,#3436,#3495,.T.);
#3495 = LINE('',#3496,#3497);
#3496 = CARTESIAN_POINT('',(23.412459,-97.143075,-7.5E-02));
#3497 = VECTOR('',#3498,1.);
#3498 = DIRECTION('',(-0.185497043111,0.982644822404,0.));
#3499 = PLANE('',#3500);
#3500 = AXIS2_PLACEMENT_3D('',#3501,#3502,#3503);
#3501 = CARTESIAN_POINT('',(0.,0.,-7.5E-02));
#3502 = DIRECTION('',(-0.,-0.,-1.));
#3503 = DIRECTION('',(-1.,0.,0.));
#3504 = SHELL_BASED_SURFACE_MODEL('',(#3505));
#3505 = OPEN_SHELL('',(#3506));
#3506 = ADVANCED_FACE('',(#3507),#3741,.T.);
#3507 = FACE_BOUND('',#3508,.T.);
#3508 = EDGE_LOOP('',(#3509,#3519,#3527,#3535,#3543,#3551,#3559,#3567,
    #3575,#3583,#3591,#3599,#3607,#3615,#3623,#3631,#3639,#3647,#3655,
    #3663,#3671,#3679,#3687,#3695,#3703,#3711,#3719,#3727,#3735));
#3509 = ORIENTED_EDGE('',*,*,#3510,.T.);
#3510 = EDGE_CURVE('',#3511,#3513,#3515,.T.);
#3511 = VERTEX_POINT('',#3512);
#3512 = CARTESIAN_POINT('',(20.802411,-96.969393,-7.5E-02));
#3513 = VERTEX_POINT('',#3514);
#3514 = CARTESIAN_POINT('',(20.869839,-96.944761,-7.5E-02));
#3515 = LINE('',#3516,#3517);
#3516 = CARTESIAN_POINT('',(20.802411,-96.969393,-7.5E-02));
#3517 = VECTOR('',#3518,1.);
#3518 = DIRECTION('',(0.939288064484,0.343129613875,0.));
#3519 = ORIENTED_EDGE('',*,*,#3520,.T.);
#3520 = EDGE_CURVE('',#3513,#3521,#3523,.T.);
#3521 = VERTEX_POINT('',#3522);
#3522 = CARTESIAN_POINT('',(20.942003,-96.941652,-7.5E-02));
#3523 = LINE('',#3524,#3525);
#3524 = CARTESIAN_POINT('',(20.869839,-96.944761,-7.5E-02));
#3525 = VECTOR('',#3526,1.);
#3526 = DIRECTION('',(0.999073242312,4.304249640184E-02,0.));
#3527 = ORIENTED_EDGE('',*,*,#3528,.T.);
#3528 = EDGE_CURVE('',#3521,#3529,#3531,.T.);
#3529 = VERTEX_POINT('',#3530);
#3530 = CARTESIAN_POINT('',(21.015339,-96.965053,-7.5E-02));
#3531 = LINE('',#3532,#3533);
#3532 = CARTESIAN_POINT('',(20.942003,-96.941652,-7.5E-02));
#3533 = VECTOR('',#3534,1.);
#3534 = DIRECTION('',(0.952674660946,-0.303991760401,0.));
#3535 = ORIENTED_EDGE('',*,*,#3536,.T.);
#3536 = EDGE_CURVE('',#3529,#3537,#3539,.T.);
#3537 = VERTEX_POINT('',#3538);
#3538 = CARTESIAN_POINT('',(21.053428,-96.994721,-7.5E-02));
#3539 = LINE('',#3540,#3541);
#3540 = CARTESIAN_POINT('',(21.015339,-96.965053,-7.5E-02));
#3541 = VECTOR('',#3542,1.);
#3542 = DIRECTION('',(0.788918173208,-0.614498263612,0.));
#3543 = ORIENTED_EDGE('',*,*,#3544,.T.);
#3544 = EDGE_CURVE('',#3537,#3545,#3547,.T.);
#3545 = VERTEX_POINT('',#3546);
#3546 = CARTESIAN_POINT('',(21.093358,-97.041388,-7.5E-02));
#3547 = LINE('',#3548,#3549);
#3548 = CARTESIAN_POINT('',(21.053428,-96.994721,-7.5E-02));
#3549 = VECTOR('',#3550,1.);
#3550 = DIRECTION('',(0.650131428432,-0.759821772368,0.));
#3551 = ORIENTED_EDGE('',*,*,#3552,.T.);
#3552 = EDGE_CURVE('',#3545,#3553,#3555,.T.);
#3553 = VERTEX_POINT('',#3554);
#3554 = CARTESIAN_POINT('',(21.113065,-97.086094,-7.5E-02));
#3555 = LINE('',#3556,#3557);
#3556 = CARTESIAN_POINT('',(21.093358,-97.041388,-7.5E-02));
#3557 = VECTOR('',#3558,1.);
#3558 = DIRECTION('',(0.403362025275,-0.915040478102,0.));
#3559 = ORIENTED_EDGE('',*,*,#3560,.T.);
#3560 = EDGE_CURVE('',#3553,#3561,#3563,.T.);
#3561 = VERTEX_POINT('',#3562);
#3562 = CARTESIAN_POINT('',(21.124897,-97.229736,-7.5E-02));
#3563 = LINE('',#3564,#3565);
#3564 = CARTESIAN_POINT('',(21.113065,-97.086094,-7.5E-02));
#3565 = VECTOR('',#3566,1.);
#3566 = DIRECTION('',(8.209341784975E-02,-0.996624638841,0.));
#3567 = ORIENTED_EDGE('',*,*,#3568,.T.);
#3568 = EDGE_CURVE('',#3561,#3569,#3571,.T.);
#3569 = VERTEX_POINT('',#3570);
#3570 = CARTESIAN_POINT('',(21.126972,-97.500399,-7.5E-02));
#3571 = LINE('',#3572,#3573);
#3572 = CARTESIAN_POINT('',(21.124897,-97.229736,-7.5E-02));
#3573 = VECTOR('',#3574,1.);
#3574 = DIRECTION('',(7.666134734409E-03,-0.999970614757,0.));
#3575 = ORIENTED_EDGE('',*,*,#3576,.T.);
#3576 = EDGE_CURVE('',#3569,#3577,#3579,.T.);
#3577 = VERTEX_POINT('',#3578);
#3578 = CARTESIAN_POINT('',(21.122702,-97.543047,-7.5E-02));
#3579 = LINE('',#3580,#3581);
#3580 = CARTESIAN_POINT('',(21.126972,-97.500399,-7.5E-02));
#3581 = VECTOR('',#3582,1.);
#3582 = DIRECTION('',(-9.962383886124E-02,-0.995025170903,0.));
#3583 = ORIENTED_EDGE('',*,*,#3584,.T.);
#3584 = EDGE_CURVE('',#3577,#3585,#3587,.T.);
#3585 = VERTEX_POINT('',#3586);
#3586 = CARTESIAN_POINT('',(21.110843,-97.559403,-7.5E-02));
#3587 = LINE('',#3588,#3589);
#3588 = CARTESIAN_POINT('',(21.122702,-97.543047,-7.5E-02));
#3589 = VECTOR('',#3590,1.);
#3590 = DIRECTION('',(-0.586996771046,-0.809589272892,0.));
#3591 = ORIENTED_EDGE('',*,*,#3592,.T.);
#3592 = EDGE_CURVE('',#3585,#3593,#3595,.T.);
#3593 = VERTEX_POINT('',#3594);
#3594 = CARTESIAN_POINT('',(21.050211,-97.538667,-7.5E-02));
#3595 = LINE('',#3596,#3597);
#3596 = CARTESIAN_POINT('',(21.110843,-97.559403,-7.5E-02));
#3597 = VECTOR('',#3598,1.);
#3598 = DIRECTION('',(-0.946195172293,0.323596501726,0.));
#3599 = ORIENTED_EDGE('',*,*,#3600,.T.);
#3600 = EDGE_CURVE('',#3593,#3601,#3603,.T.);
#3601 = VERTEX_POINT('',#3602);
#3602 = CARTESIAN_POINT('',(21.036909,-97.529005,-7.5E-02));
#3603 = LINE('',#3604,#3605);
#3604 = CARTESIAN_POINT('',(21.050211,-97.538667,-7.5E-02));
#3605 = VECTOR('',#3606,1.);
#3606 = DIRECTION('',(-0.809088392809,0.587686968225,0.));
#3607 = ORIENTED_EDGE('',*,*,#3608,.T.);
#3608 = EDGE_CURVE('',#3601,#3609,#3611,.T.);
#3609 = VERTEX_POINT('',#3610);
#3610 = CARTESIAN_POINT('',(21.02812,-97.514119,-7.5E-02));
#3611 = LINE('',#3612,#3613);
#3612 = CARTESIAN_POINT('',(21.036909,-97.529005,-7.5E-02));
#3613 = VECTOR('',#3614,1.);
#3614 = DIRECTION('',(-0.508417454089,0.861110731775,0.));
#3615 = ORIENTED_EDGE('',*,*,#3616,.T.);
#3616 = EDGE_CURVE('',#3609,#3617,#3619,.T.);
#3617 = VERTEX_POINT('',#3618);
#3618 = CARTESIAN_POINT('',(21.019273,-97.45165,-7.5E-02));
#3619 = LINE('',#3620,#3621);
#3620 = CARTESIAN_POINT('',(21.02812,-97.514119,-7.5E-02));
#3621 = VECTOR('',#3622,1.);
#3622 = DIRECTION('',(-0.140223009224,0.99011994611,0.));
#3623 = ORIENTED_EDGE('',*,*,#3624,.T.);
#3624 = EDGE_CURVE('',#3617,#3625,#3627,.T.);
#3625 = VERTEX_POINT('',#3626);
#3626 = CARTESIAN_POINT('',(21.009698,-97.159749,-7.5E-02));
#3627 = LINE('',#3628,#3629);
#3628 = CARTESIAN_POINT('',(21.019273,-97.45165,-7.5E-02));
#3629 = VECTOR('',#3630,1.);
#3630 = DIRECTION('',(-3.278458406428E-02,0.999462441039,0.));
#3631 = ORIENTED_EDGE('',*,*,#3632,.T.);
#3632 = EDGE_CURVE('',#3625,#3633,#3635,.T.);
#3633 = VERTEX_POINT('',#3634);
#3634 = CARTESIAN_POINT('',(20.999469,-97.103558,-7.5E-02));
#3635 = LINE('',#3636,#3637);
#3636 = CARTESIAN_POINT('',(21.009698,-97.159749,-7.5E-02));
#3637 = VECTOR('',#3638,1.);
#3638 = DIRECTION('',(-0.179096519002,0.98383150838,0.));
#3639 = ORIENTED_EDGE('',*,*,#3640,.T.);
#3640 = EDGE_CURVE('',#3633,#3641,#3643,.T.);
#3641 = VERTEX_POINT('',#3642);
#3642 = CARTESIAN_POINT('',(20.978179,-97.078327,-7.5E-02));
#3643 = LINE('',#3644,#3645);
#3644 = CARTESIAN_POINT('',(20.999469,-97.103558,-7.5E-02));
#3645 = VECTOR('',#3646,1.);
#3646 = DIRECTION('',(-0.644894715493,0.764271421635,0.));
#3647 = ORIENTED_EDGE('',*,*,#3648,.T.);
#3648 = EDGE_CURVE('',#3641,#3649,#3651,.T.);
#3649 = VERTEX_POINT('',#3650);
#3650 = CARTESIAN_POINT('',(20.939839,-97.057527,-7.5E-02));
#3651 = LINE('',#3652,#3653);
#3652 = CARTESIAN_POINT('',(20.978179,-97.078327,-7.5E-02));
#3653 = VECTOR('',#3654,1.);
#3654 = DIRECTION('',(-0.878979739145,0.476859117742,0.));
#3655 = ORIENTED_EDGE('',*,*,#3656,.T.);
#3656 = EDGE_CURVE('',#3649,#3657,#3659,.T.);
#3657 = VERTEX_POINT('',#3658);
#3658 = CARTESIAN_POINT('',(20.893045,-97.053553,-7.5E-02));
#3659 = LINE('',#3660,#3661);
#3660 = CARTESIAN_POINT('',(20.939839,-97.057527,-7.5E-02));
#3661 = VECTOR('',#3662,1.);
#3662 = DIRECTION('',(-0.996413226822,8.462080957797E-02,0.));
#3663 = ORIENTED_EDGE('',*,*,#3664,.T.);
#3664 = EDGE_CURVE('',#3657,#3665,#3667,.T.);
#3665 = VERTEX_POINT('',#3666);
#3666 = CARTESIAN_POINT('',(20.851403,-97.069258,-7.5E-02));
#3667 = LINE('',#3668,#3669);
#3668 = CARTESIAN_POINT('',(20.893045,-97.053553,-7.5E-02));
#3669 = VECTOR('',#3670,1.);
#3670 = DIRECTION('',(-0.935668221111,-0.352880971437,0.));
#3671 = ORIENTED_EDGE('',*,*,#3672,.T.);
#3672 = EDGE_CURVE('',#3665,#3673,#3675,.T.);
#3673 = VERTEX_POINT('',#3674);
#3674 = CARTESIAN_POINT('',(20.821554,-97.101654,-7.5E-02));
#3675 = LINE('',#3676,#3677);
#3676 = CARTESIAN_POINT('',(20.851403,-97.069258,-7.5E-02));
#3677 = VECTOR('',#3678,1.);
#3678 = DIRECTION('',(-0.677605673849,-0.735425421622,0.));
#3679 = ORIENTED_EDGE('',*,*,#3680,.T.);
#3680 = EDGE_CURVE('',#3673,#3681,#3683,.T.);
#3681 = VERTEX_POINT('',#3682);
#3682 = CARTESIAN_POINT('',(20.800446,-97.189817,-7.5E-02));
#3683 = LINE('',#3684,#3685);
#3684 = CARTESIAN_POINT('',(20.821554,-97.101654,-7.5E-02));
#3685 = VECTOR('',#3686,1.);
#3686 = DIRECTION('',(-0.232839730572,-0.972515120637,0.));
#3687 = ORIENTED_EDGE('',*,*,#3688,.T.);
#3688 = EDGE_CURVE('',#3681,#3689,#3691,.T.);
#3689 = VERTEX_POINT('',#3690);
#3690 = CARTESIAN_POINT('',(20.776713,-97.193825,-7.5E-02));
#3691 = LINE('',#3692,#3693);
#3692 = CARTESIAN_POINT('',(20.800446,-97.189817,-7.5E-02));
#3693 = VECTOR('',#3694,1.);
#3694 = DIRECTION('',(-0.986037928732,-0.166520878876,0.));
#3695 = ORIENTED_EDGE('',*,*,#3696,.T.);
#3696 = EDGE_CURVE('',#3689,#3697,#3699,.T.);
#3697 = VERTEX_POINT('',#3698);
#3698 = CARTESIAN_POINT('',(20.727692,-97.173529,-7.5E-02));
#3699 = LINE('',#3700,#3701);
#3700 = CARTESIAN_POINT('',(20.776713,-97.193825,-7.5E-02));
#3701 = VECTOR('',#3702,1.);
#3702 = DIRECTION('',(-0.923940580711,0.38253601571,0.));
#3703 = ORIENTED_EDGE('',*,*,#3704,.T.);
#3704 = EDGE_CURVE('',#3697,#3705,#3707,.T.);
#3705 = VERTEX_POINT('',#3706);
#3706 = CARTESIAN_POINT('',(20.702534,-97.143245,-7.5E-02));
#3707 = LINE('',#3708,#3709);
#3708 = CARTESIAN_POINT('',(20.727692,-97.173529,-7.5E-02));
#3709 = VECTOR('',#3710,1.);
#3710 = DIRECTION('',(-0.639004435412,0.769203049607,0.));
#3711 = ORIENTED_EDGE('',*,*,#3712,.T.);
#3712 = EDGE_CURVE('',#3705,#3713,#3715,.T.);
#3713 = VERTEX_POINT('',#3714);
#3714 = CARTESIAN_POINT('',(20.702434,-97.101098,-7.5E-02));
#3715 = LINE('',#3716,#3717);
#3716 = CARTESIAN_POINT('',(20.702534,-97.143245,-7.5E-02));
#3717 = VECTOR('',#3718,1.);
#3718 = DIRECTION('',(-2.372641434218E-03,0.999997185282,0.));
#3719 = ORIENTED_EDGE('',*,*,#3720,.T.);
#3720 = EDGE_CURVE('',#3713,#3721,#3723,.T.);
#3721 = VERTEX_POINT('',#3722);
#3722 = CARTESIAN_POINT('',(20.72572,-97.04457,-7.5E-02));
#3723 = LINE('',#3724,#3725);
#3724 = CARTESIAN_POINT('',(20.702434,-97.101098,-7.5E-02));
#3725 = VECTOR('',#3726,1.);
#3726 = DIRECTION('',(0.380886366553,0.924621855557,0.));
#3727 = ORIENTED_EDGE('',*,*,#3728,.T.);
#3728 = EDGE_CURVE('',#3721,#3729,#3731,.T.);
#3729 = VERTEX_POINT('',#3730);
#3730 = CARTESIAN_POINT('',(20.74759,-97.013223,-7.5E-02));
#3731 = LINE('',#3732,#3733);
#3732 = CARTESIAN_POINT('',(20.72572,-97.04457,-7.5E-02));
#3733 = VECTOR('',#3734,1.);
#3734 = DIRECTION('',(0.572181596024,0.820126954301,0.));
#3735 = ORIENTED_EDGE('',*,*,#3736,.T.);
#3736 = EDGE_CURVE('',#3729,#3511,#3737,.T.);
#3737 = LINE('',#3738,#3739);
#3738 = CARTESIAN_POINT('',(20.74759,-97.013223,-7.5E-02));
#3739 = VECTOR('',#3740,1.);
#3740 = DIRECTION('',(0.781055033025,0.624462196923,0.));
#3741 = PLANE('',#3742);
#3742 = AXIS2_PLACEMENT_3D('',#3743,#3744,#3745);
#3743 = CARTESIAN_POINT('',(0.,0.,-7.5E-02));
#3744 = DIRECTION('',(-0.,-0.,-1.));
#3745 = DIRECTION('',(-1.,0.,0.));
#3746 = SHELL_BASED_SURFACE_MODEL('',(#3747));
#3747 = OPEN_SHELL('',(#3748));
#3748 = ADVANCED_FACE('',(#3749),#4108,.T.);
#3749 = FACE_BOUND('',#3750,.T.);
#3750 = EDGE_LOOP('',(#3751,#3762,#3770,#3778,#3786,#3794,#3802,#3810,
    #3818,#3826,#3834,#3842,#3850,#3859,#3867,#3875,#3883,#3891,#3899,
    #3907,#3916,#3924,#3933,#3941,#3949,#3958,#3966,#3974,#3982,#3990,
    #3998,#4006,#4014,#4022,#4030,#4038,#4046,#4054,#4062,#4070,#4078,
    #4086,#4094,#4102));
#3751 = ORIENTED_EDGE('',*,*,#3752,.T.);
#3752 = EDGE_CURVE('',#3753,#3755,#3757,.T.);
#3753 = VERTEX_POINT('',#3754);
#3754 = CARTESIAN_POINT('',(19.177658,-96.994286,-7.5E-02));
#3755 = VERTEX_POINT('',#3756);
#3756 = CARTESIAN_POINT('',(19.332472,-96.939917,-7.5E-02));
#3757 = CIRCLE('',#3758,0.232466854058);
#3758 = AXIS2_PLACEMENT_3D('',#3759,#3760,#3761);
#3759 = CARTESIAN_POINT('',(19.327136432883,-97.17232261516,-7.5E-02));
#3760 = DIRECTION('',(0.,0.,-1.));
#3761 = DIRECTION('',(-0.643009660402,0.76585806559,0.));
#3762 = ORIENTED_EDGE('',*,*,#3763,.T.);
#3763 = EDGE_CURVE('',#3755,#3764,#3766,.T.);
#3764 = VERTEX_POINT('',#3765);
#3765 = CARTESIAN_POINT('',(19.36768,-96.941223,-7.5E-02));
#3766 = LINE('',#3767,#3768);
#3767 = CARTESIAN_POINT('',(19.332472,-96.939917,-7.5E-02));
#3768 = VECTOR('',#3769,1.);
#3769 = DIRECTION('',(0.999312732586,-3.706834891947E-02,0.));
#3770 = ORIENTED_EDGE('',*,*,#3771,.T.);
#3771 = EDGE_CURVE('',#3764,#3772,#3774,.T.);
#3772 = VERTEX_POINT('',#3773);
#3773 = CARTESIAN_POINT('',(19.401411,-96.949987,-7.5E-02));
#3774 = LINE('',#3775,#3776);
#3775 = CARTESIAN_POINT('',(19.36768,-96.941223,-7.5E-02));
#3776 = VECTOR('',#3777,1.);
#3777 = DIRECTION('',(0.967864840108,-0.251470975029,0.));
#3778 = ORIENTED_EDGE('',*,*,#3779,.T.);
#3779 = EDGE_CURVE('',#3772,#3780,#3782,.T.);
#3780 = VERTEX_POINT('',#3781);
#3781 = CARTESIAN_POINT('',(19.431065,-96.970253,-7.5E-02));
#3782 = LINE('',#3783,#3784);
#3783 = CARTESIAN_POINT('',(19.401411,-96.949987,-7.5E-02));
#3784 = VECTOR('',#3785,1.);
#3785 = DIRECTION('',(0.825613081893,-0.564236687045,0.));
#3786 = ORIENTED_EDGE('',*,*,#3787,.T.);
#3787 = EDGE_CURVE('',#3780,#3788,#3790,.T.);
#3788 = VERTEX_POINT('',#3789);
#3789 = CARTESIAN_POINT('',(19.492815,-97.033397,-7.5E-02));
#3790 = LINE('',#3791,#3792);
#3791 = CARTESIAN_POINT('',(19.431065,-96.970253,-7.5E-02));
#3792 = VECTOR('',#3793,1.);
#3793 = DIRECTION('',(0.699170884249,-0.714954596194,0.));
#3794 = ORIENTED_EDGE('',*,*,#3795,.T.);
#3795 = EDGE_CURVE('',#3788,#3796,#3798,.T.);
#3796 = VERTEX_POINT('',#3797);
#3797 = CARTESIAN_POINT('',(19.518478,-97.068314,-7.5E-02));
#3798 = LINE('',#3799,#3800);
#3799 = CARTESIAN_POINT('',(19.492815,-97.033397,-7.5E-02));
#3800 = VECTOR('',#3801,1.);
#3801 = DIRECTION('',(0.592221708122,-0.80577506069,0.));
#3802 = ORIENTED_EDGE('',*,*,#3803,.T.);
#3803 = EDGE_CURVE('',#3796,#3804,#3806,.T.);
#3804 = VERTEX_POINT('',#3805);
#3805 = CARTESIAN_POINT('',(19.53002,-97.101178,-7.5E-02));
#3806 = LINE('',#3807,#3808);
#3807 = CARTESIAN_POINT('',(19.518478,-97.068314,-7.5E-02));
#3808 = VECTOR('',#3809,1.);
#3809 = DIRECTION('',(0.331363053558,-0.943503326299,0.));
#3810 = ORIENTED_EDGE('',*,*,#3811,.T.);
#3811 = EDGE_CURVE('',#3804,#3812,#3814,.T.);
#3812 = VERTEX_POINT('',#3813);
#3813 = CARTESIAN_POINT('',(19.531193,-97.210453,-7.5E-02));
#3814 = LINE('',#3815,#3816);
#3815 = CARTESIAN_POINT('',(19.53002,-97.101178,-7.5E-02));
#3816 = VECTOR('',#3817,1.);
#3817 = DIRECTION('',(1.073376733178E-02,-0.99994239146,0.));
#3818 = ORIENTED_EDGE('',*,*,#3819,.T.);
#3819 = EDGE_CURVE('',#3812,#3820,#3822,.T.);
#3820 = VERTEX_POINT('',#3821);
#3821 = CARTESIAN_POINT('',(19.52536,-97.211358,-7.5E-02));
#3822 = LINE('',#3823,#3824);
#3823 = CARTESIAN_POINT('',(19.531193,-97.210453,-7.5E-02));
#3824 = VECTOR('',#3825,1.);
#3825 = DIRECTION('',(-0.988177001248,-0.153317364329,0.));
#3826 = ORIENTED_EDGE('',*,*,#3827,.T.);
#3827 = EDGE_CURVE('',#3820,#3828,#3830,.T.);
#3828 = VERTEX_POINT('',#3829);
#3829 = CARTESIAN_POINT('',(19.479923,-97.187756,-7.5E-02));
#3830 = LINE('',#3831,#3832);
#3831 = CARTESIAN_POINT('',(19.52536,-97.211358,-7.5E-02));
#3832 = VECTOR('',#3833,1.);
#3833 = DIRECTION('',(-0.887418493089,0.460964660385,0.));
#3834 = ORIENTED_EDGE('',*,*,#3835,.T.);
#3835 = EDGE_CURVE('',#3828,#3836,#3838,.T.);
#3836 = VERTEX_POINT('',#3837);
#3837 = CARTESIAN_POINT('',(19.443461,-97.158418,-7.5E-02));
#3838 = LINE('',#3839,#3840);
#3839 = CARTESIAN_POINT('',(19.479923,-97.187756,-7.5E-02));
#3840 = VECTOR('',#3841,1.);
#3841 = DIRECTION('',(-0.779110445457,0.626886683364,0.));
#3842 = ORIENTED_EDGE('',*,*,#3843,.T.);
#3843 = EDGE_CURVE('',#3836,#3844,#3846,.T.);
#3844 = VERTEX_POINT('',#3845);
#3845 = CARTESIAN_POINT('',(19.414925,-97.110094,-7.5E-02));
#3846 = LINE('',#3847,#3848);
#3847 = CARTESIAN_POINT('',(19.443461,-97.158418,-7.5E-02));
#3848 = VECTOR('',#3849,1.);
#3849 = DIRECTION('',(-0.508477152986,0.861075481529,0.));
#3850 = ORIENTED_EDGE('',*,*,#3851,.T.);
#3851 = EDGE_CURVE('',#3844,#3852,#3854,.T.);
#3852 = VERTEX_POINT('',#3853);
#3853 = CARTESIAN_POINT('',(19.296999,-97.054516,-7.5E-02));
#3854 = CIRCLE('',#3855,0.10050442917);
#3855 = AXIS2_PLACEMENT_3D('',#3856,#3857,#3858);
#3856 = CARTESIAN_POINT('',(19.323348386227,-97.15150491755,-7.5E-02));
#3857 = DIRECTION('',(0.,0.,1.));
#3858 = DIRECTION('',(0.911169930811,0.412030772134,-0.));
#3859 = ORIENTED_EDGE('',*,*,#3860,.T.);
#3860 = EDGE_CURVE('',#3852,#3861,#3863,.T.);
#3861 = VERTEX_POINT('',#3862);
#3862 = CARTESIAN_POINT('',(19.255125,-97.079433,-7.5E-02));
#3863 = LINE('',#3864,#3865);
#3864 = CARTESIAN_POINT('',(19.296999,-97.054516,-7.5E-02));
#3865 = VECTOR('',#3866,1.);
#3866 = DIRECTION('',(-0.859365035832,-0.511362625921,0.));
#3867 = ORIENTED_EDGE('',*,*,#3868,.T.);
#3868 = EDGE_CURVE('',#3861,#3869,#3871,.T.);
#3869 = VERTEX_POINT('',#3870);
#3870 = CARTESIAN_POINT('',(19.237747,-97.099282,-7.5E-02));
#3871 = LINE('',#3872,#3873);
#3872 = CARTESIAN_POINT('',(19.255125,-97.079433,-7.5E-02));
#3873 = VECTOR('',#3874,1.);
#3874 = DIRECTION('',(-0.65872195005,-0.752386464872,0.));
#3875 = ORIENTED_EDGE('',*,*,#3876,.T.);
#3876 = EDGE_CURVE('',#3869,#3877,#3879,.T.);
#3877 = VERTEX_POINT('',#3878);
#3878 = CARTESIAN_POINT('',(19.22812,-97.123434,-7.5E-02));
#3879 = LINE('',#3880,#3881);
#3880 = CARTESIAN_POINT('',(19.237747,-97.099282,-7.5E-02));
#3881 = VECTOR('',#3882,1.);
#3882 = DIRECTION('',(-0.370269714694,-0.928924290984,0.));
#3883 = ORIENTED_EDGE('',*,*,#3884,.T.);
#3884 = EDGE_CURVE('',#3877,#3885,#3887,.T.);
#3885 = VERTEX_POINT('',#3886);
#3886 = CARTESIAN_POINT('',(19.2381,-97.144248,-7.5E-02));
#3887 = LINE('',#3888,#3889);
#3888 = CARTESIAN_POINT('',(19.22812,-97.123434,-7.5E-02));
#3889 = VECTOR('',#3890,1.);
#3890 = DIRECTION('',(0.432353581784,-0.901704153433,0.));
#3891 = ORIENTED_EDGE('',*,*,#3892,.T.);
#3892 = EDGE_CURVE('',#3885,#3893,#3895,.T.);
#3893 = VERTEX_POINT('',#3894);
#3894 = CARTESIAN_POINT('',(19.27241,-97.167398,-7.5E-02));
#3895 = LINE('',#3896,#3897);
#3896 = CARTESIAN_POINT('',(19.2381,-97.144248,-7.5E-02));
#3897 = VECTOR('',#3898,1.);
#3898 = DIRECTION('',(0.828952294466,-0.559319312646,0.));
#3899 = ORIENTED_EDGE('',*,*,#3900,.T.);
#3900 = EDGE_CURVE('',#3893,#3901,#3903,.T.);
#3901 = VERTEX_POINT('',#3902);
#3902 = CARTESIAN_POINT('',(19.44923,-97.247949,-7.5E-02));
#3903 = LINE('',#3904,#3905);
#3904 = CARTESIAN_POINT('',(19.27241,-97.167398,-7.5E-02));
#3905 = VECTOR('',#3906,1.);
#3906 = DIRECTION('',(0.910020527423,-0.414563191406,0.));
#3907 = ORIENTED_EDGE('',*,*,#3908,.T.);
#3908 = EDGE_CURVE('',#3901,#3909,#3911,.T.);
#3909 = VERTEX_POINT('',#3910);
#3910 = CARTESIAN_POINT('',(19.533924,-97.361142,-7.5E-02));
#3911 = CIRCLE('',#3912,0.14992258701);
#3912 = AXIS2_PLACEMENT_3D('',#3913,#3914,#3915);
#3913 = CARTESIAN_POINT('',(19.385716330826,-97.38375325591,-7.5E-02));
#3914 = DIRECTION('',(0.,0.,-1.));
#3915 = DIRECTION('',(0.423643097684,0.905829192389,0.));
#3916 = ORIENTED_EDGE('',*,*,#3917,.T.);
#3917 = EDGE_CURVE('',#3909,#3918,#3920,.T.);
#3918 = VERTEX_POINT('',#3919);
#3919 = CARTESIAN_POINT('',(19.531328,-97.421979,-7.5E-02));
#3920 = LINE('',#3921,#3922);
#3921 = CARTESIAN_POINT('',(19.533924,-97.361142,-7.5E-02));
#3922 = VECTOR('',#3923,1.);
#3923 = DIRECTION('',(-4.26326045248E-02,-0.999090817209,0.));
#3924 = ORIENTED_EDGE('',*,*,#3925,.T.);
#3925 = EDGE_CURVE('',#3918,#3926,#3928,.T.);
#3926 = VERTEX_POINT('',#3927);
#3927 = CARTESIAN_POINT('',(19.420367,-97.54564,-7.5E-02));
#3928 = CIRCLE('',#3929,0.174617842849);
#3929 = AXIS2_PLACEMENT_3D('',#3930,#3931,#3932);
#3930 = CARTESIAN_POINT('',(19.361530614052,-97.38123297238,-7.5E-02));
#3931 = DIRECTION('',(0.,0.,-1.));
#3932 = DIRECTION('',(0.972394247789,-0.233344009708,0.));
#3933 = ORIENTED_EDGE('',*,*,#3934,.T.);
#3934 = EDGE_CURVE('',#3926,#3935,#3937,.T.);
#3935 = VERTEX_POINT('',#3936);
#3936 = CARTESIAN_POINT('',(19.347482,-97.559287,-7.5E-02));
#3937 = LINE('',#3938,#3939);
#3938 = CARTESIAN_POINT('',(19.420367,-97.54564,-7.5E-02));
#3939 = VECTOR('',#3940,1.);
#3940 = DIRECTION('',(-0.982918415085,-0.184041813963,0.));
#3941 = ORIENTED_EDGE('',*,*,#3942,.T.);
#3942 = EDGE_CURVE('',#3935,#3943,#3945,.T.);
#3943 = VERTEX_POINT('',#3944);
#3944 = CARTESIAN_POINT('',(19.306557,-97.557291,-7.5E-02));
#3945 = LINE('',#3946,#3947);
#3946 = CARTESIAN_POINT('',(19.347482,-97.559287,-7.5E-02));
#3947 = VECTOR('',#3948,1.);
#3948 = DIRECTION('',(-0.998812756649,4.871423976206E-02,0.));
#3949 = ORIENTED_EDGE('',*,*,#3950,.T.);
#3950 = EDGE_CURVE('',#3943,#3951,#3953,.T.);
#3951 = VERTEX_POINT('',#3952);
#3952 = CARTESIAN_POINT('',(19.259176,-97.480823,-7.5E-02));
#3953 = CIRCLE('',#3954,4.902206948745E-02);
#3954 = AXIS2_PLACEMENT_3D('',#3955,#3956,#3957);
#3955 = CARTESIAN_POINT('',(19.299438830519,-97.5087884747,-7.5E-02));
#3956 = DIRECTION('',(0.,0.,-1.));
#3957 = DIRECTION('',(0.145203365656,-0.989401830705,0.));
#3958 = ORIENTED_EDGE('',*,*,#3959,.T.);
#3959 = EDGE_CURVE('',#3951,#3960,#3962,.T.);
#3960 = VERTEX_POINT('',#3961);
#3961 = CARTESIAN_POINT('',(19.273804,-97.45455,-7.5E-02));
#3962 = LINE('',#3963,#3964);
#3963 = CARTESIAN_POINT('',(19.259176,-97.480823,-7.5E-02));
#3964 = VECTOR('',#3965,1.);
#3965 = DIRECTION('',(0.486453076068,0.873706704097,0.));
#3966 = ORIENTED_EDGE('',*,*,#3967,.T.);
#3967 = EDGE_CURVE('',#3960,#3968,#3970,.T.);
#3968 = VERTEX_POINT('',#3969);
#3969 = CARTESIAN_POINT('',(19.296252,-97.445043,-7.5E-02));
#3970 = LINE('',#3971,#3972);
#3971 = CARTESIAN_POINT('',(19.273804,-97.45455,-7.5E-02));
#3972 = VECTOR('',#3973,1.);
#3973 = DIRECTION('',(0.920823385737,0.389979861377,0.));
#3974 = ORIENTED_EDGE('',*,*,#3975,.T.);
#3975 = EDGE_CURVE('',#3968,#3976,#3978,.T.);
#3976 = VERTEX_POINT('',#3977);
#3977 = CARTESIAN_POINT('',(19.361785,-97.446457,-7.5E-02));
#3978 = LINE('',#3979,#3980);
#3979 = CARTESIAN_POINT('',(19.296252,-97.445043,-7.5E-02));
#3980 = VECTOR('',#3981,1.);
#3981 = DIRECTION('',(0.999767299609,-2.157189449048E-02,0.));
#3982 = ORIENTED_EDGE('',*,*,#3983,.T.);
#3983 = EDGE_CURVE('',#3976,#3984,#3986,.T.);
#3984 = VERTEX_POINT('',#3985);
#3985 = CARTESIAN_POINT('',(19.391798,-97.439815,-7.5E-02));
#3986 = LINE('',#3987,#3988);
#3987 = CARTESIAN_POINT('',(19.361785,-97.446457,-7.5E-02));
#3988 = VECTOR('',#3989,1.);
#3989 = DIRECTION('',(0.976376518959,0.216076128309,0.));
#3990 = ORIENTED_EDGE('',*,*,#3991,.T.);
#3991 = EDGE_CURVE('',#3984,#3992,#3994,.T.);
#3992 = VERTEX_POINT('',#3993);
#3993 = CARTESIAN_POINT('',(19.412062,-97.420246,-7.5E-02));
#3994 = LINE('',#3995,#3996);
#3995 = CARTESIAN_POINT('',(19.391798,-97.439815,-7.5E-02));
#3996 = VECTOR('',#3997,1.);
#3997 = DIRECTION('',(0.719334786291,0.69466356262,0.));
#3998 = ORIENTED_EDGE('',*,*,#3999,.T.);
#3999 = EDGE_CURVE('',#3992,#4000,#4002,.T.);
#4000 = VERTEX_POINT('',#4001);
#4001 = CARTESIAN_POINT('',(19.423726,-97.395898,-7.5E-02));
#4002 = LINE('',#4003,#4004);
#4003 = CARTESIAN_POINT('',(19.412062,-97.420246,-7.5E-02));
#4004 = VECTOR('',#4005,1.);
#4005 = DIRECTION('',(0.432037338173,0.901855719294,0.));
#4006 = ORIENTED_EDGE('',*,*,#4007,.T.);
#4007 = EDGE_CURVE('',#4000,#4008,#4010,.T.);
#4008 = VERTEX_POINT('',#4009);
#4009 = CARTESIAN_POINT('',(19.424952,-97.371852,-7.5E-02));
#4010 = LINE('',#4011,#4012);
#4011 = CARTESIAN_POINT('',(19.423726,-97.395898,-7.5E-02));
#4012 = VECTOR('',#4013,1.);
#4013 = DIRECTION('',(5.091947045851E-02,0.998702762351,0.));
#4014 = ORIENTED_EDGE('',*,*,#4015,.T.);
#4015 = EDGE_CURVE('',#4008,#4016,#4018,.T.);
#4016 = VERTEX_POINT('',#4017);
#4017 = CARTESIAN_POINT('',(19.376655,-97.33779,-7.5E-02));
#4018 = LINE('',#4019,#4020);
#4019 = CARTESIAN_POINT('',(19.424952,-97.371852,-7.5E-02));
#4020 = VECTOR('',#4021,1.);
#4021 = DIRECTION('',(-0.817206945786,0.576344348249,0.));
#4022 = ORIENTED_EDGE('',*,*,#4023,.T.);
#4023 = EDGE_CURVE('',#4016,#4024,#4026,.T.);
#4024 = VERTEX_POINT('',#4025);
#4025 = CARTESIAN_POINT('',(19.245662,-97.275417,-7.5E-02));
#4026 = LINE('',#4027,#4028);
#4027 = CARTESIAN_POINT('',(19.376655,-97.33779,-7.5E-02));
#4028 = VECTOR('',#4029,1.);
#4029 = DIRECTION('',(-0.902872876587,0.429907628128,0.));
#4030 = ORIENTED_EDGE('',*,*,#4031,.T.);
#4031 = EDGE_CURVE('',#4024,#4032,#4034,.T.);
#4032 = VERTEX_POINT('',#4033);
#4033 = CARTESIAN_POINT('',(19.222457,-97.272283,-7.5E-02));
#4034 = LINE('',#4035,#4036);
#4035 = CARTESIAN_POINT('',(19.245662,-97.275417,-7.5E-02));
#4036 = VECTOR('',#4037,1.);
#4037 = DIRECTION('',(-0.991002690523,0.133841949239,0.));
#4038 = ORIENTED_EDGE('',*,*,#4039,.T.);
#4039 = EDGE_CURVE('',#4032,#4040,#4042,.T.);
#4040 = VERTEX_POINT('',#4041);
#4041 = CARTESIAN_POINT('',(19.213343,-97.409406,-7.5E-02));
#4042 = LINE('',#4043,#4044);
#4043 = CARTESIAN_POINT('',(19.222457,-97.272283,-7.5E-02));
#4044 = VECTOR('',#4045,1.);
#4045 = DIRECTION('',(-6.631954479966E-02,-0.997798435546,0.));
#4046 = ORIENTED_EDGE('',*,*,#4047,.T.);
#4047 = EDGE_CURVE('',#4040,#4048,#4050,.T.);
#4048 = VERTEX_POINT('',#4049);
#4049 = CARTESIAN_POINT('',(19.206668,-97.555516,-7.5E-02));
#4050 = LINE('',#4051,#4052);
#4051 = CARTESIAN_POINT('',(19.213343,-97.409406,-7.5E-02));
#4052 = VECTOR('',#4053,1.);
#4053 = DIRECTION('',(-4.563715829158E-02,-0.998958082095,0.));
#4054 = ORIENTED_EDGE('',*,*,#4055,.T.);
#4055 = EDGE_CURVE('',#4048,#4056,#4058,.T.);
#4056 = VERTEX_POINT('',#4057);
#4057 = CARTESIAN_POINT('',(19.20027,-97.559284,-7.5E-02));
#4058 = LINE('',#4059,#4060);
#4059 = CARTESIAN_POINT('',(19.206668,-97.555516,-7.5E-02));
#4060 = VECTOR('',#4061,1.);
#4061 = DIRECTION('',(-0.86167097463,-0.507467369867,0.));
#4062 = ORIENTED_EDGE('',*,*,#4063,.T.);
#4063 = EDGE_CURVE('',#4056,#4064,#4066,.T.);
#4064 = VERTEX_POINT('',#4065);
#4065 = CARTESIAN_POINT('',(19.116257,-97.520826,-7.5E-02));
#4066 = LINE('',#4067,#4068);
#4067 = CARTESIAN_POINT('',(19.20027,-97.559284,-7.5E-02));
#4068 = VECTOR('',#4069,1.);
#4069 = DIRECTION('',(-0.909261318954,0.416225724642,0.));
#4070 = ORIENTED_EDGE('',*,*,#4071,.T.);
#4071 = EDGE_CURVE('',#4064,#4072,#4074,.T.);
#4072 = VERTEX_POINT('',#4073);
#4073 = CARTESIAN_POINT('',(19.11875,-97.164753,-7.5E-02));
#4074 = LINE('',#4075,#4076);
#4075 = CARTESIAN_POINT('',(19.116257,-97.520826,-7.5E-02));
#4076 = VECTOR('',#4077,1.);
#4077 = DIRECTION('',(7.001201719243E-03,0.999975491287,0.));
#4078 = ORIENTED_EDGE('',*,*,#4079,.T.);
#4079 = EDGE_CURVE('',#4072,#4080,#4082,.T.);
#4080 = VERTEX_POINT('',#4081);
#4081 = CARTESIAN_POINT('',(19.124551,-97.101676,-7.5E-02));
#4082 = LINE('',#4083,#4084);
#4083 = CARTESIAN_POINT('',(19.11875,-97.164753,-7.5E-02));
#4084 = VECTOR('',#4085,1.);
#4085 = DIRECTION('',(9.158048618801E-02,0.995797677518,0.));
#4086 = ORIENTED_EDGE('',*,*,#4087,.T.);
#4087 = EDGE_CURVE('',#4080,#4088,#4090,.T.);
#4088 = VERTEX_POINT('',#4089);
#4089 = CARTESIAN_POINT('',(19.13543,-97.055124,-7.5E-02));
#4090 = LINE('',#4091,#4092);
#4091 = CARTESIAN_POINT('',(19.124551,-97.101676,-7.5E-02));
#4092 = VECTOR('',#4093,1.);
#4093 = DIRECTION('',(0.22756419802,0.973763079902,0.));
#4094 = ORIENTED_EDGE('',*,*,#4095,.T.);
#4095 = EDGE_CURVE('',#4088,#4096,#4098,.T.);
#4096 = VERTEX_POINT('',#4097);
#4097 = CARTESIAN_POINT('',(19.152841,-97.020722,-7.5E-02));
#4098 = LINE('',#4099,#4100);
#4099 = CARTESIAN_POINT('',(19.13543,-97.055124,-7.5E-02));
#4100 = VECTOR('',#4101,1.);
#4101 = DIRECTION('',(0.451565476967,0.892237983955,0.));
#4102 = ORIENTED_EDGE('',*,*,#4103,.T.);
#4103 = EDGE_CURVE('',#4096,#3753,#4104,.T.);
#4104 = LINE('',#4105,#4106);
#4105 = CARTESIAN_POINT('',(19.152841,-97.020722,-7.5E-02));
#4106 = VECTOR('',#4107,1.);
#4107 = DIRECTION('',(0.684429027364,0.729079492581,0.));
#4108 = PLANE('',#4109);
#4109 = AXIS2_PLACEMENT_3D('',#4110,#4111,#4112);
#4110 = CARTESIAN_POINT('',(0.,0.,-7.5E-02));
#4111 = DIRECTION('',(-0.,-0.,-1.));
#4112 = DIRECTION('',(-1.,0.,0.));
#4113 = SHELL_BASED_SURFACE_MODEL('',(#4114));
#4114 = OPEN_SHELL('',(#4115));
#4115 = ADVANCED_FACE('',(#4116),#4320,.T.);
#4116 = FACE_BOUND('',#4117,.T.);
#4117 = EDGE_LOOP('',(#4118,#4128,#4136,#4144,#4152,#4160,#4168,#4176,
    #4184,#4192,#4201,#4209,#4217,#4225,#4233,#4241,#4249,#4257,#4265,
    #4273,#4281,#4290,#4298,#4306,#4314));
#4118 = ORIENTED_EDGE('',*,*,#4119,.T.);
#4119 = EDGE_CURVE('',#4120,#4122,#4124,.T.);
#4120 = VERTEX_POINT('',#4121);
#4121 = CARTESIAN_POINT('',(22.014886,-96.910083,-7.5E-02));
#4122 = VERTEX_POINT('',#4123);
#4123 = CARTESIAN_POINT('',(22.028052,-96.725807,-7.5E-02));
#4124 = LINE('',#4125,#4126);
#4125 = CARTESIAN_POINT('',(22.014886,-96.910083,-7.5E-02));
#4126 = VECTOR('',#4127,1.);
#4127 = DIRECTION('',(7.126551409589E-02,0.997457380794,0.));
#4128 = ORIENTED_EDGE('',*,*,#4129,.T.);
#4129 = EDGE_CURVE('',#4122,#4130,#4132,.T.);
#4130 = VERTEX_POINT('',#4131);
#4131 = CARTESIAN_POINT('',(22.033314,-96.72494,-7.5E-02));
#4132 = LINE('',#4133,#4134);
#4133 = CARTESIAN_POINT('',(22.028052,-96.725807,-7.5E-02));
#4134 = VECTOR('',#4135,1.);
#4135 = DIRECTION('',(0.986696312584,0.162574249907,0.));
#4136 = ORIENTED_EDGE('',*,*,#4137,.T.);
#4137 = EDGE_CURVE('',#4130,#4138,#4140,.T.);
#4138 = VERTEX_POINT('',#4139);
#4139 = CARTESIAN_POINT('',(22.130714,-96.769342,-7.5E-02));
#4140 = LINE('',#4141,#4142);
#4141 = CARTESIAN_POINT('',(22.033314,-96.72494,-7.5E-02));
#4142 = VECTOR('',#4143,1.);
#4143 = DIRECTION('',(0.909910984578,-0.414803568144,0.));
#4144 = ORIENTED_EDGE('',*,*,#4145,.T.);
#4145 = EDGE_CURVE('',#4138,#4146,#4148,.T.);
#4146 = VERTEX_POINT('',#4147);
#4147 = CARTESIAN_POINT('',(22.12694,-97.541103,-7.5E-02));
#4148 = LINE('',#4149,#4150);
#4149 = CARTESIAN_POINT('',(22.130714,-96.769342,-7.5E-02));
#4150 = VECTOR('',#4151,1.);
#4151 = DIRECTION('',(-4.890056476753E-03,-0.999988043602,0.));
#4152 = ORIENTED_EDGE('',*,*,#4153,.T.);
#4153 = EDGE_CURVE('',#4146,#4154,#4156,.T.);
#4154 = VERTEX_POINT('',#4155);
#4155 = CARTESIAN_POINT('',(22.123803,-97.558373,-7.5E-02));
#4156 = LINE('',#4157,#4158);
#4157 = CARTESIAN_POINT('',(22.12694,-97.541103,-7.5E-02));
#4158 = VECTOR('',#4159,1.);
#4159 = DIRECTION('',(-0.17871999007,-0.983899977208,0.));
#4160 = ORIENTED_EDGE('',*,*,#4161,.T.);
#4161 = EDGE_CURVE('',#4154,#4162,#4164,.T.);
#4162 = VERTEX_POINT('',#4163);
#4163 = CARTESIAN_POINT('',(22.022468,-97.527367,-7.5E-02));
#4164 = LINE('',#4165,#4166);
#4165 = CARTESIAN_POINT('',(22.123803,-97.558373,-7.5E-02));
#4166 = VECTOR('',#4167,1.);
#4167 = DIRECTION('',(-0.956239349097,0.292585555416,0.));
#4168 = ORIENTED_EDGE('',*,*,#4169,.T.);
#4169 = EDGE_CURVE('',#4162,#4170,#4172,.T.);
#4170 = VERTEX_POINT('',#4171);
#4171 = CARTESIAN_POINT('',(22.019114,-97.522646,-7.5E-02));
#4172 = LINE('',#4173,#4174);
#4173 = CARTESIAN_POINT('',(22.022468,-97.527367,-7.5E-02));
#4174 = VECTOR('',#4175,1.);
#4175 = DIRECTION('',(-0.579161836113,0.815212590427,0.));
#4176 = ORIENTED_EDGE('',*,*,#4177,.T.);
#4177 = EDGE_CURVE('',#4170,#4178,#4180,.T.);
#4178 = VERTEX_POINT('',#4179);
#4179 = CARTESIAN_POINT('',(22.017478,-97.179813,-7.5E-02));
#4180 = LINE('',#4181,#4182);
#4181 = CARTESIAN_POINT('',(22.019114,-97.522646,-7.5E-02));
#4182 = VECTOR('',#4183,1.);
#4183 = DIRECTION('',(-4.771948362065E-03,0.99998861419,0.));
#4184 = ORIENTED_EDGE('',*,*,#4185,.T.);
#4185 = EDGE_CURVE('',#4178,#4186,#4188,.T.);
#4186 = VERTEX_POINT('',#4187);
#4187 = CARTESIAN_POINT('',(22.009043,-97.115237,-7.5E-02));
#4188 = LINE('',#4189,#4190);
#4189 = CARTESIAN_POINT('',(22.017478,-97.179813,-7.5E-02));
#4190 = VECTOR('',#4191,1.);
#4191 = DIRECTION('',(-0.129521018154,0.991576676741,0.));
#4192 = ORIENTED_EDGE('',*,*,#4193,.T.);
#4193 = EDGE_CURVE('',#4186,#4194,#4196,.T.);
#4194 = VERTEX_POINT('',#4195);
#4195 = CARTESIAN_POINT('',(21.888147,-97.056323,-7.5E-02));
#4196 = CIRCLE('',#4197,9.960946932843E-02);
#4197 = AXIS2_PLACEMENT_3D('',#4198,#4199,#4200);
#4198 = CARTESIAN_POINT('',(21.916402803678,-97.15184083047,-7.5E-02));
#4199 = DIRECTION('',(0.,0.,1.));
#4200 = DIRECTION('',(0.930034031367,0.367473401078,-0.));
#4201 = ORIENTED_EDGE('',*,*,#4202,.T.);
#4202 = EDGE_CURVE('',#4194,#4203,#4205,.T.);
#4203 = VERTEX_POINT('',#4204);
#4204 = CARTESIAN_POINT('',(21.83691,-97.088052,-7.5E-02));
#4205 = LINE('',#4206,#4207);
#4206 = CARTESIAN_POINT('',(21.888147,-97.056323,-7.5E-02));
#4207 = VECTOR('',#4208,1.);
#4208 = DIRECTION('',(-0.850184510203,-0.526484851264,0.));
#4209 = ORIENTED_EDGE('',*,*,#4210,.T.);
#4210 = EDGE_CURVE('',#4203,#4211,#4213,.T.);
#4211 = VERTEX_POINT('',#4212);
#4212 = CARTESIAN_POINT('',(21.819673,-97.118022,-7.5E-02));
#4213 = LINE('',#4214,#4215);
#4214 = CARTESIAN_POINT('',(21.83691,-97.088052,-7.5E-02));
#4215 = VECTOR('',#4216,1.);
#4216 = DIRECTION('',(-0.498563504426,-0.866853177911,0.));
#4217 = ORIENTED_EDGE('',*,*,#4218,.T.);
#4218 = EDGE_CURVE('',#4211,#4219,#4221,.T.);
#4219 = VERTEX_POINT('',#4220);
#4220 = CARTESIAN_POINT('',(21.811602,-97.246985,-7.5E-02));
#4221 = LINE('',#4222,#4223);
#4222 = CARTESIAN_POINT('',(21.819673,-97.118022,-7.5E-02));
#4223 = VECTOR('',#4224,1.);
#4224 = DIRECTION('',(-6.246163850626E-02,-0.998047365467,0.));
#4225 = ORIENTED_EDGE('',*,*,#4226,.T.);
#4226 = EDGE_CURVE('',#4219,#4227,#4229,.T.);
#4227 = VERTEX_POINT('',#4228);
#4228 = CARTESIAN_POINT('',(21.806268,-97.55515,-7.5E-02));
#4229 = LINE('',#4230,#4231);
#4230 = CARTESIAN_POINT('',(21.811602,-97.246985,-7.5E-02));
#4231 = VECTOR('',#4232,1.);
#4232 = DIRECTION('',(-1.730631691052E-02,-0.999850234483,0.));
#4233 = ORIENTED_EDGE('',*,*,#4234,.T.);
#4234 = EDGE_CURVE('',#4227,#4235,#4237,.T.);
#4235 = VERTEX_POINT('',#4236);
#4236 = CARTESIAN_POINT('',(21.799422,-97.559279,-7.5E-02));
#4237 = LINE('',#4238,#4239);
#4238 = CARTESIAN_POINT('',(21.806268,-97.55515,-7.5E-02));
#4239 = VECTOR('',#4240,1.);
#4240 = DIRECTION('',(-0.856309747917,-0.516462598474,0.));
#4241 = ORIENTED_EDGE('',*,*,#4242,.T.);
#4242 = EDGE_CURVE('',#4235,#4243,#4245,.T.);
#4243 = VERTEX_POINT('',#4244);
#4244 = CARTESIAN_POINT('',(21.700298,-97.524821,-7.5E-02));
#4245 = LINE('',#4246,#4247);
#4246 = CARTESIAN_POINT('',(21.799422,-97.559279,-7.5E-02));
#4247 = VECTOR('',#4248,1.);
#4248 = DIRECTION('',(-0.944555659057,0.328351346796,0.));
#4249 = ORIENTED_EDGE('',*,*,#4250,.T.);
#4250 = EDGE_CURVE('',#4243,#4251,#4253,.T.);
#4251 = VERTEX_POINT('',#4252);
#4252 = CARTESIAN_POINT('',(21.701795,-97.203218,-7.5E-02));
#4253 = LINE('',#4254,#4255);
#4254 = CARTESIAN_POINT('',(21.700298,-97.524821,-7.5E-02));
#4255 = VECTOR('',#4256,1.);
#4256 = DIRECTION('',(4.654756896986E-03,0.99998916656,0.));
#4257 = ORIENTED_EDGE('',*,*,#4258,.T.);
#4258 = EDGE_CURVE('',#4251,#4259,#4261,.T.);
#4259 = VERTEX_POINT('',#4260);
#4260 = CARTESIAN_POINT('',(21.707785,-97.130512,-7.5E-02));
#4261 = LINE('',#4262,#4263);
#4262 = CARTESIAN_POINT('',(21.701795,-97.203218,-7.5E-02));
#4263 = VECTOR('',#4264,1.);
#4264 = DIRECTION('',(8.210841179397E-02,0.996623403655,0.));
#4265 = ORIENTED_EDGE('',*,*,#4266,.T.);
#4266 = EDGE_CURVE('',#4259,#4267,#4269,.T.);
#4267 = VERTEX_POINT('',#4268);
#4268 = CARTESIAN_POINT('',(21.719444,-97.075755,-7.5E-02));
#4269 = LINE('',#4270,#4271);
#4270 = CARTESIAN_POINT('',(21.707785,-97.130512,-7.5E-02));
#4271 = VECTOR('',#4272,1.);
#4272 = DIRECTION('',(0.208254167008,0.978074742504,0.));
#4273 = ORIENTED_EDGE('',*,*,#4274,.T.);
#4274 = EDGE_CURVE('',#4267,#4275,#4277,.T.);
#4275 = VERTEX_POINT('',#4276);
#4276 = CARTESIAN_POINT('',(21.738351,-97.034342,-7.5E-02));
#4277 = LINE('',#4278,#4279);
#4278 = CARTESIAN_POINT('',(21.719444,-97.075755,-7.5E-02));
#4279 = VECTOR('',#4280,1.);
#4280 = DIRECTION('',(0.415311712589,0.909679163984,0.));
#4281 = ORIENTED_EDGE('',*,*,#4282,.T.);
#4282 = EDGE_CURVE('',#4275,#4283,#4285,.T.);
#4283 = VERTEX_POINT('',#4284);
#4284 = CARTESIAN_POINT('',(21.839097,-96.955471,-7.5E-02));
#4285 = CIRCLE('',#4286,0.210938111857);
#4286 = AXIS2_PLACEMENT_3D('',#4287,#4288,#4289);
#4287 = CARTESIAN_POINT('',(21.912629563084,-97.15317747232,-7.5E-02));
#4288 = DIRECTION('',(0.,0.,-1.));
#4289 = DIRECTION('',(-0.826207087707,0.563366530975,0.));
#4290 = ORIENTED_EDGE('',*,*,#4291,.T.);
#4291 = EDGE_CURVE('',#4283,#4292,#4294,.T.);
#4292 = VERTEX_POINT('',#4293);
#4293 = CARTESIAN_POINT('',(21.896704,-96.941785,-7.5E-02));
#4294 = LINE('',#4295,#4296);
#4295 = CARTESIAN_POINT('',(21.839097,-96.955471,-7.5E-02));
#4296 = VECTOR('',#4297,1.);
#4297 = DIRECTION('',(0.97292007899,0.231141774456,0.));
#4298 = ORIENTED_EDGE('',*,*,#4299,.T.);
#4299 = EDGE_CURVE('',#4292,#4300,#4302,.T.);
#4300 = VERTEX_POINT('',#4301);
#4301 = CARTESIAN_POINT('',(21.95383,-96.941237,-7.5E-02));
#4302 = LINE('',#4303,#4304);
#4303 = CARTESIAN_POINT('',(21.896704,-96.941785,-7.5E-02));
#4304 = VECTOR('',#4305,1.);
#4305 = DIRECTION('',(0.999953991983,9.592388537643E-03,0.));
#4306 = ORIENTED_EDGE('',*,*,#4307,.T.);
#4307 = EDGE_CURVE('',#4300,#4308,#4310,.T.);
#4308 = VERTEX_POINT('',#4309);
#4309 = CARTESIAN_POINT('',(22.004925,-96.955883,-7.5E-02));
#4310 = LINE('',#4311,#4312);
#4311 = CARTESIAN_POINT('',(21.95383,-96.941237,-7.5E-02));
#4312 = VECTOR('',#4313,1.);
#4313 = DIRECTION('',(0.961287889565,-0.2755459914,0.));
#4314 = ORIENTED_EDGE('',*,*,#4315,.T.);
#4315 = EDGE_CURVE('',#4308,#4120,#4316,.T.);
#4316 = LINE('',#4317,#4318);
#4317 = CARTESIAN_POINT('',(22.004925,-96.955883,-7.5E-02));
#4318 = VECTOR('',#4319,1.);
#4319 = DIRECTION('',(0.212520876825,0.977156526312,0.));
#4320 = PLANE('',#4321);
#4321 = AXIS2_PLACEMENT_3D('',#4322,#4323,#4324);
#4322 = CARTESIAN_POINT('',(0.,0.,-7.5E-02));
#4323 = DIRECTION('',(-0.,-0.,-1.));
#4324 = DIRECTION('',(-1.,0.,0.));
#4325 = SHELL_BASED_SURFACE_MODEL('',(#4326));
#4326 = OPEN_SHELL('',(#4327));
#4327 = ADVANCED_FACE('',(#4328,#4493),#4624,.T.);
#4328 = FACE_BOUND('',#4329,.T.);
#4329 = EDGE_LOOP('',(#4330,#4340,#4348,#4356,#4364,#4372,#4380,#4388,
    #4397,#4405,#4413,#4421,#4429,#4437,#4445,#4454,#4462,#4470,#4479,
    #4487));
#4330 = ORIENTED_EDGE('',*,*,#4331,.T.);
#4331 = EDGE_CURVE('',#4332,#4334,#4336,.T.);
#4332 = VERTEX_POINT('',#4333);
#4333 = CARTESIAN_POINT('',(20.205781,-97.25733,-7.5E-02));
#4334 = VERTEX_POINT('',#4335);
#4335 = CARTESIAN_POINT('',(20.206293,-96.725066,-7.5E-02));
#4336 = LINE('',#4337,#4338);
#4337 = CARTESIAN_POINT('',(20.205781,-97.25733,-7.5E-02));
#4338 = VECTOR('',#4339,1.);
#4339 = DIRECTION('',(9.619282219323E-04,0.999999537347,0.));
#4340 = ORIENTED_EDGE('',*,*,#4341,.T.);
#4341 = EDGE_CURVE('',#4334,#4342,#4344,.T.);
#4342 = VERTEX_POINT('',#4343);
#4343 = CARTESIAN_POINT('',(20.211761,-96.723989,-7.5E-02));
#4344 = LINE('',#4345,#4346);
#4345 = CARTESIAN_POINT('',(20.206293,-96.725066,-7.5E-02));
#4346 = VECTOR('',#4347,1.);
#4347 = DIRECTION('',(0.981149304039,0.19325124368,0.));
#4348 = ORIENTED_EDGE('',*,*,#4349,.T.);
#4349 = EDGE_CURVE('',#4342,#4350,#4352,.T.);
#4350 = VERTEX_POINT('',#4351);
#4351 = CARTESIAN_POINT('',(20.291944,-96.761727,-7.5E-02));
#4352 = LINE('',#4353,#4354);
#4353 = CARTESIAN_POINT('',(20.211761,-96.723989,-7.5E-02));
#4354 = VECTOR('',#4355,1.);
#4355 = DIRECTION('',(0.904797731108,-0.425841597054,0.));
#4356 = ORIENTED_EDGE('',*,*,#4357,.T.);
#4357 = EDGE_CURVE('',#4350,#4358,#4360,.T.);
#4358 = VERTEX_POINT('',#4359);
#4359 = CARTESIAN_POINT('',(20.305596,-96.783534,-7.5E-02));
#4360 = LINE('',#4361,#4362);
#4361 = CARTESIAN_POINT('',(20.291944,-96.761727,-7.5E-02));
#4362 = VECTOR('',#4363,1.);
#4363 = DIRECTION('',(0.530631168128,-0.847602833532,0.));
#4364 = ORIENTED_EDGE('',*,*,#4365,.T.);
#4365 = EDGE_CURVE('',#4358,#4366,#4368,.T.);
#4366 = VERTEX_POINT('',#4367);
#4367 = CARTESIAN_POINT('',(20.325714,-96.948682,-7.5E-02));
#4368 = LINE('',#4369,#4370);
#4369 = CARTESIAN_POINT('',(20.305596,-96.783534,-7.5E-02));
#4370 = VECTOR('',#4371,1.);
#4371 = DIRECTION('',(0.120924075791,-0.992661759057,0.));
#4372 = ORIENTED_EDGE('',*,*,#4373,.T.);
#4373 = EDGE_CURVE('',#4366,#4374,#4376,.T.);
#4374 = VERTEX_POINT('',#4375);
#4375 = CARTESIAN_POINT('',(20.330928,-96.956611,-7.5E-02));
#4376 = LINE('',#4377,#4378);
#4377 = CARTESIAN_POINT('',(20.325714,-96.948682,-7.5E-02));
#4378 = VECTOR('',#4379,1.);
#4379 = DIRECTION('',(0.549436496998,-0.835535478461,0.));
#4380 = ORIENTED_EDGE('',*,*,#4381,.T.);
#4381 = EDGE_CURVE('',#4374,#4382,#4384,.T.);
#4382 = VERTEX_POINT('',#4383);
#4383 = CARTESIAN_POINT('',(20.370059,-96.943074,-7.5E-02));
#4384 = LINE('',#4385,#4386);
#4385 = CARTESIAN_POINT('',(20.330928,-96.956611,-7.5E-02));
#4386 = VECTOR('',#4387,1.);
#4387 = DIRECTION('',(0.945048363672,0.326930558867,0.));
#4388 = ORIENTED_EDGE('',*,*,#4389,.T.);
#4389 = EDGE_CURVE('',#4382,#4390,#4392,.T.);
#4390 = VERTEX_POINT('',#4391);
#4391 = CARTESIAN_POINT('',(20.533638,-96.973871,-7.5E-02));
#4392 = CIRCLE('',#4393,0.244574887169);
#4393 = AXIS2_PLACEMENT_3D('',#4394,#4395,#4396);
#4394 = CARTESIAN_POINT('',(20.409297967735,-97.18448066694,-7.5E-02));
#4395 = DIRECTION('',(0.,0.,-1.));
#4396 = DIRECTION('',(-0.160437435705,0.987046011706,0.));
#4397 = ORIENTED_EDGE('',*,*,#4398,.T.);
#4398 = EDGE_CURVE('',#4390,#4399,#4401,.T.);
#4399 = VERTEX_POINT('',#4400);
#4400 = CARTESIAN_POINT('',(20.561646,-96.995158,-7.5E-02));
#4401 = LINE('',#4402,#4403);
#4402 = CARTESIAN_POINT('',(20.533638,-96.973871,-7.5E-02));
#4403 = VECTOR('',#4404,1.);
#4404 = DIRECTION('',(0.796149595501,-0.60509984431,0.));
#4405 = ORIENTED_EDGE('',*,*,#4406,.T.);
#4406 = EDGE_CURVE('',#4399,#4407,#4409,.T.);
#4407 = VERTEX_POINT('',#4408);
#4408 = CARTESIAN_POINT('',(20.59745,-97.036605,-7.5E-02));
#4409 = LINE('',#4410,#4411);
#4410 = CARTESIAN_POINT('',(20.561646,-96.995158,-7.5E-02));
#4411 = VECTOR('',#4412,1.);
#4412 = DIRECTION('',(0.653712560349,-0.756742947402,0.));
#4413 = ORIENTED_EDGE('',*,*,#4414,.T.);
#4414 = EDGE_CURVE('',#4407,#4415,#4417,.T.);
#4415 = VERTEX_POINT('',#4416);
#4416 = CARTESIAN_POINT('',(20.6202,-97.089229,-7.5E-02));
#4417 = LINE('',#4418,#4419);
#4418 = CARTESIAN_POINT('',(20.59745,-97.036605,-7.5E-02));
#4419 = VECTOR('',#4420,1.);
#4420 = DIRECTION('',(0.396818214697,-0.917897218911,0.));
#4421 = ORIENTED_EDGE('',*,*,#4422,.T.);
#4422 = EDGE_CURVE('',#4415,#4423,#4425,.T.);
#4423 = VERTEX_POINT('',#4424);
#4424 = CARTESIAN_POINT('',(20.632186,-97.158376,-7.5E-02));
#4425 = LINE('',#4426,#4427);
#4426 = CARTESIAN_POINT('',(20.6202,-97.089229,-7.5E-02));
#4427 = VECTOR('',#4428,1.);
#4428 = DIRECTION('',(0.170793917118,-0.985306773485,0.));
#4429 = ORIENTED_EDGE('',*,*,#4430,.T.);
#4430 = EDGE_CURVE('',#4423,#4431,#4433,.T.);
#4431 = VERTEX_POINT('',#4432);
#4432 = CARTESIAN_POINT('',(20.634509,-97.306841,-7.5E-02));
#4433 = LINE('',#4434,#4435);
#4434 = CARTESIAN_POINT('',(20.632186,-97.158376,-7.5E-02));
#4435 = VECTOR('',#4436,1.);
#4436 = DIRECTION('',(1.564487045144E-02,-0.999877611525,0.));
#4437 = ORIENTED_EDGE('',*,*,#4438,.T.);
#4438 = EDGE_CURVE('',#4431,#4439,#4441,.T.);
#4439 = VERTEX_POINT('',#4440);
#4440 = CARTESIAN_POINT('',(20.626123,-97.384935,-7.5E-02));
#4441 = LINE('',#4442,#4443);
#4442 = CARTESIAN_POINT('',(20.634509,-97.306841,-7.5E-02));
#4443 = VECTOR('',#4444,1.);
#4444 = DIRECTION('',(-0.106769583668,-0.994283790476,0.));
#4445 = ORIENTED_EDGE('',*,*,#4446,.T.);
#4446 = EDGE_CURVE('',#4439,#4447,#4449,.T.);
#4447 = VERTEX_POINT('',#4448);
#4448 = CARTESIAN_POINT('',(20.532883,-97.526029,-7.5E-02));
#4449 = CIRCLE('',#4450,0.199735589605);
#4450 = AXIS2_PLACEMENT_3D('',#4451,#4452,#4453);
#4451 = CARTESIAN_POINT('',(20.428535943004,-97.35571752812,-7.5E-02));
#4452 = DIRECTION('',(0.,0.,-1.));
#4453 = DIRECTION('',(0.989243115794,-0.146280750115,0.));
#4454 = ORIENTED_EDGE('',*,*,#4455,.T.);
#4455 = EDGE_CURVE('',#4447,#4456,#4458,.T.);
#4456 = VERTEX_POINT('',#4457);
#4457 = CARTESIAN_POINT('',(20.490159,-97.547394,-7.5E-02));
#4458 = LINE('',#4459,#4460);
#4459 = CARTESIAN_POINT('',(20.532883,-97.526029,-7.5E-02));
#4460 = VECTOR('',#4461,1.);
#4461 = DIRECTION('',(-0.894402068287,-0.447263837397,0.));
#4462 = ORIENTED_EDGE('',*,*,#4463,.T.);
#4463 = EDGE_CURVE('',#4456,#4464,#4466,.T.);
#4464 = VERTEX_POINT('',#4465);
#4465 = CARTESIAN_POINT('',(20.419084,-97.559008,-7.5E-02));
#4466 = LINE('',#4467,#4468);
#4467 = CARTESIAN_POINT('',(20.490159,-97.547394,-7.5E-02));
#4468 = VECTOR('',#4469,1.);
#4469 = DIRECTION('',(-0.986910970331,-0.161266043045,0.));
#4470 = ORIENTED_EDGE('',*,*,#4471,.T.);
#4471 = EDGE_CURVE('',#4464,#4472,#4474,.T.);
#4472 = VERTEX_POINT('',#4473);
#4473 = CARTESIAN_POINT('',(20.228227,-97.440974,-7.5E-02));
#4474 = CIRCLE('',#4475,0.221162197527);
#4475 = AXIS2_PLACEMENT_3D('',#4476,#4477,#4478);
#4476 = CARTESIAN_POINT('',(20.423900474119,-97.33789825532,-7.5E-02));
#4477 = DIRECTION('',(0.,0.,-1.));
#4478 = DIRECTION('',(-2.177801709698E-02,-0.999762830861,-0.));
#4479 = ORIENTED_EDGE('',*,*,#4480,.T.);
#4480 = EDGE_CURVE('',#4472,#4481,#4483,.T.);
#4481 = VERTEX_POINT('',#4482);
#4482 = CARTESIAN_POINT('',(20.214146,-97.398059,-7.5E-02));
#4483 = LINE('',#4484,#4485);
#4484 = CARTESIAN_POINT('',(20.228227,-97.440974,-7.5E-02));
#4485 = VECTOR('',#4486,1.);
#4486 = DIRECTION('',(-0.311760735976,0.950160640894,0.));
#4487 = ORIENTED_EDGE('',*,*,#4488,.T.);
#4488 = EDGE_CURVE('',#4481,#4332,#4489,.T.);
#4489 = LINE('',#4490,#4491);
#4490 = CARTESIAN_POINT('',(20.214146,-97.398059,-7.5E-02));
#4491 = VECTOR('',#4492,1.);
#4492 = DIRECTION('',(-5.933575563581E-02,0.998238081874,0.));
#4493 = FACE_BOUND('',#4494,.T.);
#4494 = EDGE_LOOP('',(#4495,#4505,#4513,#4522,#4530,#4538,#4546,#4554,
    #4562,#4570,#4578,#4586,#4594,#4602,#4610,#4618));
#4495 = ORIENTED_EDGE('',*,*,#4496,.T.);
#4496 = EDGE_CURVE('',#4497,#4499,#4501,.T.);
#4497 = VERTEX_POINT('',#4498);
#4498 = CARTESIAN_POINT('',(20.507258,-97.098457,-7.5E-02));
#4499 = VERTEX_POINT('',#4500);
#4500 = CARTESIAN_POINT('',(20.483524,-97.074442,-7.5E-02));
#4501 = LINE('',#4502,#4503);
#4502 = CARTESIAN_POINT('',(20.507258,-97.098457,-7.5E-02));
#4503 = VECTOR('',#4504,1.);
#4504 = DIRECTION('',(-0.702933328136,0.711255745984,0.));
#4505 = ORIENTED_EDGE('',*,*,#4506,.T.);
#4506 = EDGE_CURVE('',#4499,#4507,#4509,.T.);
#4507 = VERTEX_POINT('',#4508);
#4508 = CARTESIAN_POINT('',(20.436883,-97.053912,-7.5E-02));
#4509 = LINE('',#4510,#4511);
#4510 = CARTESIAN_POINT('',(20.483524,-97.074442,-7.5E-02));
#4511 = VECTOR('',#4512,1.);
#4512 = DIRECTION('',(-0.91525744165,0.402869477007,0.));
#4513 = ORIENTED_EDGE('',*,*,#4514,.T.);
#4514 = EDGE_CURVE('',#4507,#4515,#4517,.T.);
#4515 = VERTEX_POINT('',#4516);
#4516 = CARTESIAN_POINT('',(20.326653,-97.113819,-7.5E-02));
#4517 = CIRCLE('',#4518,0.100382944374);
#4518 = AXIS2_PLACEMENT_3D('',#4519,#4520,#4521);
#4519 = CARTESIAN_POINT('',(20.419190435237,-97.15272348047,-7.5E-02));
#4520 = DIRECTION('',(0.,0.,1.));
#4521 = DIRECTION('',(0.176250705469,0.984345309747,-0.));
#4522 = ORIENTED_EDGE('',*,*,#4523,.T.);
#4523 = EDGE_CURVE('',#4515,#4524,#4526,.T.);
#4524 = VERTEX_POINT('',#4525);
#4525 = CARTESIAN_POINT('',(20.317171,-97.185578,-7.5E-02));
#4526 = LINE('',#4527,#4528);
#4527 = CARTESIAN_POINT('',(20.326653,-97.113819,-7.5E-02));
#4528 = VECTOR('',#4529,1.);
#4529 = DIRECTION('',(-0.130998063541,-0.99138262409,0.));
#4530 = ORIENTED_EDGE('',*,*,#4531,.T.);
#4531 = EDGE_CURVE('',#4524,#4532,#4534,.T.);
#4532 = VERTEX_POINT('',#4533);
#4533 = CARTESIAN_POINT('',(20.318922,-97.351819,-7.5E-02));
#4534 = LINE('',#4535,#4536);
#4535 = CARTESIAN_POINT('',(20.317171,-97.185578,-7.5E-02));
#4536 = VECTOR('',#4537,1.);
#4537 = DIRECTION('',(1.053231680728E-02,-0.999944533613,0.));
#4538 = ORIENTED_EDGE('',*,*,#4539,.T.);
#4539 = EDGE_CURVE('',#4532,#4540,#4542,.T.);
#4540 = VERTEX_POINT('',#4541);
#4541 = CARTESIAN_POINT('',(20.324114,-97.381672,-7.5E-02));
#4542 = LINE('',#4543,#4544);
#4543 = CARTESIAN_POINT('',(20.318922,-97.351819,-7.5E-02));
#4544 = VECTOR('',#4545,1.);
#4545 = DIRECTION('',(0.17134674574,-0.985210785936,0.));
#4546 = ORIENTED_EDGE('',*,*,#4547,.T.);
#4547 = EDGE_CURVE('',#4540,#4548,#4550,.T.);
#4548 = VERTEX_POINT('',#4549);
#4549 = CARTESIAN_POINT('',(20.333413,-97.401119,-7.5E-02));
#4550 = LINE('',#4551,#4552);
#4551 = CARTESIAN_POINT('',(20.324114,-97.381672,-7.5E-02));
#4552 = VECTOR('',#4553,1.);
#4553 = DIRECTION('',(0.431389835065,-0.902165622379,0.));
#4554 = ORIENTED_EDGE('',*,*,#4555,.T.);
#4555 = EDGE_CURVE('',#4548,#4556,#4558,.T.);
#4556 = VERTEX_POINT('',#4557);
#4557 = CARTESIAN_POINT('',(20.351599,-97.420564,-7.5E-02));
#4558 = LINE('',#4559,#4560);
#4559 = CARTESIAN_POINT('',(20.333413,-97.401119,-7.5E-02));
#4560 = VECTOR('',#4561,1.);
#4561 = DIRECTION('',(0.683067308785,-0.730355428315,0.));
#4562 = ORIENTED_EDGE('',*,*,#4563,.T.);
#4563 = EDGE_CURVE('',#4556,#4564,#4566,.T.);
#4564 = VERTEX_POINT('',#4565);
#4565 = CARTESIAN_POINT('',(20.3974,-97.444357,-7.5E-02));
#4566 = LINE('',#4567,#4568);
#4567 = CARTESIAN_POINT('',(20.351599,-97.420564,-7.5E-02));
#4568 = VECTOR('',#4569,1.);
#4569 = DIRECTION('',(0.887403257665,-0.460993989424,0.));
#4570 = ORIENTED_EDGE('',*,*,#4571,.T.);
#4571 = EDGE_CURVE('',#4564,#4572,#4574,.T.);
#4572 = VERTEX_POINT('',#4573);
#4573 = CARTESIAN_POINT('',(20.445074,-97.441961,-7.5E-02));
#4574 = LINE('',#4575,#4576);
#4575 = CARTESIAN_POINT('',(20.3974,-97.444357,-7.5E-02));
#4576 = VECTOR('',#4577,1.);
#4577 = DIRECTION('',(0.99873945408,5.01946497455E-02,0.));
#4578 = ORIENTED_EDGE('',*,*,#4579,.T.);
#4579 = EDGE_CURVE('',#4572,#4580,#4582,.T.);
#4580 = VERTEX_POINT('',#4581);
#4581 = CARTESIAN_POINT('',(20.490275,-97.413421,-7.5E-02));
#4582 = LINE('',#4583,#4584);
#4583 = CARTESIAN_POINT('',(20.445074,-97.441961,-7.5E-02));
#4584 = VECTOR('',#4585,1.);
#4585 = DIRECTION('',(0.845556462234,0.533886007659,0.));
#4586 = ORIENTED_EDGE('',*,*,#4587,.T.);
#4587 = EDGE_CURVE('',#4580,#4588,#4590,.T.);
#4588 = VERTEX_POINT('',#4589);
#4589 = CARTESIAN_POINT('',(20.514457,-97.379771,-7.5E-02));
#4590 = LINE('',#4591,#4592);
#4591 = CARTESIAN_POINT('',(20.490275,-97.413421,-7.5E-02));
#4592 = VECTOR('',#4593,1.);
#4593 = DIRECTION('',(0.583573391906,0.812060401854,0.));
#4594 = ORIENTED_EDGE('',*,*,#4595,.T.);
#4595 = EDGE_CURVE('',#4588,#4596,#4598,.T.);
#4596 = VERTEX_POINT('',#4597);
#4597 = CARTESIAN_POINT('',(20.523525,-97.310367,-7.5E-02));
#4598 = LINE('',#4599,#4600);
#4599 = CARTESIAN_POINT('',(20.514457,-97.379771,-7.5E-02));
#4600 = VECTOR('',#4601,1.);
#4601 = DIRECTION('',(0.129554175913,0.991572345068,0.));
#4602 = ORIENTED_EDGE('',*,*,#4603,.T.);
#4603 = EDGE_CURVE('',#4596,#4604,#4606,.T.);
#4604 = VERTEX_POINT('',#4605);
#4605 = CARTESIAN_POINT('',(20.52174,-97.148319,-7.5E-02));
#4606 = LINE('',#4607,#4608);
#4607 = CARTESIAN_POINT('',(20.523525,-97.310367,-7.5E-02));
#4608 = VECTOR('',#4609,1.);
#4609 = DIRECTION('',(-1.101458652756E-02,0.999939337602,0.));
#4610 = ORIENTED_EDGE('',*,*,#4611,.T.);
#4611 = EDGE_CURVE('',#4604,#4612,#4614,.T.);
#4612 = VERTEX_POINT('',#4613);
#4613 = CARTESIAN_POINT('',(20.516576,-97.118106,-7.5E-02));
#4614 = LINE('',#4615,#4616);
#4615 = CARTESIAN_POINT('',(20.52174,-97.148319,-7.5E-02));
#4616 = VECTOR('',#4617,1.);
#4617 = DIRECTION('',(-0.168476615393,0.985705650824,0.));
#4618 = ORIENTED_EDGE('',*,*,#4619,.T.);
#4619 = EDGE_CURVE('',#4612,#4497,#4620,.T.);
#4620 = LINE('',#4621,#4622);
#4621 = CARTESIAN_POINT('',(20.516576,-97.118106,-7.5E-02));
#4622 = VECTOR('',#4623,1.);
#4623 = DIRECTION('',(-0.42848362198,0.903549548002,0.));
#4624 = PLANE('',#4625);
#4625 = AXIS2_PLACEMENT_3D('',#4626,#4627,#4628);
#4626 = CARTESIAN_POINT('',(0.,0.,-7.5E-02));
#4627 = DIRECTION('',(-0.,-0.,-1.));
#4628 = DIRECTION('',(-1.,0.,0.));
#4629 = SHELL_BASED_SURFACE_MODEL('',(#4630));
#4630 = OPEN_SHELL('',(#4631));
#4631 = ADVANCED_FACE('',(#4632),#5005,.T.);
#4632 = FACE_BOUND('',#4633,.T.);
#4633 = EDGE_LOOP('',(#4634,#4645,#4653,#4661,#4669,#4677,#4685,#4693,
    #4701,#4709,#4717,#4725,#4733,#4741,#4749,#4757,#4765,#4773,#4781,
    #4789,#4797,#4805,#4813,#4821,#4829,#4837,#4845,#4853,#4861,#4869,
    #4878,#4886,#4894,#4902,#4911,#4919,#4927,#4935,#4943,#4951,#4959,
    #4967,#4975,#4983,#4991,#4999));
#4634 = ORIENTED_EDGE('',*,*,#4635,.T.);
#4635 = EDGE_CURVE('',#4636,#4638,#4640,.T.);
#4636 = VERTEX_POINT('',#4637);
#4637 = CARTESIAN_POINT('',(21.237799,-97.025376,-7.5E-02));
#4638 = VERTEX_POINT('',#4639);
#4639 = CARTESIAN_POINT('',(21.359985,-96.945975,-7.5E-02));
#4640 = CIRCLE('',#4641,0.192110433176);
#4641 = AXIS2_PLACEMENT_3D('',#4642,#4643,#4644);
#4642 = CARTESIAN_POINT('',(21.395751015595,-97.13472671698,-7.5E-02));
#4643 = DIRECTION('',(0.,0.,-1.));
#4644 = DIRECTION('',(-0.822193844365,0.569207591559,0.));
#4645 = ORIENTED_EDGE('',*,*,#4646,.T.);
#4646 = EDGE_CURVE('',#4638,#4647,#4649,.T.);
#4647 = VERTEX_POINT('',#4648);
#4648 = CARTESIAN_POINT('',(21.427049,-96.942504,-7.5E-02));
#4649 = LINE('',#4650,#4651);
#4650 = CARTESIAN_POINT('',(21.359985,-96.945975,-7.5E-02));
#4651 = VECTOR('',#4652,1.);
#4652 = DIRECTION('',(0.998663315618,5.16873489281E-02,0.));
#4653 = ORIENTED_EDGE('',*,*,#4654,.T.);
#4654 = EDGE_CURVE('',#4647,#4655,#4657,.T.);
#4655 = VERTEX_POINT('',#4656);
#4656 = CARTESIAN_POINT('',(21.492002,-96.95625,-7.5E-02));
#4657 = LINE('',#4658,#4659);
#4658 = CARTESIAN_POINT('',(21.427049,-96.942504,-7.5E-02));
#4659 = VECTOR('',#4660,1.);
#4660 = DIRECTION('',(0.978331576807,-0.207044260539,0.));
#4661 = ORIENTED_EDGE('',*,*,#4662,.T.);
#4662 = EDGE_CURVE('',#4655,#4663,#4665,.T.);
#4663 = VERTEX_POINT('',#4664);
#4664 = CARTESIAN_POINT('',(21.542968,-96.986183,-7.5E-02));
#4665 = LINE('',#4666,#4667);
#4666 = CARTESIAN_POINT('',(21.492002,-96.95625,-7.5E-02));
#4667 = VECTOR('',#4668,1.);
#4668 = DIRECTION('',(0.862281521425,-0.506429242648,0.));
#4669 = ORIENTED_EDGE('',*,*,#4670,.T.);
#4670 = EDGE_CURVE('',#4663,#4671,#4673,.T.);
#4671 = VERTEX_POINT('',#4672);
#4672 = CARTESIAN_POINT('',(21.56557,-97.009685,-7.5E-02));
#4673 = LINE('',#4674,#4675);
#4674 = CARTESIAN_POINT('',(21.542968,-96.986183,-7.5E-02));
#4675 = VECTOR('',#4676,1.);
#4676 = DIRECTION('',(0.693171229458,-0.720772950833,0.));
#4677 = ORIENTED_EDGE('',*,*,#4678,.T.);
#4678 = EDGE_CURVE('',#4671,#4679,#4681,.T.);
#4679 = VERTEX_POINT('',#4680);
#4680 = CARTESIAN_POINT('',(21.608414,-97.079137,-7.5E-02));
#4681 = LINE('',#4682,#4683);
#4682 = CARTESIAN_POINT('',(21.56557,-97.009685,-7.5E-02));
#4683 = VECTOR('',#4684,1.);
#4684 = DIRECTION('',(0.525024236213,-0.851087276012,0.));
#4685 = ORIENTED_EDGE('',*,*,#4686,.T.);
#4686 = EDGE_CURVE('',#4679,#4687,#4689,.T.);
#4687 = VERTEX_POINT('',#4688);
#4688 = CARTESIAN_POINT('',(21.622714,-97.15395,-7.5E-02));
#4689 = LINE('',#4690,#4691);
#4690 = CARTESIAN_POINT('',(21.608414,-97.079137,-7.5E-02));
#4691 = VECTOR('',#4692,1.);
#4692 = DIRECTION('',(0.187744328346,-0.982217932627,0.));
#4693 = ORIENTED_EDGE('',*,*,#4694,.T.);
#4694 = EDGE_CURVE('',#4687,#4695,#4697,.T.);
#4695 = VERTEX_POINT('',#4696);
#4696 = CARTESIAN_POINT('',(21.62125,-97.208306,-7.5E-02));
#4697 = LINE('',#4698,#4699);
#4698 = CARTESIAN_POINT('',(21.622714,-97.15395,-7.5E-02));
#4699 = VECTOR('',#4700,1.);
#4700 = DIRECTION('',(-2.692378549118E-02,-0.99963748918,0.));
#4701 = ORIENTED_EDGE('',*,*,#4702,.T.);
#4702 = EDGE_CURVE('',#4695,#4703,#4705,.T.);
#4703 = VERTEX_POINT('',#4704);
#4704 = CARTESIAN_POINT('',(21.568384,-97.18939,-7.5E-02));
#4705 = LINE('',#4706,#4707);
#4706 = CARTESIAN_POINT('',(21.62125,-97.208306,-7.5E-02));
#4707 = VECTOR('',#4708,1.);
#4708 = DIRECTION('',(-0.941542693889,0.336893685877,0.));
#4709 = ORIENTED_EDGE('',*,*,#4710,.T.);
#4710 = EDGE_CURVE('',#4703,#4711,#4713,.T.);
#4711 = VERTEX_POINT('',#4712);
#4712 = CARTESIAN_POINT('',(21.53444,-97.167939,-7.5E-02));
#4713 = LINE('',#4714,#4715);
#4714 = CARTESIAN_POINT('',(21.568384,-97.18939,-7.5E-02));
#4715 = VECTOR('',#4716,1.);
#4716 = DIRECTION('',(-0.845346253502,0.53421878635,0.));
#4717 = ORIENTED_EDGE('',*,*,#4718,.T.);
#4718 = EDGE_CURVE('',#4711,#4719,#4721,.T.);
#4719 = VERTEX_POINT('',#4720);
#4720 = CARTESIAN_POINT('',(21.47897,-97.076227,-7.5E-02));
#4721 = LINE('',#4722,#4723);
#4722 = CARTESIAN_POINT('',(21.53444,-97.167939,-7.5E-02));
#4723 = VECTOR('',#4724,1.);
#4724 = DIRECTION('',(-0.517530236738,0.855664919266,0.));
#4725 = ORIENTED_EDGE('',*,*,#4726,.T.);
#4726 = EDGE_CURVE('',#4719,#4727,#4729,.T.);
#4727 = VERTEX_POINT('',#4728);
#4728 = CARTESIAN_POINT('',(21.438734,-97.054076,-7.5E-02));
#4729 = LINE('',#4730,#4731);
#4730 = CARTESIAN_POINT('',(21.47897,-97.076227,-7.5E-02));
#4731 = VECTOR('',#4732,1.);
#4732 = DIRECTION('',(-0.876020933129,0.482273081065,0.));
#4733 = ORIENTED_EDGE('',*,*,#4734,.T.);
#4734 = EDGE_CURVE('',#4727,#4735,#4737,.T.);
#4735 = VERTEX_POINT('',#4736);
#4736 = CARTESIAN_POINT('',(21.392515,-97.053124,-7.5E-02));
#4737 = LINE('',#4738,#4739);
#4738 = CARTESIAN_POINT('',(21.438734,-97.054076,-7.5E-02));
#4739 = VECTOR('',#4740,1.);
#4740 = DIRECTION('',(-0.999787937124,2.059322175165E-02,0.));
#4741 = ORIENTED_EDGE('',*,*,#4742,.T.);
#4742 = EDGE_CURVE('',#4735,#4743,#4745,.T.);
#4743 = VERTEX_POINT('',#4744);
#4744 = CARTESIAN_POINT('',(21.340896,-97.081602,-7.5E-02));
#4745 = LINE('',#4746,#4747);
#4746 = CARTESIAN_POINT('',(21.392515,-97.053124,-7.5E-02));
#4747 = VECTOR('',#4748,1.);
#4748 = DIRECTION('',(-0.875588074718,-0.483058509305,0.));
#4749 = ORIENTED_EDGE('',*,*,#4750,.T.);
#4750 = EDGE_CURVE('',#4743,#4751,#4753,.T.);
#4751 = VERTEX_POINT('',#4752);
#4752 = CARTESIAN_POINT('',(21.31859,-97.106973,-7.5E-02));
#4753 = LINE('',#4754,#4755);
#4754 = CARTESIAN_POINT('',(21.340896,-97.081602,-7.5E-02));
#4755 = VECTOR('',#4756,1.);
#4756 = DIRECTION('',(-0.660286170575,-0.751014096371,0.));
#4757 = ORIENTED_EDGE('',*,*,#4758,.T.);
#4758 = EDGE_CURVE('',#4751,#4759,#4761,.T.);
#4759 = VERTEX_POINT('',#4760);
#4760 = CARTESIAN_POINT('',(21.31531,-97.126675,-7.5E-02));
#4761 = LINE('',#4762,#4763);
#4762 = CARTESIAN_POINT('',(21.31859,-97.106973,-7.5E-02));
#4763 = VECTOR('',#4764,1.);
#4764 = DIRECTION('',(-0.164220366545,-0.986423677337,0.));
#4765 = ORIENTED_EDGE('',*,*,#4766,.T.);
#4766 = EDGE_CURVE('',#4759,#4767,#4769,.T.);
#4767 = VERTEX_POINT('',#4768);
#4768 = CARTESIAN_POINT('',(21.331159,-97.147076,-7.5E-02));
#4769 = LINE('',#4770,#4771);
#4770 = CARTESIAN_POINT('',(21.31531,-97.126675,-7.5E-02));
#4771 = VECTOR('',#4772,1.);
#4772 = DIRECTION('',(0.613495662657,-0.789698089083,0.));
#4773 = ORIENTED_EDGE('',*,*,#4774,.T.);
#4774 = EDGE_CURVE('',#4767,#4775,#4777,.T.);
#4775 = VERTEX_POINT('',#4776);
#4776 = CARTESIAN_POINT('',(21.371543,-97.171871,-7.5E-02));
#4777 = LINE('',#4778,#4779);
#4778 = CARTESIAN_POINT('',(21.331159,-97.147076,-7.5E-02));
#4779 = VECTOR('',#4780,1.);
#4780 = DIRECTION('',(0.852191860325,-0.523229426921,0.));
#4781 = ORIENTED_EDGE('',*,*,#4782,.T.);
#4782 = EDGE_CURVE('',#4775,#4783,#4785,.T.);
#4783 = VERTEX_POINT('',#4784);
#4784 = CARTESIAN_POINT('',(21.51791,-97.239712,-7.5E-02));
#4785 = LINE('',#4786,#4787);
#4786 = CARTESIAN_POINT('',(21.371543,-97.171871,-7.5E-02));
#4787 = VECTOR('',#4788,1.);
#4788 = DIRECTION('',(0.90728130482,-0.420524237023,0.));
#4789 = ORIENTED_EDGE('',*,*,#4790,.T.);
#4790 = EDGE_CURVE('',#4783,#4791,#4793,.T.);
#4791 = VERTEX_POINT('',#4792);
#4792 = CARTESIAN_POINT('',(21.569704,-97.271194,-7.5E-02));
#4793 = LINE('',#4794,#4795);
#4794 = CARTESIAN_POINT('',(21.51791,-97.239712,-7.5E-02));
#4795 = VECTOR('',#4796,1.);
#4796 = DIRECTION('',(0.854526536209,-0.519407738598,0.));
#4797 = ORIENTED_EDGE('',*,*,#4798,.T.);
#4798 = EDGE_CURVE('',#4791,#4799,#4801,.T.);
#4799 = VERTEX_POINT('',#4800);
#4800 = CARTESIAN_POINT('',(21.602072,-97.303409,-7.5E-02));
#4801 = LINE('',#4802,#4803);
#4802 = CARTESIAN_POINT('',(21.569704,-97.271194,-7.5E-02));
#4803 = VECTOR('',#4804,1.);
#4804 = DIRECTION('',(0.708779959641,-0.705429634202,0.));
#4805 = ORIENTED_EDGE('',*,*,#4806,.T.);
#4806 = EDGE_CURVE('',#4799,#4807,#4809,.T.);
#4807 = VERTEX_POINT('',#4808);
#4808 = CARTESIAN_POINT('',(21.618317,-97.339569,-7.5E-02));
#4809 = LINE('',#4810,#4811);
#4810 = CARTESIAN_POINT('',(21.602072,-97.303409,-7.5E-02));
#4811 = VECTOR('',#4812,1.);
#4812 = DIRECTION('',(0.409798190667,-0.912176212651,0.));
#4813 = ORIENTED_EDGE('',*,*,#4814,.T.);
#4814 = EDGE_CURVE('',#4807,#4815,#4817,.T.);
#4815 = VERTEX_POINT('',#4816);
#4816 = CARTESIAN_POINT('',(21.622677,-97.383067,-7.5E-02));
#4817 = LINE('',#4818,#4819);
#4818 = CARTESIAN_POINT('',(21.618317,-97.339569,-7.5E-02));
#4819 = VECTOR('',#4820,1.);
#4820 = DIRECTION('',(9.973473056668E-02,-0.99501406197,0.));
#4821 = ORIENTED_EDGE('',*,*,#4822,.T.);
#4822 = EDGE_CURVE('',#4815,#4823,#4825,.T.);
#4823 = VERTEX_POINT('',#4824);
#4824 = CARTESIAN_POINT('',(21.616492,-97.431613,-7.5E-02));
#4825 = LINE('',#4826,#4827);
#4826 = CARTESIAN_POINT('',(21.622677,-97.383067,-7.5E-02));
#4827 = VECTOR('',#4828,1.);
#4828 = DIRECTION('',(-0.126383336223,-0.991981477814,0.));
#4829 = ORIENTED_EDGE('',*,*,#4830,.T.);
#4830 = EDGE_CURVE('',#4823,#4831,#4833,.T.);
#4831 = VERTEX_POINT('',#4832);
#4832 = CARTESIAN_POINT('',(21.586298,-97.493396,-7.5E-02));
#4833 = LINE('',#4834,#4835);
#4834 = CARTESIAN_POINT('',(21.616492,-97.431613,-7.5E-02));
#4835 = VECTOR('',#4836,1.);
#4836 = DIRECTION('',(-0.439080762304,-0.898447596788,0.));
#4837 = ORIENTED_EDGE('',*,*,#4838,.T.);
#4838 = EDGE_CURVE('',#4831,#4839,#4841,.T.);
#4839 = VERTEX_POINT('',#4840);
#4840 = CARTESIAN_POINT('',(21.53384,-97.537504,-7.5E-02));
#4841 = LINE('',#4842,#4843);
#4842 = CARTESIAN_POINT('',(21.586298,-97.493396,-7.5E-02));
#4843 = VECTOR('',#4844,1.);
#4844 = DIRECTION('',(-0.765393773734,-0.643562251169,0.));
#4845 = ORIENTED_EDGE('',*,*,#4846,.T.);
#4846 = EDGE_CURVE('',#4839,#4847,#4849,.T.);
#4847 = VERTEX_POINT('',#4848);
#4848 = CARTESIAN_POINT('',(21.496051,-97.550713,-7.5E-02));
#4849 = LINE('',#4850,#4851);
#4850 = CARTESIAN_POINT('',(21.53384,-97.537504,-7.5E-02));
#4851 = VECTOR('',#4852,1.);
#4852 = DIRECTION('',(-0.943991861424,-0.329968734223,0.));
#4853 = ORIENTED_EDGE('',*,*,#4854,.T.);
#4854 = EDGE_CURVE('',#4847,#4855,#4857,.T.);
#4855 = VERTEX_POINT('',#4856);
#4856 = CARTESIAN_POINT('',(21.443284,-97.557854,-7.5E-02));
#4857 = LINE('',#4858,#4859);
#4858 = CARTESIAN_POINT('',(21.496051,-97.550713,-7.5E-02));
#4859 = VECTOR('',#4860,1.);
#4860 = DIRECTION('',(-0.99096668049,-0.134108307567,0.));
#4861 = ORIENTED_EDGE('',*,*,#4862,.T.);
#4862 = EDGE_CURVE('',#4855,#4863,#4865,.T.);
#4863 = VERTEX_POINT('',#4864);
#4864 = CARTESIAN_POINT('',(21.391574,-97.556133,-7.5E-02));
#4865 = LINE('',#4866,#4867);
#4866 = CARTESIAN_POINT('',(21.443284,-97.557854,-7.5E-02));
#4867 = VECTOR('',#4868,1.);
#4868 = DIRECTION('',(-0.999446621783,3.326334627911E-02,0.));
#4869 = ORIENTED_EDGE('',*,*,#4870,.T.);
#4870 = EDGE_CURVE('',#4863,#4871,#4873,.T.);
#4871 = VERTEX_POINT('',#4872);
#4872 = CARTESIAN_POINT('',(21.345532,-97.484359,-7.5E-02));
#4873 = CIRCLE('',#4874,4.650452217814E-02);
#4874 = AXIS2_PLACEMENT_3D('',#4875,#4876,#4877);
#4875 = CARTESIAN_POINT('',(21.384183029954,-97.51021955812,-7.5E-02));
#4876 = DIRECTION('',(0.,0.,-1.));
#4877 = DIRECTION('',(0.15893013626,-0.987289831705,0.));
#4878 = ORIENTED_EDGE('',*,*,#4879,.T.);
#4879 = EDGE_CURVE('',#4871,#4880,#4882,.T.);
#4880 = VERTEX_POINT('',#4881);
#4881 = CARTESIAN_POINT('',(21.3599,-97.456347,-7.5E-02));
#4882 = LINE('',#4883,#4884);
#4883 = CARTESIAN_POINT('',(21.345532,-97.484359,-7.5E-02));
#4884 = VECTOR('',#4885,1.);
#4885 = DIRECTION('',(0.456388872164,0.889780420871,0.));
#4886 = ORIENTED_EDGE('',*,*,#4887,.T.);
#4887 = EDGE_CURVE('',#4880,#4888,#4890,.T.);
#4888 = VERTEX_POINT('',#4889);
#4889 = CARTESIAN_POINT('',(21.382011,-97.445007,-7.5E-02));
#4890 = LINE('',#4891,#4892);
#4891 = CARTESIAN_POINT('',(21.3599,-97.456347,-7.5E-02));
#4892 = VECTOR('',#4893,1.);
#4893 = DIRECTION('',(0.889800703256,0.456349327254,0.));
#4894 = ORIENTED_EDGE('',*,*,#4895,.T.);
#4895 = EDGE_CURVE('',#4888,#4896,#4898,.T.);
#4896 = VERTEX_POINT('',#4897);
#4897 = CARTESIAN_POINT('',(21.46933,-97.442547,-7.5E-02));
#4898 = LINE('',#4899,#4900);
#4899 = CARTESIAN_POINT('',(21.382011,-97.445007,-7.5E-02));
#4900 = VECTOR('',#4901,1.);
#4901 = DIRECTION('',(0.999603389431,2.816138913638E-02,0.));
#4902 = ORIENTED_EDGE('',*,*,#4903,.T.);
#4903 = EDGE_CURVE('',#4896,#4904,#4906,.T.);
#4904 = VERTEX_POINT('',#4905);
#4905 = CARTESIAN_POINT('',(21.50481,-97.36571,-7.5E-02));
#4906 = CIRCLE('',#4907,5.266674360909E-02);
#4907 = AXIS2_PLACEMENT_3D('',#4908,#4909,#4910);
#4908 = CARTESIAN_POINT('',(21.458603860775,-97.39098406932,-7.5E-02));
#4909 = DIRECTION('',(0.,0.,1.));
#4910 = DIRECTION('',(0.20366057383,-0.979041557171,0.));
#4911 = ORIENTED_EDGE('',*,*,#4912,.T.);
#4912 = EDGE_CURVE('',#4904,#4913,#4915,.T.);
#4913 = VERTEX_POINT('',#4914);
#4914 = CARTESIAN_POINT('',(21.482788,-97.346101,-7.5E-02));
#4915 = LINE('',#4916,#4917);
#4916 = CARTESIAN_POINT('',(21.50481,-97.36571,-7.5E-02));
#4917 = VECTOR('',#4918,1.);
#4918 = DIRECTION('',(-0.746838364215,0.665005607297,0.));
#4919 = ORIENTED_EDGE('',*,*,#4920,.T.);
#4920 = EDGE_CURVE('',#4913,#4921,#4923,.T.);
#4921 = VERTEX_POINT('',#4922);
#4922 = CARTESIAN_POINT('',(21.335674,-97.277964,-7.5E-02));
#4923 = LINE('',#4924,#4925);
#4924 = CARTESIAN_POINT('',(21.482788,-97.346101,-7.5E-02));
#4925 = VECTOR('',#4926,1.);
#4926 = DIRECTION('',(-0.907399484626,0.420269170058,0.));
#4927 = ORIENTED_EDGE('',*,*,#4928,.T.);
#4928 = EDGE_CURVE('',#4921,#4929,#4931,.T.);
#4929 = VERTEX_POINT('',#4930);
#4930 = CARTESIAN_POINT('',(21.315782,-97.278816,-7.5E-02));
#4931 = LINE('',#4932,#4933);
#4932 = CARTESIAN_POINT('',(21.335674,-97.277964,-7.5E-02));
#4933 = VECTOR('',#4934,1.);
#4934 = DIRECTION('',(-0.999084000465,-4.279205552004E-02,0.));
#4935 = ORIENTED_EDGE('',*,*,#4936,.T.);
#4936 = EDGE_CURVE('',#4929,#4937,#4939,.T.);
#4937 = VERTEX_POINT('',#4938);
#4938 = CARTESIAN_POINT('',(21.306507,-97.296251,-7.5E-02));
#4939 = LINE('',#4940,#4941);
#4940 = CARTESIAN_POINT('',(21.315782,-97.278816,-7.5E-02));
#4941 = VECTOR('',#4942,1.);
#4942 = DIRECTION('',(-0.469654961204,-0.882850053756,0.));
#4943 = ORIENTED_EDGE('',*,*,#4944,.T.);
#4944 = EDGE_CURVE('',#4937,#4945,#4947,.T.);
#4945 = VERTEX_POINT('',#4946);
#4946 = CARTESIAN_POINT('',(21.298615,-97.542223,-7.5E-02));
#4947 = LINE('',#4948,#4949);
#4948 = CARTESIAN_POINT('',(21.306507,-97.296251,-7.5E-02));
#4949 = VECTOR('',#4950,1.);
#4950 = DIRECTION('',(-3.206845066458E-02,-0.999485674971,0.));
#4951 = ORIENTED_EDGE('',*,*,#4952,.T.);
#4952 = EDGE_CURVE('',#4945,#4953,#4955,.T.);
#4953 = VERTEX_POINT('',#4954);
#4954 = CARTESIAN_POINT('',(21.293005,-97.558795,-7.5E-02));
#4955 = LINE('',#4956,#4957);
#4956 = CARTESIAN_POINT('',(21.298615,-97.542223,-7.5E-02));
#4957 = VECTOR('',#4958,1.);
#4958 = DIRECTION('',(-0.320648244675,-0.947198344164,0.));
#4959 = ORIENTED_EDGE('',*,*,#4960,.T.);
#4960 = EDGE_CURVE('',#4953,#4961,#4963,.T.);
#4961 = VERTEX_POINT('',#4962);
#4962 = CARTESIAN_POINT('',(21.235987,-97.536119,-7.5E-02));
#4963 = LINE('',#4964,#4965);
#4964 = CARTESIAN_POINT('',(21.293005,-97.558795,-7.5E-02));
#4965 = VECTOR('',#4966,1.);
#4966 = DIRECTION('',(-0.929212151952,0.369546717838,0.));
#4967 = ORIENTED_EDGE('',*,*,#4968,.T.);
#4968 = EDGE_CURVE('',#4961,#4969,#4971,.T.);
#4969 = VERTEX_POINT('',#4970);
#4970 = CARTESIAN_POINT('',(21.189126,-97.508715,-7.5E-02));
#4971 = LINE('',#4972,#4973);
#4972 = CARTESIAN_POINT('',(21.235987,-97.536119,-7.5E-02));
#4973 = VECTOR('',#4974,1.);
#4974 = DIRECTION('',(-0.863229861074,0.504811060645,0.));
#4975 = ORIENTED_EDGE('',*,*,#4976,.T.);
#4976 = EDGE_CURVE('',#4969,#4977,#4979,.T.);
#4977 = VERTEX_POINT('',#4978);
#4978 = CARTESIAN_POINT('',(21.19893,-97.193144,-7.5E-02));
#4979 = LINE('',#4980,#4981);
#4980 = CARTESIAN_POINT('',(21.189126,-97.508715,-7.5E-02));
#4981 = VECTOR('',#4982,1.);
#4982 = DIRECTION('',(3.10525113683E-02,0.999517754488,0.));
#4983 = ORIENTED_EDGE('',*,*,#4984,.T.);
#4984 = EDGE_CURVE('',#4977,#4985,#4987,.T.);
#4985 = VERTEX_POINT('',#4986);
#4986 = CARTESIAN_POINT('',(21.206391,-97.12036,-7.5E-02));
#4987 = LINE('',#4988,#4989);
#4988 = CARTESIAN_POINT('',(21.19893,-97.193144,-7.5E-02));
#4989 = VECTOR('',#4990,1.);
#4990 = DIRECTION('',(0.101974417013,0.994787021565,0.));
#4991 = ORIENTED_EDGE('',*,*,#4992,.T.);
#4992 = EDGE_CURVE('',#4985,#4993,#4995,.T.);
#4993 = VERTEX_POINT('',#4994);
#4994 = CARTESIAN_POINT('',(21.218793,-97.065956,-7.5E-02));
#4995 = LINE('',#4996,#4997);
#4996 = CARTESIAN_POINT('',(21.206391,-97.12036,-7.5E-02));
#4997 = VECTOR('',#4998,1.);
#4998 = DIRECTION('',(0.222259320137,0.974987586902,0.));
#4999 = ORIENTED_EDGE('',*,*,#5000,.T.);
#5000 = EDGE_CURVE('',#4993,#4636,#5001,.T.);
#5001 = LINE('',#5002,#5003);
#5002 = CARTESIAN_POINT('',(21.218793,-97.065956,-7.5E-02));
#5003 = VECTOR('',#5004,1.);
#5004 = DIRECTION('',(0.424143403148,0.905595038395,0.));
#5005 = PLANE('',#5006);
#5006 = AXIS2_PLACEMENT_3D('',#5007,#5008,#5009);
#5007 = CARTESIAN_POINT('',(0.,0.,-7.5E-02));
#5008 = DIRECTION('',(-0.,-0.,-1.));
#5009 = DIRECTION('',(-1.,0.,0.));
#5010 = SHELL_BASED_SURFACE_MODEL('',(#5011));
#5011 = OPEN_SHELL('',(#5012));
#5012 = ADVANCED_FACE('',(#5013),#5247,.T.);
#5013 = FACE_BOUND('',#5014,.T.);
#5014 = EDGE_LOOP('',(#5015,#5025,#5033,#5041,#5049,#5057,#5065,#5073,
    #5081,#5089,#5097,#5105,#5113,#5121,#5129,#5137,#5145,#5153,#5161,
    #5169,#5177,#5185,#5193,#5201,#5209,#5217,#5225,#5233,#5241));
#5015 = ORIENTED_EDGE('',*,*,#5016,.T.);
#5016 = EDGE_CURVE('',#5017,#5019,#5021,.T.);
#5017 = VERTEX_POINT('',#5018);
#5018 = CARTESIAN_POINT('',(18.72805,-96.961752,-7.5E-02));
#5019 = VERTEX_POINT('',#5020);
#5020 = CARTESIAN_POINT('',(18.746453,-96.953843,-7.5E-02));
#5021 = LINE('',#5022,#5023);
#5022 = CARTESIAN_POINT('',(18.72805,-96.961752,-7.5E-02));
#5023 = VECTOR('',#5024,1.);
#5024 = DIRECTION('',(0.918746893111,0.394846991122,0.));
#5025 = ORIENTED_EDGE('',*,*,#5026,.T.);
#5026 = EDGE_CURVE('',#5019,#5027,#5029,.T.);
#5027 = VERTEX_POINT('',#5028);
#5028 = CARTESIAN_POINT('',(18.813448,-96.941089,-7.5E-02));
#5029 = LINE('',#5030,#5031);
#5030 = CARTESIAN_POINT('',(18.746453,-96.953843,-7.5E-02));
#5031 = VECTOR('',#5032,1.);
#5032 = DIRECTION('',(0.982357299518,0.187013732339,0.));
#5033 = ORIENTED_EDGE('',*,*,#5034,.T.);
#5034 = EDGE_CURVE('',#5027,#5035,#5037,.T.);
#5035 = VERTEX_POINT('',#5036);
#5036 = CARTESIAN_POINT('',(18.883188,-96.94611,-7.5E-02));
#5037 = LINE('',#5038,#5039);
#5038 = CARTESIAN_POINT('',(18.813448,-96.941089,-7.5E-02));
#5039 = VECTOR('',#5040,1.);
#5040 = DIRECTION('',(0.997418321189,-7.181011457831E-02,0.));
#5041 = ORIENTED_EDGE('',*,*,#5042,.T.);
#5042 = EDGE_CURVE('',#5035,#5043,#5045,.T.);
#5043 = VERTEX_POINT('',#5044);
#5044 = CARTESIAN_POINT('',(18.945539,-96.969203,-7.5E-02));
#5045 = LINE('',#5046,#5047);
#5046 = CARTESIAN_POINT('',(18.883188,-96.94611,-7.5E-02));
#5047 = VECTOR('',#5048,1.);
#5048 = DIRECTION('',(0.937748579302,-0.347314845661,0.));
#5049 = ORIENTED_EDGE('',*,*,#5050,.T.);
#5050 = EDGE_CURVE('',#5043,#5051,#5053,.T.);
#5051 = VERTEX_POINT('',#5052);
#5052 = CARTESIAN_POINT('',(18.997215,-97.0115,-7.5E-02));
#5053 = LINE('',#5054,#5055);
#5054 = CARTESIAN_POINT('',(18.945539,-96.969203,-7.5E-02));
#5055 = VECTOR('',#5056,1.);
#5056 = DIRECTION('',(0.77383518871,-0.633387007061,0.));
#5057 = ORIENTED_EDGE('',*,*,#5058,.T.);
#5058 = EDGE_CURVE('',#5051,#5059,#5061,.T.);
#5059 = VERTEX_POINT('',#5060);
#5060 = CARTESIAN_POINT('',(19.015717,-97.043143,-7.5E-02));
#5061 = LINE('',#5062,#5063);
#5062 = CARTESIAN_POINT('',(18.997215,-97.0115,-7.5E-02));
#5063 = VECTOR('',#5064,1.);
#5064 = DIRECTION('',(0.504757895508,-0.863260949495,0.));
#5065 = ORIENTED_EDGE('',*,*,#5066,.T.);
#5066 = EDGE_CURVE('',#5059,#5067,#5069,.T.);
#5067 = VERTEX_POINT('',#5068);
#5068 = CARTESIAN_POINT('',(19.02782,-97.085407,-7.5E-02));
#5069 = LINE('',#5070,#5071);
#5070 = CARTESIAN_POINT('',(19.015717,-97.043143,-7.5E-02));
#5071 = VECTOR('',#5072,1.);
#5072 = DIRECTION('',(0.275300899129,-0.961358109624,0.));
#5073 = ORIENTED_EDGE('',*,*,#5074,.T.);
#5074 = EDGE_CURVE('',#5067,#5075,#5077,.T.);
#5075 = VERTEX_POINT('',#5076);
#5076 = CARTESIAN_POINT('',(19.038308,-97.220004,-7.5E-02));
#5077 = LINE('',#5078,#5079);
#5078 = CARTESIAN_POINT('',(19.02782,-97.085407,-7.5E-02));
#5079 = VECTOR('',#5080,1.);
#5080 = DIRECTION('',(7.768601050397E-02,-0.996977875267,0.));
#5081 = ORIENTED_EDGE('',*,*,#5082,.T.);
#5082 = EDGE_CURVE('',#5075,#5083,#5085,.T.);
#5083 = VERTEX_POINT('',#5084);
#5084 = CARTESIAN_POINT('',(19.03475,-97.541607,-7.5E-02));
#5085 = LINE('',#5086,#5087);
#5086 = CARTESIAN_POINT('',(19.038308,-97.220004,-7.5E-02));
#5087 = VECTOR('',#5088,1.);
#5088 = DIRECTION('',(-1.106265263464E-02,-0.999938806986,0.));
#5089 = ORIENTED_EDGE('',*,*,#5090,.T.);
#5090 = EDGE_CURVE('',#5083,#5091,#5093,.T.);
#5091 = VERTEX_POINT('',#5092);
#5092 = CARTESIAN_POINT('',(19.030523,-97.558569,-7.5E-02));
#5093 = LINE('',#5094,#5095);
#5094 = CARTESIAN_POINT('',(19.03475,-97.541607,-7.5E-02));
#5095 = VECTOR('',#5096,1.);
#5096 = DIRECTION('',(-0.241808707429,-0.970323940244,0.));
#5097 = ORIENTED_EDGE('',*,*,#5098,.T.);
#5098 = EDGE_CURVE('',#5091,#5099,#5101,.T.);
#5099 = VERTEX_POINT('',#5100);
#5100 = CARTESIAN_POINT('',(18.980862,-97.541702,-7.5E-02));
#5101 = LINE('',#5102,#5103);
#5102 = CARTESIAN_POINT('',(19.030523,-97.558569,-7.5E-02));
#5103 = VECTOR('',#5104,1.);
#5104 = DIRECTION('',(-0.94687578272,0.321599521297,0.));
#5105 = ORIENTED_EDGE('',*,*,#5106,.T.);
#5106 = EDGE_CURVE('',#5099,#5107,#5109,.T.);
#5107 = VERTEX_POINT('',#5108);
#5108 = CARTESIAN_POINT('',(18.954241,-97.521912,-7.5E-02));
#5109 = LINE('',#5110,#5111);
#5110 = CARTESIAN_POINT('',(18.980862,-97.541702,-7.5E-02));
#5111 = VECTOR('',#5112,1.);
#5112 = DIRECTION('',(-0.802535991376,0.596603706447,0.));
#5113 = ORIENTED_EDGE('',*,*,#5114,.T.);
#5114 = EDGE_CURVE('',#5107,#5115,#5117,.T.);
#5115 = VERTEX_POINT('',#5116);
#5116 = CARTESIAN_POINT('',(18.946715,-97.499964,-7.5E-02));
#5117 = LINE('',#5118,#5119);
#5118 = CARTESIAN_POINT('',(18.954241,-97.521912,-7.5E-02));
#5119 = VECTOR('',#5120,1.);
#5120 = DIRECTION('',(-0.324361787625,0.945933100557,0.));
#5121 = ORIENTED_EDGE('',*,*,#5122,.T.);
#5122 = EDGE_CURVE('',#5115,#5123,#5125,.T.);
#5123 = VERTEX_POINT('',#5124);
#5124 = CARTESIAN_POINT('',(18.937765,-97.205067,-7.5E-02));
#5125 = LINE('',#5126,#5127);
#5126 = CARTESIAN_POINT('',(18.946715,-97.499964,-7.5E-02));
#5127 = VECTOR('',#5128,1.);
#5128 = DIRECTION('',(-3.03356118791E-02,0.99953976942,0.));
#5129 = ORIENTED_EDGE('',*,*,#5130,.T.);
#5130 = EDGE_CURVE('',#5123,#5131,#5133,.T.);
#5131 = VERTEX_POINT('',#5132);
#5132 = CARTESIAN_POINT('',(18.928786,-97.140445,-7.5E-02));
#5133 = LINE('',#5134,#5135);
#5134 = CARTESIAN_POINT('',(18.937765,-97.205067,-7.5E-02));
#5135 = VECTOR('',#5136,1.);
#5136 = DIRECTION('',(-0.137624343177,0.99048449769,0.));
#5137 = ORIENTED_EDGE('',*,*,#5138,.T.);
#5138 = EDGE_CURVE('',#5131,#5139,#5141,.T.);
#5139 = VERTEX_POINT('',#5140);
#5140 = CARTESIAN_POINT('',(18.914064,-97.096818,-7.5E-02));
#5141 = LINE('',#5142,#5143);
#5142 = CARTESIAN_POINT('',(18.928786,-97.140445,-7.5E-02));
#5143 = VECTOR('',#5144,1.);
#5144 = DIRECTION('',(-0.31973745547,0.947506179172,0.));
#5145 = ORIENTED_EDGE('',*,*,#5146,.T.);
#5146 = EDGE_CURVE('',#5139,#5147,#5149,.T.);
#5147 = VERTEX_POINT('',#5148);
#5148 = CARTESIAN_POINT('',(18.893155,-97.070528,-7.5E-02));
#5149 = LINE('',#5150,#5151);
#5150 = CARTESIAN_POINT('',(18.914064,-97.096818,-7.5E-02));
#5151 = VECTOR('',#5152,1.);
#5152 = DIRECTION('',(-0.622459748144,0.782651813989,0.));
#5153 = ORIENTED_EDGE('',*,*,#5154,.T.);
#5154 = EDGE_CURVE('',#5147,#5155,#5157,.T.);
#5155 = VERTEX_POINT('',#5156);
#5156 = CARTESIAN_POINT('',(18.861369,-97.056198,-7.5E-02));
#5157 = LINE('',#5158,#5159);
#5158 = CARTESIAN_POINT('',(18.893155,-97.070528,-7.5E-02));
#5159 = VECTOR('',#5160,1.);
#5160 = DIRECTION('',(-0.911639015876,0.410991854826,0.));
#5161 = ORIENTED_EDGE('',*,*,#5162,.T.);
#5162 = EDGE_CURVE('',#5155,#5163,#5165,.T.);
#5163 = VERTEX_POINT('',#5164);
#5164 = CARTESIAN_POINT('',(18.806782,-97.055445,-7.5E-02));
#5165 = LINE('',#5166,#5167);
#5166 = CARTESIAN_POINT('',(18.861369,-97.056198,-7.5E-02));
#5167 = VECTOR('',#5168,1.);
#5168 = DIRECTION('',(-0.999904869555,1.379318091787E-02,0.));
#5169 = ORIENTED_EDGE('',*,*,#5170,.T.);
#5170 = EDGE_CURVE('',#5163,#5171,#5173,.T.);
#5171 = VERTEX_POINT('',#5172);
#5172 = CARTESIAN_POINT('',(18.765027,-97.079432,-7.5E-02));
#5173 = LINE('',#5174,#5175);
#5174 = CARTESIAN_POINT('',(18.806782,-97.055445,-7.5E-02));
#5175 = VECTOR('',#5176,1.);
#5176 = DIRECTION('',(-0.8671047791,-0.498125789397,0.));
#5177 = ORIENTED_EDGE('',*,*,#5178,.T.);
#5178 = EDGE_CURVE('',#5171,#5179,#5181,.T.);
#5179 = VERTEX_POINT('',#5180);
#5180 = CARTESIAN_POINT('',(18.730216,-97.142955,-7.5E-02));
#5181 = LINE('',#5182,#5183);
#5182 = CARTESIAN_POINT('',(18.765027,-97.079432,-7.5E-02));
#5183 = VECTOR('',#5184,1.);
#5184 = DIRECTION('',(-0.480575812268,-0.87695318499,0.));
#5185 = ORIENTED_EDGE('',*,*,#5186,.T.);
#5186 = EDGE_CURVE('',#5179,#5187,#5189,.T.);
#5187 = VERTEX_POINT('',#5188);
#5188 = CARTESIAN_POINT('',(18.708796,-97.193201,-7.5E-02));
#5189 = LINE('',#5190,#5191);
#5190 = CARTESIAN_POINT('',(18.730216,-97.142955,-7.5E-02));
#5191 = VECTOR('',#5192,1.);
#5192 = DIRECTION('',(-0.392155333075,-0.919899013338,0.));
#5193 = ORIENTED_EDGE('',*,*,#5194,.T.);
#5194 = EDGE_CURVE('',#5187,#5195,#5197,.T.);
#5195 = VERTEX_POINT('',#5196);
#5196 = CARTESIAN_POINT('',(18.663057,-97.179447,-7.5E-02));
#5197 = LINE('',#5198,#5199);
#5198 = CARTESIAN_POINT('',(18.708796,-97.193201,-7.5E-02));
#5199 = VECTOR('',#5200,1.);
#5200 = DIRECTION('',(-0.957639955783,0.28796825361,0.));
#5201 = ORIENTED_EDGE('',*,*,#5202,.T.);
#5202 = EDGE_CURVE('',#5195,#5203,#5205,.T.);
#5203 = VERTEX_POINT('',#5204);
#5204 = CARTESIAN_POINT('',(18.634992,-97.15855,-7.5E-02));
#5205 = LINE('',#5206,#5207);
#5206 = CARTESIAN_POINT('',(18.663057,-97.179447,-7.5E-02));
#5207 = VECTOR('',#5208,1.);
#5208 = DIRECTION('',(-0.802076898163,0.5972207711,0.));
#5209 = ORIENTED_EDGE('',*,*,#5210,.T.);
#5210 = EDGE_CURVE('',#5203,#5211,#5213,.T.);
#5211 = VERTEX_POINT('',#5212);
#5212 = CARTESIAN_POINT('',(18.622821,-97.121391,-7.5E-02));
#5213 = LINE('',#5214,#5215);
#5214 = CARTESIAN_POINT('',(18.634992,-97.15855,-7.5E-02));
#5215 = VECTOR('',#5216,1.);
#5216 = DIRECTION('',(-0.311267114205,0.950322462964,0.));
#5217 = ORIENTED_EDGE('',*,*,#5218,.T.);
#5218 = EDGE_CURVE('',#5211,#5219,#5221,.T.);
#5219 = VERTEX_POINT('',#5220);
#5220 = CARTESIAN_POINT('',(18.626747,-97.095165,-7.5E-02));
#5221 = LINE('',#5222,#5223);
#5222 = CARTESIAN_POINT('',(18.622821,-97.121391,-7.5E-02));
#5223 = VECTOR('',#5224,1.);
#5224 = DIRECTION('',(0.148049093668,0.988980012874,0.));
#5225 = ORIENTED_EDGE('',*,*,#5226,.T.);
#5226 = EDGE_CURVE('',#5219,#5227,#5229,.T.);
#5227 = VERTEX_POINT('',#5228);
#5228 = CARTESIAN_POINT('',(18.649229,-97.043555,-7.5E-02));
#5229 = LINE('',#5230,#5231);
#5230 = CARTESIAN_POINT('',(18.626747,-97.095165,-7.5E-02));
#5231 = VECTOR('',#5232,1.);
#5232 = DIRECTION('',(0.399366472341,0.916791372543,0.));
#5233 = ORIENTED_EDGE('',*,*,#5234,.T.);
#5234 = EDGE_CURVE('',#5227,#5235,#5237,.T.);
#5235 = VERTEX_POINT('',#5236);
#5236 = CARTESIAN_POINT('',(18.68554,-96.995208,-7.5E-02));
#5237 = LINE('',#5238,#5239);
#5238 = CARTESIAN_POINT('',(18.649229,-97.043555,-7.5E-02));
#5239 = VECTOR('',#5240,1.);
#5240 = DIRECTION('',(0.600537041988,0.799596936713,0.));
#5241 = ORIENTED_EDGE('',*,*,#5242,.T.);
#5242 = EDGE_CURVE('',#5235,#5017,#5243,.T.);
#5243 = LINE('',#5244,#5245);
#5244 = CARTESIAN_POINT('',(18.68554,-96.995208,-7.5E-02));
#5245 = VECTOR('',#5246,1.);
#5246 = DIRECTION('',(0.785821598659,0.618453244054,0.));
#5247 = PLANE('',#5248);
#5248 = AXIS2_PLACEMENT_3D('',#5249,#5250,#5251);
#5249 = CARTESIAN_POINT('',(0.,0.,-7.5E-02));
#5250 = DIRECTION('',(-0.,-0.,-1.));
#5251 = DIRECTION('',(-1.,0.,0.));
#5252 = SHELL_BASED_SURFACE_MODEL('',(#5253));
#5253 = OPEN_SHELL('',(#5254));
#5254 = ADVANCED_FACE('',(#5255),#5465,.T.);
#5255 = FACE_BOUND('',#5256,.T.);
#5256 = EDGE_LOOP('',(#5257,#5267,#5275,#5283,#5291,#5299,#5307,#5315,
    #5323,#5331,#5339,#5347,#5355,#5363,#5371,#5379,#5387,#5395,#5403,
    #5411,#5419,#5427,#5435,#5443,#5451,#5459));
#5257 = ORIENTED_EDGE('',*,*,#5258,.T.);
#5258 = EDGE_CURVE('',#5259,#5261,#5263,.T.);
#5259 = VERTEX_POINT('',#5260);
#5260 = CARTESIAN_POINT('',(19.61296,-96.99656,-7.5E-02));
#5261 = VERTEX_POINT('',#5262);
#5262 = CARTESIAN_POINT('',(19.619891,-96.940792,-7.5E-02));
#5263 = LINE('',#5264,#5265);
#5264 = CARTESIAN_POINT('',(19.61296,-96.99656,-7.5E-02));
#5265 = VECTOR('',#5266,1.);
#5266 = DIRECTION('',(0.123333873014,0.99236523305,0.));
#5267 = ORIENTED_EDGE('',*,*,#5268,.T.);
#5268 = EDGE_CURVE('',#5261,#5269,#5271,.T.);
#5269 = VERTEX_POINT('',#5270);
#5270 = CARTESIAN_POINT('',(19.623601,-96.939963,-7.5E-02));
#5271 = LINE('',#5272,#5273);
#5272 = CARTESIAN_POINT('',(19.619891,-96.940792,-7.5E-02));
#5273 = VECTOR('',#5274,1.);
#5274 = DIRECTION('',(0.9759326219,0.21807227589,0.));
#5275 = ORIENTED_EDGE('',*,*,#5276,.T.);
#5276 = EDGE_CURVE('',#5269,#5277,#5279,.T.);
#5277 = VERTEX_POINT('',#5278);
#5278 = CARTESIAN_POINT('',(19.720372,-96.987305,-7.5E-02));
#5279 = LINE('',#5280,#5281);
#5280 = CARTESIAN_POINT('',(19.623601,-96.939963,-7.5E-02));
#5281 = VECTOR('',#5282,1.);
#5282 = DIRECTION('',(0.898268101406,-0.439447855833,0.));
#5283 = ORIENTED_EDGE('',*,*,#5284,.T.);
#5284 = EDGE_CURVE('',#5277,#5285,#5287,.T.);
#5285 = VERTEX_POINT('',#5286);
#5286 = CARTESIAN_POINT('',(19.728513,-97.440657,-7.5E-02));
#5287 = LINE('',#5288,#5289);
#5288 = CARTESIAN_POINT('',(19.720372,-96.987305,-7.5E-02));
#5289 = VECTOR('',#5290,1.);
#5290 = DIRECTION('',(1.795445419449E-02,-0.999838805796,0.));
#5291 = ORIENTED_EDGE('',*,*,#5292,.T.);
#5292 = EDGE_CURVE('',#5285,#5293,#5295,.T.);
#5293 = VERTEX_POINT('',#5294);
#5294 = CARTESIAN_POINT('',(19.805765,-97.440657,-7.5E-02));
#5295 = LINE('',#5296,#5297);
#5296 = CARTESIAN_POINT('',(19.728513,-97.440657,-7.5E-02));
#5297 = VECTOR('',#5298,1.);
#5298 = DIRECTION('',(1.,0.,0.));
#5299 = ORIENTED_EDGE('',*,*,#5300,.T.);
#5300 = EDGE_CURVE('',#5293,#5301,#5303,.T.);
#5301 = VERTEX_POINT('',#5302);
#5302 = CARTESIAN_POINT('',(19.818418,-96.944277,-7.5E-02));
#5303 = LINE('',#5304,#5305);
#5304 = CARTESIAN_POINT('',(19.805765,-97.440657,-7.5E-02));
#5305 = VECTOR('',#5306,1.);
#5306 = DIRECTION('',(2.548227415196E-02,0.999675274129,0.));
#5307 = ORIENTED_EDGE('',*,*,#5308,.T.);
#5308 = EDGE_CURVE('',#5301,#5309,#5311,.T.);
#5309 = VERTEX_POINT('',#5310);
#5310 = CARTESIAN_POINT('',(19.825265,-96.940156,-7.5E-02));
#5311 = LINE('',#5312,#5313);
#5312 = CARTESIAN_POINT('',(19.818418,-96.944277,-7.5E-02));
#5313 = VECTOR('',#5314,1.);
#5314 = DIRECTION('',(0.856785483668,0.515672992288,0.));
#5315 = ORIENTED_EDGE('',*,*,#5316,.T.);
#5316 = EDGE_CURVE('',#5309,#5317,#5319,.T.);
#5317 = VERTEX_POINT('',#5318);
#5318 = CARTESIAN_POINT('',(19.924045,-96.974608,-7.5E-02));
#5319 = LINE('',#5320,#5321);
#5320 = CARTESIAN_POINT('',(19.825265,-96.940156,-7.5E-02));
#5321 = VECTOR('',#5322,1.);
#5322 = DIRECTION('',(0.944218431132,-0.329319835891,0.));
#5323 = ORIENTED_EDGE('',*,*,#5324,.T.);
#5324 = EDGE_CURVE('',#5317,#5325,#5327,.T.);
#5325 = VERTEX_POINT('',#5326);
#5326 = CARTESIAN_POINT('',(19.929282,-97.370815,-7.5E-02));
#5327 = LINE('',#5328,#5329);
#5328 = CARTESIAN_POINT('',(19.924045,-96.974608,-7.5E-02));
#5329 = VECTOR('',#5330,1.);
#5330 = DIRECTION('',(1.321668364906E-02,-0.999912655822,0.));
#5331 = ORIENTED_EDGE('',*,*,#5332,.T.);
#5332 = EDGE_CURVE('',#5325,#5333,#5335,.T.);
#5333 = VERTEX_POINT('',#5334);
#5334 = CARTESIAN_POINT('',(19.93679,-97.433115,-7.5E-02));
#5335 = LINE('',#5336,#5337);
#5336 = CARTESIAN_POINT('',(19.929282,-97.370815,-7.5E-02));
#5337 = VECTOR('',#5338,1.);
#5338 = DIRECTION('',(0.119647920096,-0.992816385449,0.));
#5339 = ORIENTED_EDGE('',*,*,#5340,.T.);
#5340 = EDGE_CURVE('',#5333,#5341,#5343,.T.);
#5341 = VERTEX_POINT('',#5342);
#5342 = CARTESIAN_POINT('',(19.94958,-97.442302,-7.5E-02));
#5343 = LINE('',#5344,#5345);
#5344 = CARTESIAN_POINT('',(19.93679,-97.433115,-7.5E-02));
#5345 = VECTOR('',#5346,1.);
#5346 = DIRECTION('',(0.812190261754,-0.583392645405,0.));
#5347 = ORIENTED_EDGE('',*,*,#5348,.T.);
#5348 = EDGE_CURVE('',#5341,#5349,#5351,.T.);
#5349 = VERTEX_POINT('',#5350);
#5350 = CARTESIAN_POINT('',(19.979159,-97.445517,-7.5E-02));
#5351 = LINE('',#5352,#5353);
#5352 = CARTESIAN_POINT('',(19.94958,-97.442302,-7.5E-02));
#5353 = VECTOR('',#5354,1.);
#5354 = DIRECTION('',(0.994144855518,-0.108055570184,0.));
#5355 = ORIENTED_EDGE('',*,*,#5356,.T.);
#5356 = EDGE_CURVE('',#5349,#5357,#5359,.T.);
#5357 = VERTEX_POINT('',#5358);
#5358 = CARTESIAN_POINT('',(20.008954,-97.441304,-7.5E-02));
#5359 = LINE('',#5360,#5361);
#5360 = CARTESIAN_POINT('',(19.979159,-97.445517,-7.5E-02));
#5361 = VECTOR('',#5362,1.);
#5362 = DIRECTION('',(0.990150534493,0.14000685356,0.));
#5363 = ORIENTED_EDGE('',*,*,#5364,.T.);
#5364 = EDGE_CURVE('',#5357,#5365,#5367,.T.);
#5365 = VERTEX_POINT('',#5366);
#5366 = CARTESIAN_POINT('',(20.017236,-97.05603,-7.5E-02));
#5367 = LINE('',#5368,#5369);
#5368 = CARTESIAN_POINT('',(20.008954,-97.441304,-7.5E-02));
#5369 = VECTOR('',#5370,1.);
#5370 = DIRECTION('',(2.149142461858E-02,0.999769032661,0.));
#5371 = ORIENTED_EDGE('',*,*,#5372,.T.);
#5372 = EDGE_CURVE('',#5365,#5373,#5375,.T.);
#5373 = VERTEX_POINT('',#5374);
#5374 = CARTESIAN_POINT('',(20.025817,-96.957083,-7.5E-02));
#5375 = LINE('',#5376,#5377);
#5376 = CARTESIAN_POINT('',(20.017236,-97.05603,-7.5E-02));
#5377 = VECTOR('',#5378,1.);
#5378 = DIRECTION('',(8.639890453966E-02,0.996260623178,0.));
#5379 = ORIENTED_EDGE('',*,*,#5380,.T.);
#5380 = EDGE_CURVE('',#5373,#5381,#5383,.T.);
#5381 = VERTEX_POINT('',#5382);
#5382 = CARTESIAN_POINT('',(20.033132,-96.940417,-7.5E-02));
#5383 = LINE('',#5384,#5385);
#5384 = CARTESIAN_POINT('',(20.025817,-96.957083,-7.5E-02));
#5385 = VECTOR('',#5386,1.);
#5386 = DIRECTION('',(0.401908043266,0.91568003405,0.));
#5387 = ORIENTED_EDGE('',*,*,#5388,.T.);
#5388 = EDGE_CURVE('',#5381,#5389,#5391,.T.);
#5389 = VERTEX_POINT('',#5390);
#5390 = CARTESIAN_POINT('',(20.087847,-96.957208,-7.5E-02));
#5391 = LINE('',#5392,#5393);
#5392 = CARTESIAN_POINT('',(20.033132,-96.940417,-7.5E-02));
#5393 = VECTOR('',#5394,1.);
#5394 = DIRECTION('',(0.955996724884,-0.293377337248,0.));
#5395 = ORIENTED_EDGE('',*,*,#5396,.T.);
#5396 = EDGE_CURVE('',#5389,#5397,#5399,.T.);
#5397 = VERTEX_POINT('',#5398);
#5398 = CARTESIAN_POINT('',(20.127743,-96.978602,-7.5E-02));
#5399 = LINE('',#5400,#5401);
#5400 = CARTESIAN_POINT('',(20.087847,-96.957208,-7.5E-02));
#5401 = VECTOR('',#5402,1.);
#5402 = DIRECTION('',(0.8812854896,-0.472584263197,0.));
#5403 = ORIENTED_EDGE('',*,*,#5404,.T.);
#5404 = EDGE_CURVE('',#5397,#5405,#5407,.T.);
#5405 = VERTEX_POINT('',#5406);
#5406 = CARTESIAN_POINT('',(20.126279,-97.468732,-7.5E-02));
#5407 = LINE('',#5408,#5409);
#5408 = CARTESIAN_POINT('',(20.127743,-96.978602,-7.5E-02));
#5409 = VECTOR('',#5410,1.);
#5410 = DIRECTION('',(-2.986949317891E-03,-0.999995539057,0.));
#5411 = ORIENTED_EDGE('',*,*,#5412,.T.);
#5412 = EDGE_CURVE('',#5405,#5413,#5415,.T.);
#5413 = VERTEX_POINT('',#5414);
#5414 = CARTESIAN_POINT('',(20.040349,-97.548248,-7.5E-02));
#5415 = LINE('',#5416,#5417);
#5416 = CARTESIAN_POINT('',(20.126279,-97.468732,-7.5E-02));
#5417 = VECTOR('',#5418,1.);
#5418 = DIRECTION('',(-0.733968498932,-0.679183511708,0.));
#5419 = ORIENTED_EDGE('',*,*,#5420,.T.);
#5420 = EDGE_CURVE('',#5413,#5421,#5423,.T.);
#5421 = VERTEX_POINT('',#5422);
#5422 = CARTESIAN_POINT('',(20.007553,-97.55672,-7.5E-02));
#5423 = LINE('',#5424,#5425);
#5424 = CARTESIAN_POINT('',(20.040349,-97.548248,-7.5E-02));
#5425 = VECTOR('',#5426,1.);
#5426 = DIRECTION('',(-0.968216464483,-0.25011372994,0.));
#5427 = ORIENTED_EDGE('',*,*,#5428,.T.);
#5428 = EDGE_CURVE('',#5421,#5429,#5431,.T.);
#5429 = VERTEX_POINT('',#5430);
#5430 = CARTESIAN_POINT('',(19.859502,-97.544863,-7.5E-02));
#5431 = LINE('',#5432,#5433);
#5432 = CARTESIAN_POINT('',(20.007553,-97.55672,-7.5E-02));
#5433 = VECTOR('',#5434,1.);
#5434 = DIRECTION('',(-0.996808359948,7.983165749567E-02,0.));
#5435 = ORIENTED_EDGE('',*,*,#5436,.T.);
#5436 = EDGE_CURVE('',#5429,#5437,#5439,.T.);
#5437 = VERTEX_POINT('',#5438);
#5438 = CARTESIAN_POINT('',(19.718203,-97.555515,-7.5E-02));
#5439 = LINE('',#5440,#5441);
#5440 = CARTESIAN_POINT('',(19.859502,-97.544863,-7.5E-02));
#5441 = VECTOR('',#5442,1.);
#5442 = DIRECTION('',(-0.997170512053,-7.517293324354E-02,0.));
#5443 = ORIENTED_EDGE('',*,*,#5444,.T.);
#5444 = EDGE_CURVE('',#5437,#5445,#5447,.T.);
#5445 = VERTEX_POINT('',#5446);
#5446 = CARTESIAN_POINT('',(19.688992,-97.543156,-7.5E-02));
#5447 = LINE('',#5448,#5449);
#5448 = CARTESIAN_POINT('',(19.718203,-97.555515,-7.5E-02));
#5449 = VECTOR('',#5450,1.);
#5450 = DIRECTION('',(-0.920961594146,0.389653361475,0.));
#5451 = ORIENTED_EDGE('',*,*,#5452,.T.);
#5452 = EDGE_CURVE('',#5445,#5453,#5455,.T.);
#5453 = VERTEX_POINT('',#5454);
#5454 = CARTESIAN_POINT('',(19.609743,-97.465196,-7.5E-02));
#5455 = LINE('',#5456,#5457);
#5456 = CARTESIAN_POINT('',(19.688992,-97.543156,-7.5E-02));
#5457 = VECTOR('',#5458,1.);
#5458 = DIRECTION('',(-0.712880582523,0.701285444781,0.));
#5459 = ORIENTED_EDGE('',*,*,#5460,.T.);
#5460 = EDGE_CURVE('',#5453,#5259,#5461,.T.);
#5461 = LINE('',#5462,#5463);
#5462 = CARTESIAN_POINT('',(19.609743,-97.465196,-7.5E-02));
#5463 = VECTOR('',#5464,1.);
#5464 = DIRECTION('',(6.864441070895E-03,0.999976439447,0.));
#5465 = PLANE('',#5466);
#5466 = AXIS2_PLACEMENT_3D('',#5467,#5468,#5469);
#5467 = CARTESIAN_POINT('',(0.,0.,-7.5E-02));
#5468 = DIRECTION('',(-0.,-0.,-1.));
#5469 = DIRECTION('',(-1.,0.,0.));
#5470 = SHELL_BASED_SURFACE_MODEL('',(#5471));
#5471 = OPEN_SHELL('',(#5472));
#5472 = ADVANCED_FACE('',(#5473,#5740),#5838,.T.);
#5473 = FACE_BOUND('',#5474,.T.);
#5474 = EDGE_LOOP('',(#5475,#5485,#5493,#5501,#5509,#5517,#5525,#5533,
    #5541,#5549,#5557,#5565,#5573,#5581,#5589,#5597,#5605,#5613,#5621,
    #5629,#5637,#5645,#5653,#5661,#5669,#5678,#5686,#5694,#5702,#5710,
    #5718,#5726,#5734));
#5475 = ORIENTED_EDGE('',*,*,#5476,.T.);
#5476 = EDGE_CURVE('',#5477,#5479,#5481,.T.);
#5477 = VERTEX_POINT('',#5478);
#5478 = CARTESIAN_POINT('',(18.186244,-97.000312,-7.5E-02));
#5479 = VERTEX_POINT('',#5480);
#5480 = CARTESIAN_POINT('',(18.245064,-96.962149,-7.5E-02));
#5481 = LINE('',#5482,#5483);
#5482 = CARTESIAN_POINT('',(18.186244,-97.000312,-7.5E-02));
#5483 = VECTOR('',#5484,1.);
#5484 = DIRECTION('',(0.838899510759,0.544286331675,0.));
#5485 = ORIENTED_EDGE('',*,*,#5486,.T.);
#5486 = EDGE_CURVE('',#5479,#5487,#5489,.T.);
#5487 = VERTEX_POINT('',#5488);
#5488 = CARTESIAN_POINT('',(18.314634,-96.943007,-7.5E-02));
#5489 = LINE('',#5490,#5491);
#5490 = CARTESIAN_POINT('',(18.245064,-96.962149,-7.5E-02));
#5491 = VECTOR('',#5492,1.);
#5492 = DIRECTION('',(0.964169065346,0.26528854749,0.));
#5493 = ORIENTED_EDGE('',*,*,#5494,.T.);
#5494 = EDGE_CURVE('',#5487,#5495,#5497,.T.);
#5495 = VERTEX_POINT('',#5496);
#5496 = CARTESIAN_POINT('',(18.385054,-96.944508,-7.5E-02));
#5497 = LINE('',#5498,#5499);
#5498 = CARTESIAN_POINT('',(18.314634,-96.943007,-7.5E-02));
#5499 = VECTOR('',#5500,1.);
#5500 = DIRECTION('',(0.99977291346,-2.13101269967E-02,0.));
#5501 = ORIENTED_EDGE('',*,*,#5502,.T.);
#5502 = EDGE_CURVE('',#5495,#5503,#5505,.T.);
#5503 = VERTEX_POINT('',#5504);
#5504 = CARTESIAN_POINT('',(18.451982,-96.969157,-7.5E-02));
#5505 = LINE('',#5506,#5507);
#5506 = CARTESIAN_POINT('',(18.385054,-96.944508,-7.5E-02));
#5507 = VECTOR('',#5508,1.);
#5508 = DIRECTION('',(0.938382608249,-0.345598148917,0.));
#5509 = ORIENTED_EDGE('',*,*,#5510,.T.);
#5510 = EDGE_CURVE('',#5503,#5511,#5513,.T.);
#5511 = VERTEX_POINT('',#5512);
#5512 = CARTESIAN_POINT('',(18.500154,-97.008215,-7.5E-02));
#5513 = LINE('',#5514,#5515);
#5514 = CARTESIAN_POINT('',(18.451982,-96.969157,-7.5E-02));
#5515 = VECTOR('',#5516,1.);
#5516 = DIRECTION('',(0.776758733449,-0.629798277237,0.));
#5517 = ORIENTED_EDGE('',*,*,#5518,.T.);
#5518 = EDGE_CURVE('',#5511,#5519,#5521,.T.);
#5519 = VERTEX_POINT('',#5520);
#5520 = CARTESIAN_POINT('',(18.522929,-97.045342,-7.5E-02));
#5521 = LINE('',#5522,#5523);
#5522 = CARTESIAN_POINT('',(18.500154,-97.008215,-7.5E-02));
#5523 = VECTOR('',#5524,1.);
#5524 = DIRECTION('',(0.522891503312,-0.852399246694,0.));
#5525 = ORIENTED_EDGE('',*,*,#5526,.T.);
#5526 = EDGE_CURVE('',#5519,#5527,#5529,.T.);
#5527 = VERTEX_POINT('',#5528);
#5528 = CARTESIAN_POINT('',(18.536778,-97.09487,-7.5E-02));
#5529 = LINE('',#5530,#5531);
#5530 = CARTESIAN_POINT('',(18.522929,-97.045342,-7.5E-02));
#5531 = VECTOR('',#5532,1.);
#5532 = DIRECTION('',(0.26929020279,-0.963059077462,0.));
#5533 = ORIENTED_EDGE('',*,*,#5534,.T.);
#5534 = EDGE_CURVE('',#5527,#5535,#5537,.T.);
#5535 = VERTEX_POINT('',#5536);
#5536 = CARTESIAN_POINT('',(18.544627,-97.206143,-7.5E-02));
#5537 = LINE('',#5538,#5539);
#5538 = CARTESIAN_POINT('',(18.536778,-97.09487,-7.5E-02));
#5539 = VECTOR('',#5540,1.);
#5540 = DIRECTION('',(7.03633915149E-02,-0.9975214249,0.));
#5541 = ORIENTED_EDGE('',*,*,#5542,.T.);
#5542 = EDGE_CURVE('',#5535,#5543,#5545,.T.);
#5543 = VERTEX_POINT('',#5544);
#5544 = CARTESIAN_POINT('',(18.541694,-97.368342,-7.5E-02));
#5545 = LINE('',#5546,#5547);
#5546 = CARTESIAN_POINT('',(18.544627,-97.206143,-7.5E-02));
#5547 = VECTOR('',#5548,1.);
#5548 = DIRECTION('',(-1.807976987599E-02,-0.999836547602,0.));
#5549 = ORIENTED_EDGE('',*,*,#5550,.T.);
#5550 = EDGE_CURVE('',#5543,#5551,#5553,.T.);
#5551 = VERTEX_POINT('',#5552);
#5552 = CARTESIAN_POINT('',(18.532103,-97.425207,-7.5E-02));
#5553 = LINE('',#5554,#5555);
#5554 = CARTESIAN_POINT('',(18.541694,-97.368342,-7.5E-02));
#5555 = VECTOR('',#5556,1.);
#5556 = DIRECTION('',(-0.166313641526,-0.986072904324,0.));
#5557 = ORIENTED_EDGE('',*,*,#5558,.T.);
#5558 = EDGE_CURVE('',#5551,#5559,#5561,.T.);
#5559 = VERTEX_POINT('',#5560);
#5560 = CARTESIAN_POINT('',(18.514236,-97.46779,-7.5E-02));
#5561 = LINE('',#5562,#5563);
#5562 = CARTESIAN_POINT('',(18.532103,-97.425207,-7.5E-02));
#5563 = VECTOR('',#5564,1.);
#5564 = DIRECTION('',(-0.386903700711,-0.922120125784,0.));
#5565 = ORIENTED_EDGE('',*,*,#5566,.T.);
#5566 = EDGE_CURVE('',#5559,#5567,#5569,.T.);
#5567 = VERTEX_POINT('',#5568);
#5568 = CARTESIAN_POINT('',(18.486414,-97.501414,-7.5E-02));
#5569 = LINE('',#5570,#5571);
#5570 = CARTESIAN_POINT('',(18.514236,-97.46779,-7.5E-02));
#5571 = VECTOR('',#5572,1.);
#5572 = DIRECTION('',(-0.637502997356,-0.770447875175,0.));
#5573 = ORIENTED_EDGE('',*,*,#5574,.T.);
#5574 = EDGE_CURVE('',#5567,#5575,#5577,.T.);
#5575 = VERTEX_POINT('',#5576);
#5576 = CARTESIAN_POINT('',(18.420582,-97.546529,-7.5E-02));
#5577 = LINE('',#5578,#5579);
#5578 = CARTESIAN_POINT('',(18.486414,-97.501414,-7.5E-02));
#5579 = VECTOR('',#5580,1.);
#5580 = DIRECTION('',(-0.82488627843,-0.565298706577,0.));
#5581 = ORIENTED_EDGE('',*,*,#5582,.T.);
#5582 = EDGE_CURVE('',#5575,#5583,#5585,.T.);
#5583 = VERTEX_POINT('',#5584);
#5584 = CARTESIAN_POINT('',(18.379549,-97.555965,-7.5E-02));
#5585 = LINE('',#5586,#5587);
#5586 = CARTESIAN_POINT('',(18.420582,-97.546529,-7.5E-02));
#5587 = VECTOR('',#5588,1.);
#5588 = DIRECTION('',(-0.974563435209,-0.224111826448,0.));
#5589 = ORIENTED_EDGE('',*,*,#5590,.T.);
#5590 = EDGE_CURVE('',#5583,#5591,#5593,.T.);
#5591 = VERTEX_POINT('',#5592);
#5592 = CARTESIAN_POINT('',(18.291225,-97.552147,-7.5E-02));
#5593 = LINE('',#5594,#5595);
#5594 = CARTESIAN_POINT('',(18.379549,-97.555965,-7.5E-02));
#5595 = VECTOR('',#5596,1.);
#5596 = DIRECTION('',(-0.999067011532,4.318687842518E-02,0.));
#5597 = ORIENTED_EDGE('',*,*,#5598,.T.);
#5598 = EDGE_CURVE('',#5591,#5599,#5601,.T.);
#5599 = VERTEX_POINT('',#5600);
#5600 = CARTESIAN_POINT('',(18.251932,-97.542478,-7.5E-02));
#5601 = LINE('',#5602,#5603);
#5602 = CARTESIAN_POINT('',(18.291225,-97.552147,-7.5E-02));
#5603 = VECTOR('',#5604,1.);
#5604 = DIRECTION('',(-0.971032788856,0.23894627632,0.));
#5605 = ORIENTED_EDGE('',*,*,#5606,.T.);
#5606 = EDGE_CURVE('',#5599,#5607,#5609,.T.);
#5607 = VERTEX_POINT('',#5608);
#5608 = CARTESIAN_POINT('',(18.220892,-97.522187,-7.5E-02));
#5609 = LINE('',#5610,#5611);
#5610 = CARTESIAN_POINT('',(18.251932,-97.542478,-7.5E-02));
#5611 = VECTOR('',#5612,1.);
#5612 = DIRECTION('',(-0.837023765371,0.547166534251,0.));
#5613 = ORIENTED_EDGE('',*,*,#5614,.T.);
#5614 = EDGE_CURVE('',#5607,#5615,#5617,.T.);
#5615 = VERTEX_POINT('',#5616);
#5616 = CARTESIAN_POINT('',(18.14857,-97.437912,-7.5E-02));
#5617 = LINE('',#5618,#5619);
#5618 = CARTESIAN_POINT('',(18.220892,-97.522187,-7.5E-02));
#5619 = VECTOR('',#5620,1.);
#5620 = DIRECTION('',(-0.651239165447,0.758872551479,0.));
#5621 = ORIENTED_EDGE('',*,*,#5622,.T.);
#5622 = EDGE_CURVE('',#5615,#5623,#5625,.T.);
#5623 = VERTEX_POINT('',#5624);
#5624 = CARTESIAN_POINT('',(18.133148,-97.400735,-7.5E-02));
#5625 = LINE('',#5626,#5627);
#5626 = CARTESIAN_POINT('',(18.14857,-97.437912,-7.5E-02));
#5627 = VECTOR('',#5628,1.);
#5628 = DIRECTION('',(-0.383166524344,0.923679281256,0.));
#5629 = ORIENTED_EDGE('',*,*,#5630,.T.);
#5630 = EDGE_CURVE('',#5623,#5631,#5633,.T.);
#5631 = VERTEX_POINT('',#5632);
#5632 = CARTESIAN_POINT('',(18.13075,-97.292243,-7.5E-02));
#5633 = LINE('',#5634,#5635);
#5634 = CARTESIAN_POINT('',(18.133148,-97.400735,-7.5E-02));
#5635 = VECTOR('',#5636,1.);
#5636 = DIRECTION('',(-2.209761504355E-02,0.999755817892,0.));
#5637 = ORIENTED_EDGE('',*,*,#5638,.T.);
#5638 = EDGE_CURVE('',#5631,#5639,#5641,.T.);
#5639 = VERTEX_POINT('',#5640);
#5640 = CARTESIAN_POINT('',(18.180331,-97.307904,-7.5E-02));
#5641 = LINE('',#5642,#5643);
#5642 = CARTESIAN_POINT('',(18.13075,-97.292243,-7.5E-02));
#5643 = VECTOR('',#5644,1.);
#5644 = DIRECTION('',(0.953561444153,-0.301198559466,0.));
#5645 = ORIENTED_EDGE('',*,*,#5646,.T.);
#5646 = EDGE_CURVE('',#5639,#5647,#5649,.T.);
#5647 = VERTEX_POINT('',#5648);
#5648 = CARTESIAN_POINT('',(18.213689,-97.328746,-7.5E-02));
#5649 = LINE('',#5650,#5651);
#5650 = CARTESIAN_POINT('',(18.180331,-97.307904,-7.5E-02));
#5651 = VECTOR('',#5652,1.);
#5652 = DIRECTION('',(0.848075422344,-0.529875530682,0.));
#5653 = ORIENTED_EDGE('',*,*,#5654,.T.);
#5654 = EDGE_CURVE('',#5647,#5655,#5657,.T.);
#5655 = VERTEX_POINT('',#5656);
#5656 = CARTESIAN_POINT('',(18.247086,-97.388226,-7.5E-02));
#5657 = LINE('',#5658,#5659);
#5658 = CARTESIAN_POINT('',(18.213689,-97.328746,-7.5E-02));
#5659 = VECTOR('',#5660,1.);
#5660 = DIRECTION('',(0.4895873596,-0.87195425185,0.));
#5661 = ORIENTED_EDGE('',*,*,#5662,.T.);
#5662 = EDGE_CURVE('',#5655,#5663,#5665,.T.);
#5663 = VERTEX_POINT('',#5664);
#5664 = CARTESIAN_POINT('',(18.27805,-97.427522,-7.5E-02));
#5665 = LINE('',#5666,#5667);
#5666 = CARTESIAN_POINT('',(18.247086,-97.388226,-7.5E-02));
#5667 = VECTOR('',#5668,1.);
#5668 = DIRECTION('',(0.618915576906,-0.785457515505,0.));
#5669 = ORIENTED_EDGE('',*,*,#5670,.T.);
#5670 = EDGE_CURVE('',#5663,#5671,#5673,.T.);
#5671 = VERTEX_POINT('',#5672);
#5672 = CARTESIAN_POINT('',(18.406858,-97.419974,-7.5E-02));
#5673 = CIRCLE('',#5674,9.571588174164E-02);
#5674 = AXIS2_PLACEMENT_3D('',#5675,#5676,#5677);
#5675 = CARTESIAN_POINT('',(18.33831777516,-97.35316256687,-7.5E-02));
#5676 = DIRECTION('',(0.,0.,1.));
#5677 = DIRECTION('',(-0.629652823157,-0.776876645478,0.));
#5678 = ORIENTED_EDGE('',*,*,#5679,.T.);
#5679 = EDGE_CURVE('',#5671,#5680,#5682,.T.);
#5680 = VERTEX_POINT('',#5681);
#5681 = CARTESIAN_POINT('',(18.433515,-97.381829,-7.5E-02));
#5682 = LINE('',#5683,#5684);
#5683 = CARTESIAN_POINT('',(18.406858,-97.419974,-7.5E-02));
#5684 = VECTOR('',#5685,1.);
#5685 = DIRECTION('',(0.572820396136,0.819680909727,0.));
#5686 = ORIENTED_EDGE('',*,*,#5687,.T.);
#5687 = EDGE_CURVE('',#5680,#5688,#5690,.T.);
#5688 = VERTEX_POINT('',#5689);
#5689 = CARTESIAN_POINT('',(18.429883,-97.362669,-7.5E-02));
#5690 = LINE('',#5691,#5692);
#5691 = CARTESIAN_POINT('',(18.433515,-97.381829,-7.5E-02));
#5692 = VECTOR('',#5693,1.);
#5693 = DIRECTION('',(-0.186244894531,0.982503353308,0.));
#5694 = ORIENTED_EDGE('',*,*,#5695,.T.);
#5695 = EDGE_CURVE('',#5688,#5696,#5698,.T.);
#5696 = VERTEX_POINT('',#5697);
#5697 = CARTESIAN_POINT('',(18.406926,-97.341017,-7.5E-02));
#5698 = LINE('',#5699,#5700);
#5699 = CARTESIAN_POINT('',(18.429883,-97.362669,-7.5E-02));
#5700 = VECTOR('',#5701,1.);
#5701 = DIRECTION('',(-0.727481389338,0.686127413945,0.));
#5702 = ORIENTED_EDGE('',*,*,#5703,.T.);
#5703 = EDGE_CURVE('',#5696,#5704,#5706,.T.);
#5704 = VERTEX_POINT('',#5705);
#5705 = CARTESIAN_POINT('',(18.288235,-97.281481,-7.5E-02));
#5706 = LINE('',#5707,#5708);
#5707 = CARTESIAN_POINT('',(18.406926,-97.341017,-7.5E-02));
#5708 = VECTOR('',#5709,1.);
#5709 = DIRECTION('',(-0.893852598423,0.448360939749,0.));
#5710 = ORIENTED_EDGE('',*,*,#5711,.T.);
#5711 = EDGE_CURVE('',#5704,#5712,#5714,.T.);
#5712 = VERTEX_POINT('',#5713);
#5713 = CARTESIAN_POINT('',(18.136552,-97.212121,-7.5E-02));
#5714 = LINE('',#5715,#5716);
#5715 = CARTESIAN_POINT('',(18.288235,-97.281481,-7.5E-02));
#5716 = VECTOR('',#5717,1.);
#5717 = DIRECTION('',(-0.909430942772,0.415854975117,0.));
#5718 = ORIENTED_EDGE('',*,*,#5719,.T.);
#5719 = EDGE_CURVE('',#5712,#5720,#5722,.T.);
#5720 = VERTEX_POINT('',#5721);
#5721 = CARTESIAN_POINT('',(18.134633,-97.097371,-7.5E-02));
#5722 = LINE('',#5723,#5724);
#5723 = CARTESIAN_POINT('',(18.136552,-97.212121,-7.5E-02));
#5724 = VECTOR('',#5725,1.);
#5725 = DIRECTION('',(-1.672097354005E-02,0.999860194749,0.));
#5726 = ORIENTED_EDGE('',*,*,#5727,.T.);
#5727 = EDGE_CURVE('',#5720,#5728,#5730,.T.);
#5728 = VERTEX_POINT('',#5729);
#5729 = CARTESIAN_POINT('',(18.157423,-97.034916,-7.5E-02));
#5730 = LINE('',#5731,#5732);
#5731 = CARTESIAN_POINT('',(18.134633,-97.097371,-7.5E-02));
#5732 = VECTOR('',#5733,1.);
#5733 = DIRECTION('',(0.34279355182,0.939410762569,0.));
#5734 = ORIENTED_EDGE('',*,*,#5735,.T.);
#5735 = EDGE_CURVE('',#5728,#5477,#5736,.T.);
#5736 = LINE('',#5737,#5738);
#5737 = CARTESIAN_POINT('',(18.157423,-97.034916,-7.5E-02));
#5738 = VECTOR('',#5739,1.);
#5739 = DIRECTION('',(0.639979068745,0.768392342211,0.));
#5740 = FACE_BOUND('',#5741,.T.);
#5741 = EDGE_LOOP('',(#5742,#5752,#5760,#5768,#5776,#5784,#5792,#5800,
    #5808,#5816,#5824,#5832));
#5742 = ORIENTED_EDGE('',*,*,#5743,.T.);
#5743 = EDGE_CURVE('',#5744,#5746,#5748,.T.);
#5744 = VERTEX_POINT('',#5745);
#5745 = CARTESIAN_POINT('',(18.407019,-97.081382,-7.5E-02));
#5746 = VERTEX_POINT('',#5747);
#5747 = CARTESIAN_POINT('',(18.367975,-97.055005,-7.5E-02));
#5748 = LINE('',#5749,#5750);
#5749 = CARTESIAN_POINT('',(18.407019,-97.081382,-7.5E-02));
#5750 = VECTOR('',#5751,1.);
#5751 = DIRECTION('',(-0.828629145426,0.559797945111,0.));
#5752 = ORIENTED_EDGE('',*,*,#5753,.T.);
#5753 = EDGE_CURVE('',#5746,#5754,#5756,.T.);
#5754 = VERTEX_POINT('',#5755);
#5755 = CARTESIAN_POINT('',(18.321443,-97.051443,-7.5E-02));
#5756 = LINE('',#5757,#5758);
#5757 = CARTESIAN_POINT('',(18.367975,-97.055005,-7.5E-02));
#5758 = VECTOR('',#5759,1.);
#5759 = DIRECTION('',(-0.997082903227,7.632616911552E-02,0.));
#5760 = ORIENTED_EDGE('',*,*,#5761,.T.);
#5761 = EDGE_CURVE('',#5754,#5762,#5764,.T.);
#5762 = VERTEX_POINT('',#5763);
#5763 = CARTESIAN_POINT('',(18.270721,-97.07344,-7.5E-02));
#5764 = LINE('',#5765,#5766);
#5765 = CARTESIAN_POINT('',(18.321443,-97.051443,-7.5E-02));
#5766 = VECTOR('',#5767,1.);
#5767 = DIRECTION('',(-0.917440326817,-0.397873405406,0.));
#5768 = ORIENTED_EDGE('',*,*,#5769,.T.);
#5769 = EDGE_CURVE('',#5762,#5770,#5772,.T.);
#5770 = VERTEX_POINT('',#5771);
#5771 = CARTESIAN_POINT('',(18.257298,-97.083942,-7.5E-02));
#5772 = LINE('',#5773,#5774);
#5773 = CARTESIAN_POINT('',(18.270721,-97.07344,-7.5E-02));
#5774 = VECTOR('',#5775,1.);
#5775 = DIRECTION('',(-0.787589187931,-0.616200674338,0.));
#5776 = ORIENTED_EDGE('',*,*,#5777,.T.);
#5777 = EDGE_CURVE('',#5770,#5778,#5780,.T.);
#5778 = VERTEX_POINT('',#5779);
#5779 = CARTESIAN_POINT('',(18.241468,-97.107095,-7.5E-02));
#5780 = LINE('',#5781,#5782);
#5781 = CARTESIAN_POINT('',(18.257298,-97.083942,-7.5E-02));
#5782 = VECTOR('',#5783,1.);
#5783 = DIRECTION('',(-0.564403965009,-0.825498736693,0.));
#5784 = ORIENTED_EDGE('',*,*,#5785,.T.);
#5785 = EDGE_CURVE('',#5778,#5786,#5788,.T.);
#5786 = VERTEX_POINT('',#5787);
#5787 = CARTESIAN_POINT('',(18.247735,-97.128761,-7.5E-02));
#5788 = LINE('',#5789,#5790);
#5789 = CARTESIAN_POINT('',(18.241468,-97.107095,-7.5E-02));
#5790 = VECTOR('',#5791,1.);
#5791 = DIRECTION('',(0.277864288274,-0.960620339834,0.));
#5792 = ORIENTED_EDGE('',*,*,#5793,.T.);
#5793 = EDGE_CURVE('',#5786,#5794,#5796,.T.);
#5794 = VERTEX_POINT('',#5795);
#5795 = CARTESIAN_POINT('',(18.279586,-97.154597,-7.5E-02));
#5796 = LINE('',#5797,#5798);
#5797 = CARTESIAN_POINT('',(18.247735,-97.128761,-7.5E-02));
#5798 = VECTOR('',#5799,1.);
#5799 = DIRECTION('',(0.776626133247,-0.629961783887,0.));
#5800 = ORIENTED_EDGE('',*,*,#5801,.T.);
#5801 = EDGE_CURVE('',#5794,#5802,#5804,.T.);
#5802 = VERTEX_POINT('',#5803);
#5803 = CARTESIAN_POINT('',(18.433453,-97.224969,-7.5E-02));
#5804 = LINE('',#5805,#5806);
#5805 = CARTESIAN_POINT('',(18.279586,-97.154597,-7.5E-02));
#5806 = VECTOR('',#5807,1.);
#5807 = DIRECTION('',(0.909401159281,-0.415920102302,0.));
#5808 = ORIENTED_EDGE('',*,*,#5809,.T.);
#5809 = EDGE_CURVE('',#5802,#5810,#5812,.T.);
#5810 = VERTEX_POINT('',#5811);
#5811 = CARTESIAN_POINT('',(18.446053,-97.229141,-7.5E-02));
#5812 = LINE('',#5813,#5814);
#5813 = CARTESIAN_POINT('',(18.433453,-97.224969,-7.5E-02));
#5814 = VECTOR('',#5815,1.);
#5815 = DIRECTION('',(0.94931427434,-0.31432850417,0.));
#5816 = ORIENTED_EDGE('',*,*,#5817,.T.);
#5817 = EDGE_CURVE('',#5810,#5818,#5820,.T.);
#5818 = VERTEX_POINT('',#5819);
#5819 = CARTESIAN_POINT('',(18.44342,-97.16705,-7.5E-02));
#5820 = LINE('',#5821,#5822);
#5821 = CARTESIAN_POINT('',(18.446053,-97.229141,-7.5E-02));
#5822 = VECTOR('',#5823,1.);
#5823 = DIRECTION('',(-4.236742559699E-02,0.99910209751,0.));
#5824 = ORIENTED_EDGE('',*,*,#5825,.T.);
#5825 = EDGE_CURVE('',#5818,#5826,#5828,.T.);
#5826 = VERTEX_POINT('',#5827);
#5827 = CARTESIAN_POINT('',(18.434541,-97.129011,-7.5E-02));
#5828 = LINE('',#5829,#5830);
#5829 = CARTESIAN_POINT('',(18.44342,-97.16705,-7.5E-02));
#5830 = VECTOR('',#5831,1.);
#5831 = DIRECTION('',(-0.227308116315,0.973822889573,0.));
#5832 = ORIENTED_EDGE('',*,*,#5833,.T.);
#5833 = EDGE_CURVE('',#5826,#5744,#5834,.T.);
#5834 = LINE('',#5835,#5836);
#5835 = CARTESIAN_POINT('',(18.434541,-97.129011,-7.5E-02));
#5836 = VECTOR('',#5837,1.);
#5837 = DIRECTION('',(-0.500318787486,0.865841273496,0.));
#5838 = PLANE('',#5839);
#5839 = AXIS2_PLACEMENT_3D('',#5840,#5841,#5842);
#5840 = CARTESIAN_POINT('',(0.,0.,-7.5E-02));
#5841 = DIRECTION('',(-0.,-0.,-1.));
#5842 = DIRECTION('',(-1.,0.,0.));
#5843 = SHELL_BASED_SURFACE_MODEL('',(#5844));
#5844 = OPEN_SHELL('',(#5845));
#5845 = ADVANCED_FACE('',(#5846),#6693,.T.);
#5846 = FACE_BOUND('',#5847,.T.);
#5847 = EDGE_LOOP('',(#5848,#5858,#5866,#5874,#5882,#5890,#5898,#5906,
    #5914,#5922,#5930,#5938,#5946,#5954,#5962,#5970,#5978,#5986,#5994,
    #6002,#6010,#6018,#6026,#6034,#6042,#6050,#6058,#6066,#6074,#6082,
    #6090,#6098,#6106,#6114,#6122,#6130,#6138,#6146,#6154,#6162,#6170,
    #6178,#6186,#6194,#6202,#6210,#6218,#6226,#6234,#6243,#6251,#6259,
    #6268,#6276,#6285,#6293,#6302,#6310,#6319,#6327,#6335,#6343,#6351,
    #6359,#6367,#6375,#6383,#6391,#6399,#6407,#6415,#6423,#6431,#6439,
    #6447,#6455,#6463,#6471,#6479,#6487,#6495,#6503,#6511,#6519,#6527,
    #6535,#6543,#6551,#6559,#6567,#6575,#6583,#6591,#6599,#6607,#6615,
    #6623,#6631,#6639,#6647,#6655,#6663,#6671,#6679,#6687));
#5848 = ORIENTED_EDGE('',*,*,#5849,.T.);
#5849 = EDGE_CURVE('',#5850,#5852,#5854,.T.);
#5850 = VERTEX_POINT('',#5851);
#5851 = CARTESIAN_POINT('',(21.095583,-92.245307,-7.5E-02));
#5852 = VERTEX_POINT('',#5853);
#5853 = CARTESIAN_POINT('',(21.217519,-92.237778,-7.5E-02));
#5854 = LINE('',#5855,#5856);
#5855 = CARTESIAN_POINT('',(21.095583,-92.245307,-7.5E-02));
#5856 = VECTOR('',#5857,1.);
#5857 = DIRECTION('',(0.9980991797,6.16281387281E-02,0.));
#5858 = ORIENTED_EDGE('',*,*,#5859,.T.);
#5859 = EDGE_CURVE('',#5852,#5860,#5862,.T.);
#5860 = VERTEX_POINT('',#5861);
#5861 = CARTESIAN_POINT('',(21.513937,-92.237371,-7.5E-02));
#5862 = LINE('',#5863,#5864);
#5863 = CARTESIAN_POINT('',(21.217519,-92.237778,-7.5E-02));
#5864 = VECTOR('',#5865,1.);
#5865 = DIRECTION('',(0.999999057353,1.373059720909E-03,0.));
#5866 = ORIENTED_EDGE('',*,*,#5867,.T.);
#5867 = EDGE_CURVE('',#5860,#5868,#5870,.T.);
#5868 = VERTEX_POINT('',#5869);
#5869 = CARTESIAN_POINT('',(21.682338,-92.241618,-7.5E-02));
#5870 = LINE('',#5871,#5872);
#5871 = CARTESIAN_POINT('',(21.513937,-92.237371,-7.5E-02));
#5872 = VECTOR('',#5873,1.);
#5873 = DIRECTION('',(0.999682138384,-2.521154887276E-02,0.));
#5874 = ORIENTED_EDGE('',*,*,#5875,.T.);
#5875 = EDGE_CURVE('',#5868,#5876,#5878,.T.);
#5876 = VERTEX_POINT('',#5877);
#5877 = CARTESIAN_POINT('',(21.721275,-92.253234,-7.5E-02));
#5878 = LINE('',#5879,#5880);
#5879 = CARTESIAN_POINT('',(21.682338,-92.241618,-7.5E-02));
#5880 = VECTOR('',#5881,1.);
#5881 = DIRECTION('',(0.958266117599,-0.285877679894,0.));
#5882 = ORIENTED_EDGE('',*,*,#5883,.T.);
#5883 = EDGE_CURVE('',#5876,#5884,#5886,.T.);
#5884 = VERTEX_POINT('',#5885);
#5885 = CARTESIAN_POINT('',(21.731543,-92.274314,-7.5E-02));
#5886 = LINE('',#5887,#5888);
#5887 = CARTESIAN_POINT('',(21.721275,-92.253234,-7.5E-02));
#5888 = VECTOR('',#5889,1.);
#5889 = DIRECTION('',(0.437909325378,-0.899019144817,0.));
#5890 = ORIENTED_EDGE('',*,*,#5891,.T.);
#5891 = EDGE_CURVE('',#5884,#5892,#5894,.T.);
#5892 = VERTEX_POINT('',#5893);
#5893 = CARTESIAN_POINT('',(21.835674,-92.809068,-7.5E-02));
#5894 = LINE('',#5895,#5896);
#5895 = CARTESIAN_POINT('',(21.731543,-92.274314,-7.5E-02));
#5896 = VECTOR('',#5897,1.);
#5897 = DIRECTION('',(0.1911368196,-0.981563404062,0.));
#5898 = ORIENTED_EDGE('',*,*,#5899,.T.);
#5899 = EDGE_CURVE('',#5892,#5900,#5902,.T.);
#5900 = VERTEX_POINT('',#5901);
#5901 = CARTESIAN_POINT('',(21.850585,-92.863617,-7.5E-02));
#5902 = LINE('',#5903,#5904);
#5903 = CARTESIAN_POINT('',(21.835674,-92.809068,-7.5E-02));
#5904 = VECTOR('',#5905,1.);
#5905 = DIRECTION('',(0.263676972691,-0.96461103771,0.));
#5906 = ORIENTED_EDGE('',*,*,#5907,.T.);
#5907 = EDGE_CURVE('',#5900,#5908,#5910,.T.);
#5908 = VERTEX_POINT('',#5909);
#5909 = CARTESIAN_POINT('',(22.15936,-92.988509,-7.5E-02));
#5910 = LINE('',#5911,#5912);
#5911 = CARTESIAN_POINT('',(21.850585,-92.863617,-7.5E-02));
#5912 = VECTOR('',#5913,1.);
#5913 = DIRECTION('',(0.927039043791,-0.374964813399,0.));
#5914 = ORIENTED_EDGE('',*,*,#5915,.T.);
#5915 = EDGE_CURVE('',#5908,#5916,#5918,.T.);
#5916 = VERTEX_POINT('',#5917);
#5917 = CARTESIAN_POINT('',(22.268206,-93.03791,-7.5E-02));
#5918 = LINE('',#5919,#5920);
#5919 = CARTESIAN_POINT('',(22.15936,-92.988509,-7.5E-02));
#5920 = VECTOR('',#5921,1.);
#5921 = DIRECTION('',(0.910600979009,-0.413286652371,0.));
#5922 = ORIENTED_EDGE('',*,*,#5923,.T.);
#5923 = EDGE_CURVE('',#5916,#5924,#5926,.T.);
#5924 = VERTEX_POINT('',#5925);
#5925 = CARTESIAN_POINT('',(22.764027,-92.704129,-7.5E-02));
#5926 = LINE('',#5927,#5928);
#5927 = CARTESIAN_POINT('',(22.268206,-93.03791,-7.5E-02));
#5928 = VECTOR('',#5929,1.);
#5929 = DIRECTION('',(0.829544866549,0.558440072328,0.));
#5930 = ORIENTED_EDGE('',*,*,#5931,.T.);
#5931 = EDGE_CURVE('',#5924,#5932,#5934,.T.);
#5932 = VERTEX_POINT('',#5933);
#5933 = CARTESIAN_POINT('',(22.78598,-92.692978,-7.5E-02));
#5934 = LINE('',#5935,#5936);
#5935 = CARTESIAN_POINT('',(22.764027,-92.704129,-7.5E-02));
#5936 = VECTOR('',#5937,1.);
#5937 = DIRECTION('',(0.891574443174,0.452874168261,0.));
#5938 = ORIENTED_EDGE('',*,*,#5939,.T.);
#5939 = EDGE_CURVE('',#5932,#5940,#5942,.T.);
#5940 = VERTEX_POINT('',#5941);
#5941 = CARTESIAN_POINT('',(22.800473,-92.696126,-7.5E-02));
#5942 = LINE('',#5943,#5944);
#5943 = CARTESIAN_POINT('',(22.78598,-92.692978,-7.5E-02));
#5944 = VECTOR('',#5945,1.);
#5945 = DIRECTION('',(0.977213470136,-0.212258883875,0.));
#5946 = ORIENTED_EDGE('',*,*,#5947,.T.);
#5947 = EDGE_CURVE('',#5940,#5948,#5950,.T.);
#5948 = VERTEX_POINT('',#5949);
#5949 = CARTESIAN_POINT('',(22.874531,-92.752653,-7.5E-02));
#5950 = LINE('',#5951,#5952);
#5951 = CARTESIAN_POINT('',(22.800473,-92.696126,-7.5E-02));
#5952 = VECTOR('',#5953,1.);
#5953 = DIRECTION('',(0.794904382501,-0.606734721835,0.));
#5954 = ORIENTED_EDGE('',*,*,#5955,.T.);
#5955 = EDGE_CURVE('',#5948,#5956,#5958,.T.);
#5956 = VERTEX_POINT('',#5957);
#5957 = CARTESIAN_POINT('',(23.142595,-93.013804,-7.5E-02));
#5958 = LINE('',#5959,#5960);
#5959 = CARTESIAN_POINT('',(22.874531,-92.752653,-7.5E-02));
#5960 = VECTOR('',#5961,1.);
#5961 = DIRECTION('',(0.716282427043,-0.697810493407,0.));
#5962 = ORIENTED_EDGE('',*,*,#5963,.T.);
#5963 = EDGE_CURVE('',#5956,#5964,#5966,.T.);
#5964 = VERTEX_POINT('',#5965);
#5965 = CARTESIAN_POINT('',(23.235766,-93.116552,-7.5E-02));
#5966 = LINE('',#5967,#5968);
#5967 = CARTESIAN_POINT('',(23.142595,-93.013804,-7.5E-02));
#5968 = VECTOR('',#5969,1.);
#5969 = DIRECTION('',(0.671739592056,-0.740787365216,0.));
#5970 = ORIENTED_EDGE('',*,*,#5971,.T.);
#5971 = EDGE_CURVE('',#5964,#5972,#5974,.T.);
#5972 = VERTEX_POINT('',#5973);
#5973 = CARTESIAN_POINT('',(23.237415,-93.132255,-7.5E-02));
#5974 = LINE('',#5975,#5976);
#5975 = CARTESIAN_POINT('',(23.235766,-93.116552,-7.5E-02));
#5976 = VECTOR('',#5977,1.);
#5977 = DIRECTION('',(0.10443751899,-0.994531449793,0.));
#5978 = ORIENTED_EDGE('',*,*,#5979,.T.);
#5979 = EDGE_CURVE('',#5972,#5980,#5982,.T.);
#5980 = VERTEX_POINT('',#5981);
#5981 = CARTESIAN_POINT('',(23.213228,-93.188885,-7.5E-02));
#5982 = LINE('',#5983,#5984);
#5983 = CARTESIAN_POINT('',(23.237415,-93.132255,-7.5E-02));
#5984 = VECTOR('',#5985,1.);
#5985 = DIRECTION('',(-0.392780284392,-0.919632344034,0.));
#5986 = ORIENTED_EDGE('',*,*,#5987,.T.);
#5987 = EDGE_CURVE('',#5980,#5988,#5990,.T.);
#5988 = VERTEX_POINT('',#5989);
#5989 = CARTESIAN_POINT('',(22.980052,-93.541481,-7.5E-02));
#5990 = LINE('',#5991,#5992);
#5991 = CARTESIAN_POINT('',(23.213228,-93.188885,-7.5E-02));
#5992 = VECTOR('',#5993,1.);
#5993 = DIRECTION('',(-0.55160432703,-0.834105908384,0.));
#5994 = ORIENTED_EDGE('',*,*,#5995,.T.);
#5995 = EDGE_CURVE('',#5988,#5996,#5998,.T.);
#5996 = VERTEX_POINT('',#5997);
#5997 = CARTESIAN_POINT('',(22.909569,-93.647923,-7.5E-02));
#5998 = LINE('',#5999,#6000);
#5999 = CARTESIAN_POINT('',(22.980052,-93.541481,-7.5E-02));
#6000 = VECTOR('',#6001,1.);
#6001 = DIRECTION('',(-0.552103524651,-0.833775568164,0.));
#6002 = ORIENTED_EDGE('',*,*,#6003,.T.);
#6003 = EDGE_CURVE('',#5996,#6004,#6006,.T.);
#6004 = VERTEX_POINT('',#6005);
#6005 = CARTESIAN_POINT('',(22.929325,-93.714309,-7.5E-02));
#6006 = LINE('',#6007,#6008);
#6007 = CARTESIAN_POINT('',(22.909569,-93.647923,-7.5E-02));
#6008 = VECTOR('',#6009,1.);
#6009 = DIRECTION('',(0.285230542544,-0.958458938922,0.));
#6010 = ORIENTED_EDGE('',*,*,#6011,.T.);
#6011 = EDGE_CURVE('',#6004,#6012,#6014,.T.);
#6012 = VERTEX_POINT('',#6013);
#6013 = CARTESIAN_POINT('',(23.05429,-94.004527,-7.5E-02));
#6014 = LINE('',#6015,#6016);
#6015 = CARTESIAN_POINT('',(22.929325,-93.714309,-7.5E-02));
#6016 = VECTOR('',#6017,1.);
#6017 = DIRECTION('',(0.395485122585,-0.918472382717,0.));
#6018 = ORIENTED_EDGE('',*,*,#6019,.T.);
#6019 = EDGE_CURVE('',#6012,#6020,#6022,.T.);
#6020 = VERTEX_POINT('',#6021);
#6021 = CARTESIAN_POINT('',(23.092315,-94.095507,-7.5E-02));
#6022 = LINE('',#6023,#6024);
#6023 = CARTESIAN_POINT('',(23.05429,-94.004527,-7.5E-02));
#6024 = VECTOR('',#6025,1.);
#6025 = DIRECTION('',(0.385623285389,-0.922656318336,0.));
#6026 = ORIENTED_EDGE('',*,*,#6027,.T.);
#6027 = EDGE_CURVE('',#6020,#6028,#6030,.T.);
#6028 = VERTEX_POINT('',#6029);
#6029 = CARTESIAN_POINT('',(23.674203,-94.207566,-7.5E-02));
#6030 = LINE('',#6031,#6032);
#6031 = CARTESIAN_POINT('',(23.092315,-94.095507,-7.5E-02));
#6032 = VECTOR('',#6033,1.);
#6033 = DIRECTION('',(0.981957135562,-0.18910363275,0.));
#6034 = ORIENTED_EDGE('',*,*,#6035,.T.);
#6035 = EDGE_CURVE('',#6028,#6036,#6038,.T.);
#6036 = VERTEX_POINT('',#6037);
#6037 = CARTESIAN_POINT('',(23.688873,-94.22955,-7.5E-02));
#6038 = LINE('',#6039,#6040);
#6039 = CARTESIAN_POINT('',(23.674203,-94.207566,-7.5E-02));
#6040 = VECTOR('',#6041,1.);
#6041 = DIRECTION('',(0.555066868924,-0.831805729136,0.));
#6042 = ORIENTED_EDGE('',*,*,#6043,.T.);
#6043 = EDGE_CURVE('',#6036,#6044,#6046,.T.);
#6044 = VERTEX_POINT('',#6045);
#6045 = CARTESIAN_POINT('',(23.697384,-94.352169,-7.5E-02));
#6046 = LINE('',#6047,#6048);
#6047 = CARTESIAN_POINT('',(23.688873,-94.22955,-7.5E-02));
#6048 = VECTOR('',#6049,1.);
#6049 = DIRECTION('',(6.924352493399E-02,-0.997599786615,0.));
#6050 = ORIENTED_EDGE('',*,*,#6051,.T.);
#6051 = EDGE_CURVE('',#6044,#6052,#6054,.T.);
#6052 = VERTEX_POINT('',#6053);
#6053 = CARTESIAN_POINT('',(23.696793,-94.856335,-7.5E-02));
#6054 = LINE('',#6055,#6056);
#6055 = CARTESIAN_POINT('',(23.697384,-94.352169,-7.5E-02));
#6056 = VECTOR('',#6057,1.);
#6057 = DIRECTION('',(-1.172232149619E-03,-0.999999312936,0.));
#6058 = ORIENTED_EDGE('',*,*,#6059,.T.);
#6059 = EDGE_CURVE('',#6052,#6060,#6062,.T.);
#6060 = VERTEX_POINT('',#6061);
#6061 = CARTESIAN_POINT('',(23.166891,-94.960985,-7.5E-02));
#6062 = LINE('',#6063,#6064);
#6063 = CARTESIAN_POINT('',(23.696793,-94.856335,-7.5E-02));
#6064 = VECTOR('',#6065,1.);
#6065 = DIRECTION('',(-0.981051484801,-0.193747217192,0.));
#6066 = ORIENTED_EDGE('',*,*,#6067,.T.);
#6067 = EDGE_CURVE('',#6060,#6068,#6070,.T.);
#6068 = VERTEX_POINT('',#6069);
#6069 = CARTESIAN_POINT('',(23.106872,-94.980288,-7.5E-02));
#6070 = LINE('',#6071,#6072);
#6071 = CARTESIAN_POINT('',(23.166891,-94.960985,-7.5E-02));
#6072 = VECTOR('',#6073,1.);
#6073 = DIRECTION('',(-0.951976893195,-0.306169879027,0.));
#6074 = ORIENTED_EDGE('',*,*,#6075,.T.);
#6075 = EDGE_CURVE('',#6068,#6076,#6078,.T.);
#6076 = VERTEX_POINT('',#6077);
#6077 = CARTESIAN_POINT('',(23.083195,-95.027792,-7.5E-02));
#6078 = LINE('',#6079,#6080);
#6079 = CARTESIAN_POINT('',(23.106872,-94.980288,-7.5E-02));
#6080 = VECTOR('',#6081,1.);
#6081 = DIRECTION('',(-0.446082817708,-0.89499168697,0.));
#6082 = ORIENTED_EDGE('',*,*,#6083,.T.);
#6083 = EDGE_CURVE('',#6076,#6084,#6086,.T.);
#6084 = VERTEX_POINT('',#6085);
#6085 = CARTESIAN_POINT('',(23.011943,-95.217198,-7.5E-02));
#6086 = LINE('',#6087,#6088);
#6087 = CARTESIAN_POINT('',(23.083195,-95.027792,-7.5E-02));
#6088 = VECTOR('',#6089,1.);
#6089 = DIRECTION('',(-0.352096944654,-0.935963536451,0.));
#6090 = ORIENTED_EDGE('',*,*,#6091,.T.);
#6091 = EDGE_CURVE('',#6084,#6092,#6094,.T.);
#6092 = VERTEX_POINT('',#6093);
#6093 = CARTESIAN_POINT('',(22.924363,-95.42859,-7.5E-02));
#6094 = LINE('',#6095,#6096);
#6095 = CARTESIAN_POINT('',(23.011943,-95.217198,-7.5E-02));
#6096 = VECTOR('',#6097,1.);
#6097 = DIRECTION('',(-0.382752690402,-0.923850841852,0.));
#6098 = ORIENTED_EDGE('',*,*,#6099,.T.);
#6099 = EDGE_CURVE('',#6092,#6100,#6102,.T.);
#6100 = VERTEX_POINT('',#6101);
#6101 = CARTESIAN_POINT('',(23.038282,-95.609986,-7.5E-02));
#6102 = LINE('',#6103,#6104);
#6103 = CARTESIAN_POINT('',(22.924363,-95.42859,-7.5E-02));
#6104 = VECTOR('',#6105,1.);
#6105 = DIRECTION('',(0.531832372864,-0.846849648505,0.));
#6106 = ORIENTED_EDGE('',*,*,#6107,.T.);
#6107 = EDGE_CURVE('',#6100,#6108,#6110,.T.);
#6108 = VERTEX_POINT('',#6109);
#6109 = CARTESIAN_POINT('',(23.254414,-95.930554,-7.5E-02));
#6110 = LINE('',#6111,#6112);
#6111 = CARTESIAN_POINT('',(23.038282,-95.609986,-7.5E-02));
#6112 = VECTOR('',#6113,1.);
#6113 = DIRECTION('',(0.559026060582,-0.829150085081,0.));
#6114 = ORIENTED_EDGE('',*,*,#6115,.T.);
#6115 = EDGE_CURVE('',#6108,#6116,#6118,.T.);
#6116 = VERTEX_POINT('',#6117);
#6117 = CARTESIAN_POINT('',(22.89333,-96.288216,-7.5E-02));
#6118 = LINE('',#6119,#6120);
#6119 = CARTESIAN_POINT('',(23.254414,-95.930554,-7.5E-02));
#6120 = VECTOR('',#6121,1.);
#6121 = DIRECTION('',(-0.710465313759,-0.703732220341,0.));
#6122 = ORIENTED_EDGE('',*,*,#6123,.T.);
#6123 = EDGE_CURVE('',#6116,#6124,#6126,.T.);
#6124 = VERTEX_POINT('',#6125);
#6125 = CARTESIAN_POINT('',(22.795011,-96.368647,-7.5E-02));
#6126 = LINE('',#6127,#6128);
#6127 = CARTESIAN_POINT('',(22.89333,-96.288216,-7.5E-02));
#6128 = VECTOR('',#6129,1.);
#6129 = DIRECTION('',(-0.774002894549,-0.633182058518,0.));
#6130 = ORIENTED_EDGE('',*,*,#6131,.T.);
#6131 = EDGE_CURVE('',#6124,#6132,#6134,.T.);
#6132 = VERTEX_POINT('',#6133);
#6133 = CARTESIAN_POINT('',(22.771835,-96.361169,-7.5E-02));
#6134 = LINE('',#6135,#6136);
#6135 = CARTESIAN_POINT('',(22.795011,-96.368647,-7.5E-02));
#6136 = VECTOR('',#6137,1.);
#6137 = DIRECTION('',(-0.951686167722,0.307072366336,0.));
#6138 = ORIENTED_EDGE('',*,*,#6139,.T.);
#6139 = EDGE_CURVE('',#6132,#6140,#6142,.T.);
#6140 = VERTEX_POINT('',#6141);
#6141 = CARTESIAN_POINT('',(22.543145,-96.216089,-7.5E-02));
#6142 = LINE('',#6143,#6144);
#6143 = CARTESIAN_POINT('',(22.771835,-96.361169,-7.5E-02));
#6144 = VECTOR('',#6145,1.);
#6145 = DIRECTION('',(-0.844413255291,0.535692313077,0.));
#6146 = ORIENTED_EDGE('',*,*,#6147,.T.);
#6147 = EDGE_CURVE('',#6140,#6148,#6150,.T.);
#6148 = VERTEX_POINT('',#6149);
#6149 = CARTESIAN_POINT('',(22.320904,-96.071784,-7.5E-02));
#6150 = LINE('',#6151,#6152);
#6151 = CARTESIAN_POINT('',(22.543145,-96.216089,-7.5E-02));
#6152 = VECTOR('',#6153,1.);
#6153 = DIRECTION('',(-0.838705029931,0.544585964535,0.));
#6154 = ORIENTED_EDGE('',*,*,#6155,.T.);
#6155 = EDGE_CURVE('',#6148,#6156,#6158,.T.);
#6156 = VERTEX_POINT('',#6157);
#6157 = CARTESIAN_POINT('',(22.306259,-96.064793,-7.5E-02));
#6158 = LINE('',#6159,#6160);
#6159 = CARTESIAN_POINT('',(22.320904,-96.071784,-7.5E-02));
#6160 = VECTOR('',#6161,1.);
#6161 = DIRECTION('',(-0.902448915286,0.43079688404,0.));
#6162 = ORIENTED_EDGE('',*,*,#6163,.T.);
#6163 = EDGE_CURVE('',#6156,#6164,#6166,.T.);
#6164 = VERTEX_POINT('',#6165);
#6165 = CARTESIAN_POINT('',(22.135268,-96.146808,-7.5E-02));
#6166 = LINE('',#6167,#6168);
#6167 = CARTESIAN_POINT('',(22.306259,-96.064793,-7.5E-02));
#6168 = VECTOR('',#6169,1.);
#6169 = DIRECTION('',(-0.901647845711,-0.432470995935,0.));
#6170 = ORIENTED_EDGE('',*,*,#6171,.T.);
#6171 = EDGE_CURVE('',#6164,#6172,#6174,.T.);
#6172 = VERTEX_POINT('',#6173);
#6173 = CARTESIAN_POINT('',(22.090068,-96.162642,-7.5E-02));
#6174 = LINE('',#6175,#6176);
#6175 = CARTESIAN_POINT('',(22.135268,-96.146808,-7.5E-02));
#6176 = VECTOR('',#6177,1.);
#6177 = DIRECTION('',(-0.943767174745,-0.330610828428,0.));
#6178 = ORIENTED_EDGE('',*,*,#6179,.T.);
#6179 = EDGE_CURVE('',#6172,#6180,#6182,.T.);
#6180 = VERTEX_POINT('',#6181);
#6181 = CARTESIAN_POINT('',(22.059428,-96.16113,-7.5E-02));
#6182 = LINE('',#6183,#6184);
#6183 = CARTESIAN_POINT('',(22.090068,-96.162642,-7.5E-02));
#6184 = VECTOR('',#6185,1.);
#6185 = DIRECTION('',(-0.998784643274,4.928728396329E-02,0.));
#6186 = ORIENTED_EDGE('',*,*,#6187,.T.);
#6187 = EDGE_CURVE('',#6180,#6188,#6190,.T.);
#6188 = VERTEX_POINT('',#6189);
#6189 = CARTESIAN_POINT('',(22.044462,-96.144892,-7.5E-02));
#6190 = LINE('',#6191,#6192);
#6191 = CARTESIAN_POINT('',(22.059428,-96.16113,-7.5E-02));
#6192 = VECTOR('',#6193,1.);
#6193 = DIRECTION('',(-0.677719426256,0.735320596254,0.));
#6194 = ORIENTED_EDGE('',*,*,#6195,.T.);
#6195 = EDGE_CURVE('',#6188,#6196,#6198,.T.);
#6196 = VERTEX_POINT('',#6197);
#6197 = CARTESIAN_POINT('',(21.647356,-95.17135,-7.5E-02));
#6198 = LINE('',#6199,#6200);
#6199 = CARTESIAN_POINT('',(22.044462,-96.144892,-7.5E-02));
#6200 = VECTOR('',#6201,1.);
#6201 = DIRECTION('',(-0.37768658015,0.925933500406,0.));
#6202 = ORIENTED_EDGE('',*,*,#6203,.T.);
#6203 = EDGE_CURVE('',#6196,#6204,#6206,.T.);
#6204 = VERTEX_POINT('',#6205);
#6205 = CARTESIAN_POINT('',(21.642567,-95.150075,-7.5E-02));
#6206 = LINE('',#6207,#6208);
#6207 = CARTESIAN_POINT('',(21.647356,-95.17135,-7.5E-02));
#6208 = VECTOR('',#6209,1.);
#6209 = DIRECTION('',(-0.219604942968,0.9755888832,0.));
#6210 = ORIENTED_EDGE('',*,*,#6211,.T.);
#6211 = EDGE_CURVE('',#6204,#6212,#6214,.T.);
#6212 = VERTEX_POINT('',#6213);
#6213 = CARTESIAN_POINT('',(21.653647,-95.133526,-7.5E-02));
#6214 = LINE('',#6215,#6216);
#6215 = CARTESIAN_POINT('',(21.642567,-95.150075,-7.5E-02));
#6216 = VECTOR('',#6217,1.);
#6217 = DIRECTION('',(0.55634450707,0.830951737138,0.));
#6218 = ORIENTED_EDGE('',*,*,#6219,.T.);
#6219 = EDGE_CURVE('',#6212,#6220,#6222,.T.);
#6220 = VERTEX_POINT('',#6221);
#6221 = CARTESIAN_POINT('',(21.819473,-94.998091,-7.5E-02));
#6222 = LINE('',#6223,#6224);
#6223 = CARTESIAN_POINT('',(21.653647,-95.133526,-7.5E-02));
#6224 = VECTOR('',#6225,1.);
#6225 = DIRECTION('',(0.774508253309,0.632563803546,0.));
#6226 = ORIENTED_EDGE('',*,*,#6227,.T.);
#6227 = EDGE_CURVE('',#6220,#6228,#6230,.T.);
#6228 = VERTEX_POINT('',#6229);
#6229 = CARTESIAN_POINT('',(21.905685,-94.897584,-7.5E-02));
#6230 = LINE('',#6231,#6232);
#6231 = CARTESIAN_POINT('',(21.819473,-94.998091,-7.5E-02));
#6232 = VECTOR('',#6233,1.);
#6233 = DIRECTION('',(0.65106622073,0.759020932665,0.));
#6234 = ORIENTED_EDGE('',*,*,#6235,.T.);
#6235 = EDGE_CURVE('',#6228,#6236,#6238,.T.);
#6236 = VERTEX_POINT('',#6237);
#6237 = CARTESIAN_POINT('',(22.023942,-94.548944,-7.5E-02));
#6238 = CIRCLE('',#6239,0.642384123394);
#6239 = AXIS2_PLACEMENT_3D('',#6240,#6241,#6242);
#6240 = CARTESIAN_POINT('',(21.381983235491,-94.52557079615,-7.5E-02));
#6241 = DIRECTION('',(0.,0.,1.));
#6242 = DIRECTION('',(0.815247054585,-0.579113322235,0.));
#6243 = ORIENTED_EDGE('',*,*,#6244,.T.);
#6244 = EDGE_CURVE('',#6236,#6245,#6247,.T.);
#6245 = VERTEX_POINT('',#6246);
#6246 = CARTESIAN_POINT('',(22.015345,-94.427875,-7.5E-02));
#6247 = LINE('',#6248,#6249);
#6248 = CARTESIAN_POINT('',(22.023942,-94.548944,-7.5E-02));
#6249 = VECTOR('',#6250,1.);
#6250 = DIRECTION('',(-7.083074390188E-02,0.997488348663,0.));
#6251 = ORIENTED_EDGE('',*,*,#6252,.T.);
#6252 = EDGE_CURVE('',#6245,#6253,#6255,.T.);
#6253 = VERTEX_POINT('',#6254);
#6254 = CARTESIAN_POINT('',(21.982104,-94.309774,-7.5E-02));
#6255 = LINE('',#6256,#6257);
#6256 = CARTESIAN_POINT('',(22.015345,-94.427875,-7.5E-02));
#6257 = VECTOR('',#6258,1.);
#6258 = DIRECTION('',(-0.270935108866,0.962597614158,0.));
#6259 = ORIENTED_EDGE('',*,*,#6260,.T.);
#6260 = EDGE_CURVE('',#6253,#6261,#6263,.T.);
#6261 = VERTEX_POINT('',#6262);
#6262 = CARTESIAN_POINT('',(21.796534,-94.055655,-7.5E-02));
#6263 = CIRCLE('',#6264,0.636573702156);
#6264 = AXIS2_PLACEMENT_3D('',#6265,#6266,#6267);
#6265 = CARTESIAN_POINT('',(21.391176526436,-94.5464822577,-7.5E-02));
#6266 = DIRECTION('',(0.,0.,1.));
#6267 = DIRECTION('',(0.928293882645,0.371847371168,-0.));
#6268 = ORIENTED_EDGE('',*,*,#6269,.T.);
#6269 = EDGE_CURVE('',#6261,#6270,#6272,.T.);
#6270 = VERTEX_POINT('',#6271);
#6271 = CARTESIAN_POINT('',(21.691838,-93.985068,-7.5E-02));
#6272 = LINE('',#6273,#6274);
#6273 = CARTESIAN_POINT('',(21.796534,-94.055655,-7.5E-02));
#6274 = VECTOR('',#6275,1.);
#6275 = DIRECTION('',(-0.829152632451,0.559022282292,0.));
#6276 = ORIENTED_EDGE('',*,*,#6277,.T.);
#6277 = EDGE_CURVE('',#6270,#6278,#6280,.T.);
#6278 = VERTEX_POINT('',#6279);
#6279 = CARTESIAN_POINT('',(21.347307,-93.916428,-7.5E-02));
#6280 = CIRCLE('',#6281,0.609015615929);
#6281 = AXIS2_PLACEMENT_3D('',#6282,#6283,#6284);
#6282 = CARTESIAN_POINT('',(21.405635171306,-94.52264400513,-7.5E-02));
#6283 = DIRECTION('',(0.,0.,1.));
#6284 = DIRECTION('',(0.469943333485,0.882696586214,-0.));
#6285 = ORIENTED_EDGE('',*,*,#6286,.T.);
#6286 = EDGE_CURVE('',#6278,#6287,#6289,.T.);
#6287 = VERTEX_POINT('',#6288);
#6288 = CARTESIAN_POINT('',(21.233044,-93.937521,-7.5E-02));
#6289 = LINE('',#6290,#6291);
#6290 = CARTESIAN_POINT('',(21.347307,-93.916428,-7.5E-02));
#6291 = VECTOR('',#6292,1.);
#6292 = DIRECTION('',(-0.983384804141,-0.181533266882,0.));
#6293 = ORIENTED_EDGE('',*,*,#6294,.T.);
#6294 = EDGE_CURVE('',#6287,#6295,#6297,.T.);
#6295 = VERTEX_POINT('',#6296);
#6296 = CARTESIAN_POINT('',(20.937935,-94.117395,-7.5E-02));
#6297 = CIRCLE('',#6298,0.635172013162);
#6298 = AXIS2_PLACEMENT_3D('',#6299,#6300,#6301);
#6299 = CARTESIAN_POINT('',(21.403601110849,-94.54936555398,-7.5E-02));
#6300 = DIRECTION('',(0.,0.,1.));
#6301 = DIRECTION('',(-0.268521136502,0.963273792466,0.));
#6302 = ORIENTED_EDGE('',*,*,#6303,.T.);
#6303 = EDGE_CURVE('',#6295,#6304,#6306,.T.);
#6304 = VERTEX_POINT('',#6305);
#6305 = CARTESIAN_POINT('',(20.866379,-94.212542,-7.5E-02));
#6306 = LINE('',#6307,#6308);
#6307 = CARTESIAN_POINT('',(20.937935,-94.117395,-7.5E-02));
#6308 = VECTOR('',#6309,1.);
#6309 = DIRECTION('',(-0.601051800353,-0.799210068313,0.));
#6310 = ORIENTED_EDGE('',*,*,#6311,.T.);
#6311 = EDGE_CURVE('',#6304,#6312,#6314,.T.);
#6312 = VERTEX_POINT('',#6313);
#6313 = CARTESIAN_POINT('',(20.777405,-94.509596,-7.5E-02));
#6314 = CIRCLE('',#6315,0.623578993652);
#6315 = AXIS2_PLACEMENT_3D('',#6316,#6317,#6318);
#6316 = CARTESIAN_POINT('',(21.400491603816,-94.53437190502,-7.5E-02));
#6317 = DIRECTION('',(0.,0.,1.));
#6318 = DIRECTION('',(-0.856527575901,0.516101261112,0.));
#6319 = ORIENTED_EDGE('',*,*,#6320,.T.);
#6320 = EDGE_CURVE('',#6312,#6321,#6323,.T.);
#6321 = VERTEX_POINT('',#6322);
#6322 = CARTESIAN_POINT('',(20.785144,-94.640945,-7.5E-02));
#6323 = LINE('',#6324,#6325);
#6324 = CARTESIAN_POINT('',(20.777405,-94.509596,-7.5E-02));
#6325 = VECTOR('',#6326,1.);
#6326 = DIRECTION('',(5.881736393581E-02,-0.998268760254,0.));
#6327 = ORIENTED_EDGE('',*,*,#6328,.T.);
#6328 = EDGE_CURVE('',#6321,#6329,#6331,.T.);
#6329 = VERTEX_POINT('',#6330);
#6330 = CARTESIAN_POINT('',(20.819955,-94.765405,-7.5E-02));
#6331 = LINE('',#6332,#6333);
#6332 = CARTESIAN_POINT('',(20.785144,-94.640945,-7.5E-02));
#6333 = VECTOR('',#6334,1.);
#6334 = DIRECTION('',(0.269358691888,-0.963039923941,0.));
#6335 = ORIENTED_EDGE('',*,*,#6336,.T.);
#6336 = EDGE_CURVE('',#6329,#6337,#6339,.T.);
#6337 = VERTEX_POINT('',#6338);
#6338 = CARTESIAN_POINT('',(20.880834,-94.880976,-7.5E-02));
#6339 = LINE('',#6340,#6341);
#6340 = CARTESIAN_POINT('',(20.819955,-94.765405,-7.5E-02));
#6341 = VECTOR('',#6342,1.);
#6342 = DIRECTION('',(0.466059083537,-0.884753598835,0.));
#6343 = ORIENTED_EDGE('',*,*,#6344,.T.);
#6344 = EDGE_CURVE('',#6337,#6345,#6347,.T.);
#6345 = VERTEX_POINT('',#6346);
#6346 = CARTESIAN_POINT('',(20.966803,-94.985496,-7.5E-02));
#6347 = LINE('',#6348,#6349);
#6348 = CARTESIAN_POINT('',(20.880834,-94.880976,-7.5E-02));
#6349 = VECTOR('',#6350,1.);
#6350 = DIRECTION('',(0.635239120026,-0.772315518677,0.));
#6351 = ORIENTED_EDGE('',*,*,#6352,.T.);
#6352 = EDGE_CURVE('',#6345,#6353,#6355,.T.);
#6353 = VERTEX_POINT('',#6354);
#6354 = CARTESIAN_POINT('',(21.146249,-95.133475,-7.5E-02));
#6355 = LINE('',#6356,#6357);
#6356 = CARTESIAN_POINT('',(20.966803,-94.985496,-7.5E-02));
#6357 = VECTOR('',#6358,1.);
#6358 = DIRECTION('',(0.771508229082,-0.636219343041,0.));
#6359 = ORIENTED_EDGE('',*,*,#6360,.T.);
#6360 = EDGE_CURVE('',#6353,#6361,#6363,.T.);
#6361 = VERTEX_POINT('',#6362);
#6362 = CARTESIAN_POINT('',(21.158035,-95.154275,-7.5E-02));
#6363 = LINE('',#6364,#6365);
#6364 = CARTESIAN_POINT('',(21.146249,-95.133475,-7.5E-02));
#6365 = VECTOR('',#6366,1.);
#6366 = DIRECTION('',(0.492991464066,-0.870034146662,0.));
#6367 = ORIENTED_EDGE('',*,*,#6368,.T.);
#6368 = EDGE_CURVE('',#6361,#6369,#6371,.T.);
#6369 = VERTEX_POINT('',#6370);
#6370 = CARTESIAN_POINT('',(20.960398,-95.649413,-7.5E-02));
#6371 = LINE('',#6372,#6373);
#6372 = CARTESIAN_POINT('',(21.158035,-95.154275,-7.5E-02));
#6373 = VECTOR('',#6374,1.);
#6374 = DIRECTION('',(-0.37071434358,-0.928746938334,0.));
#6375 = ORIENTED_EDGE('',*,*,#6376,.T.);
#6376 = EDGE_CURVE('',#6369,#6377,#6379,.T.);
#6377 = VERTEX_POINT('',#6378);
#6378 = CARTESIAN_POINT('',(20.754527,-96.14669,-7.5E-02));
#6379 = LINE('',#6380,#6381);
#6380 = CARTESIAN_POINT('',(20.960398,-95.649413,-7.5E-02));
#6381 = VECTOR('',#6382,1.);
#6382 = DIRECTION('',(-0.382512340592,-0.923950382485,0.));
#6383 = ORIENTED_EDGE('',*,*,#6384,.T.);
#6384 = EDGE_CURVE('',#6377,#6385,#6387,.T.);
#6385 = VERTEX_POINT('',#6386);
#6386 = CARTESIAN_POINT('',(20.736767,-96.162745,-7.5E-02));
#6387 = LINE('',#6388,#6389);
#6388 = CARTESIAN_POINT('',(20.754527,-96.14669,-7.5E-02));
#6389 = VECTOR('',#6390,1.);
#6390 = DIRECTION('',(-0.741817732594,-0.670601559504,0.));
#6391 = ORIENTED_EDGE('',*,*,#6392,.T.);
#6392 = EDGE_CURVE('',#6385,#6393,#6395,.T.);
#6393 = VERTEX_POINT('',#6394);
#6394 = CARTESIAN_POINT('',(20.707971,-96.162285,-7.5E-02));
#6395 = LINE('',#6396,#6397);
#6396 = CARTESIAN_POINT('',(20.736767,-96.162745,-7.5E-02));
#6397 = VECTOR('',#6398,1.);
#6398 = DIRECTION('',(-0.999872433033,1.597240308373E-02,0.));
#6399 = ORIENTED_EDGE('',*,*,#6400,.T.);
#6400 = EDGE_CURVE('',#6393,#6401,#6403,.T.);
#6401 = VERTEX_POINT('',#6402);
#6402 = CARTESIAN_POINT('',(20.663782,-96.146396,-7.5E-02));
#6403 = LINE('',#6404,#6405);
#6404 = CARTESIAN_POINT('',(20.707971,-96.162285,-7.5E-02));
#6405 = VECTOR('',#6406,1.);
#6406 = DIRECTION('',(-0.941016562842,0.338360500735,0.));
#6407 = ORIENTED_EDGE('',*,*,#6408,.T.);
#6408 = EDGE_CURVE('',#6401,#6409,#6411,.T.);
#6409 = VERTEX_POINT('',#6410);
#6410 = CARTESIAN_POINT('',(20.510978,-96.070697,-7.5E-02));
#6411 = LINE('',#6412,#6413);
#6412 = CARTESIAN_POINT('',(20.663782,-96.146396,-7.5E-02));
#6413 = VECTOR('',#6414,1.);
#6414 = DIRECTION('',(-0.896070117944,0.443912540629,0.));
#6415 = ORIENTED_EDGE('',*,*,#6416,.T.);
#6416 = EDGE_CURVE('',#6409,#6417,#6419,.T.);
#6417 = VERTEX_POINT('',#6418);
#6418 = CARTESIAN_POINT('',(20.493471,-96.064919,-7.5E-02));
#6419 = LINE('',#6420,#6421);
#6420 = CARTESIAN_POINT('',(20.510978,-96.070697,-7.5E-02));
#6421 = VECTOR('',#6422,1.);
#6422 = DIRECTION('',(-0.949617510492,0.313411205553,0.));
#6423 = ORIENTED_EDGE('',*,*,#6424,.T.);
#6424 = EDGE_CURVE('',#6417,#6425,#6427,.T.);
#6425 = VERTEX_POINT('',#6426);
#6426 = CARTESIAN_POINT('',(20.32824,-96.167956,-7.5E-02));
#6427 = LINE('',#6428,#6429);
#6428 = CARTESIAN_POINT('',(20.493471,-96.064919,-7.5E-02));
#6429 = VECTOR('',#6430,1.);
#6430 = DIRECTION('',(-0.848534206129,-0.529140530511,0.));
#6431 = ORIENTED_EDGE('',*,*,#6432,.T.);
#6432 = EDGE_CURVE('',#6425,#6433,#6435,.T.);
#6433 = VERTEX_POINT('',#6434);
#6434 = CARTESIAN_POINT('',(20.067294,-96.338923,-7.5E-02));
#6435 = LINE('',#6436,#6437);
#6436 = CARTESIAN_POINT('',(20.32824,-96.167956,-7.5E-02));
#6437 = VECTOR('',#6438,1.);
#6438 = DIRECTION('',(-0.836457633401,-0.548031593547,0.));
#6439 = ORIENTED_EDGE('',*,*,#6440,.T.);
#6440 = EDGE_CURVE('',#6433,#6441,#6443,.T.);
#6441 = VERTEX_POINT('',#6442);
#6442 = CARTESIAN_POINT('',(20.006046,-96.369117,-7.5E-02));
#6443 = LINE('',#6444,#6445);
#6444 = CARTESIAN_POINT('',(20.067294,-96.338923,-7.5E-02));
#6445 = VECTOR('',#6446,1.);
#6446 = DIRECTION('',(-0.896931817561,-0.442168875709,0.));
#6447 = ORIENTED_EDGE('',*,*,#6448,.T.);
#6448 = EDGE_CURVE('',#6441,#6449,#6451,.T.);
#6449 = VERTEX_POINT('',#6450);
#6450 = CARTESIAN_POINT('',(19.940362,-96.318726,-7.5E-02));
#6451 = LINE('',#6452,#6453);
#6452 = CARTESIAN_POINT('',(20.006046,-96.369117,-7.5E-02));
#6453 = VECTOR('',#6454,1.);
#6454 = DIRECTION('',(-0.793412292459,0.608684593345,0.));
#6455 = ORIENTED_EDGE('',*,*,#6456,.T.);
#6456 = EDGE_CURVE('',#6449,#6457,#6459,.T.);
#6457 = VERTEX_POINT('',#6458);
#6458 = CARTESIAN_POINT('',(19.764033,-96.150591,-7.5E-02));
#6459 = LINE('',#6460,#6461);
#6460 = CARTESIAN_POINT('',(19.940362,-96.318726,-7.5E-02));
#6461 = VECTOR('',#6462,1.);
#6462 = DIRECTION('',(-0.723722480647,0.690091132392,0.));
#6463 = ORIENTED_EDGE('',*,*,#6464,.T.);
#6464 = EDGE_CURVE('',#6457,#6465,#6467,.T.);
#6465 = VERTEX_POINT('',#6466);
#6466 = CARTESIAN_POINT('',(19.545648,-95.929768,-7.5E-02));
#6467 = LINE('',#6468,#6469);
#6468 = CARTESIAN_POINT('',(19.764033,-96.150591,-7.5E-02));
#6469 = VECTOR('',#6470,1.);
#6470 = DIRECTION('',(-0.703170868509,0.711020906641,0.));
#6471 = ORIENTED_EDGE('',*,*,#6472,.T.);
#6472 = EDGE_CURVE('',#6465,#6473,#6475,.T.);
#6473 = VERTEX_POINT('',#6474);
#6474 = CARTESIAN_POINT('',(19.882826,-95.432262,-7.5E-02));
#6475 = LINE('',#6476,#6477);
#6476 = CARTESIAN_POINT('',(19.545648,-95.929768,-7.5E-02));
#6477 = VECTOR('',#6478,1.);
#6478 = DIRECTION('',(0.561028112445,0.827796748632,0.));
#6479 = ORIENTED_EDGE('',*,*,#6480,.T.);
#6480 = EDGE_CURVE('',#6473,#6481,#6483,.T.);
#6481 = VERTEX_POINT('',#6482);
#6482 = CARTESIAN_POINT('',(19.769961,-95.17323,-7.5E-02));
#6483 = LINE('',#6484,#6485);
#6484 = CARTESIAN_POINT('',(19.882826,-95.432262,-7.5E-02));
#6485 = VECTOR('',#6486,1.);
#6486 = DIRECTION('',(-0.399447464948,0.916756086834,0.));
#6487 = ORIENTED_EDGE('',*,*,#6488,.T.);
#6488 = EDGE_CURVE('',#6481,#6489,#6491,.T.);
#6489 = VERTEX_POINT('',#6490);
#6490 = CARTESIAN_POINT('',(19.704098,-94.999532,-7.5E-02));
#6491 = LINE('',#6492,#6493);
#6492 = CARTESIAN_POINT('',(19.769961,-95.17323,-7.5E-02));
#6493 = VECTOR('',#6494,1.);
#6494 = DIRECTION('',(-0.354548589479,0.935037591596,0.));
#6495 = ORIENTED_EDGE('',*,*,#6496,.T.);
#6496 = EDGE_CURVE('',#6489,#6497,#6499,.T.);
#6497 = VERTEX_POINT('',#6498);
#6498 = CARTESIAN_POINT('',(19.689327,-94.977893,-7.5E-02));
#6499 = LINE('',#6500,#6501);
#6500 = CARTESIAN_POINT('',(19.704098,-94.999532,-7.5E-02));
#6501 = VECTOR('',#6502,1.);
#6502 = DIRECTION('',(-0.56378324094,0.825922791328,0.));
#6503 = ORIENTED_EDGE('',*,*,#6504,.T.);
#6504 = EDGE_CURVE('',#6497,#6505,#6507,.T.);
#6505 = VERTEX_POINT('',#6506);
#6506 = CARTESIAN_POINT('',(19.544164,-94.940946,-7.5E-02));
#6507 = LINE('',#6508,#6509);
#6508 = CARTESIAN_POINT('',(19.689327,-94.977893,-7.5E-02));
#6509 = VECTOR('',#6510,1.);
#6510 = DIRECTION('',(-0.969102889995,0.246656823548,0.));
#6511 = ORIENTED_EDGE('',*,*,#6512,.T.);
#6512 = EDGE_CURVE('',#6505,#6513,#6515,.T.);
#6513 = VERTEX_POINT('',#6514);
#6514 = CARTESIAN_POINT('',(19.10259,-94.855583,-7.5E-02));
#6515 = LINE('',#6516,#6517);
#6516 = CARTESIAN_POINT('',(19.544164,-94.940946,-7.5E-02));
#6517 = VECTOR('',#6518,1.);
#6518 = DIRECTION('',(-0.981822524282,0.189801292966,0.));
#6519 = ORIENTED_EDGE('',*,*,#6520,.T.);
#6520 = EDGE_CURVE('',#6513,#6521,#6523,.T.);
#6521 = VERTEX_POINT('',#6522);
#6522 = CARTESIAN_POINT('',(19.104917,-94.279281,-7.5E-02));
#6523 = LINE('',#6524,#6525);
#6524 = CARTESIAN_POINT('',(19.10259,-94.855583,-7.5E-02));
#6525 = VECTOR('',#6526,1.);
#6526 = DIRECTION('',(4.037780591775E-03,0.999991848131,0.));
#6527 = ORIENTED_EDGE('',*,*,#6528,.T.);
#6528 = EDGE_CURVE('',#6521,#6529,#6531,.T.);
#6529 = VERTEX_POINT('',#6530);
#6530 = CARTESIAN_POINT('',(19.11318,-94.223191,-7.5E-02));
#6531 = LINE('',#6532,#6533);
#6532 = CARTESIAN_POINT('',(19.104917,-94.279281,-7.5E-02));
#6533 = VECTOR('',#6534,1.);
#6534 = DIRECTION('',(0.145743816961,0.989322363953,0.));
#6535 = ORIENTED_EDGE('',*,*,#6536,.T.);
#6536 = EDGE_CURVE('',#6529,#6537,#6539,.T.);
#6537 = VERTEX_POINT('',#6538);
#6538 = CARTESIAN_POINT('',(19.129665,-94.205856,-7.5E-02));
#6539 = LINE('',#6540,#6541);
#6540 = CARTESIAN_POINT('',(19.11318,-94.223191,-7.5E-02));
#6541 = VECTOR('',#6542,1.);
#6542 = DIRECTION('',(0.689117412658,0.724649702665,0.));
#6543 = ORIENTED_EDGE('',*,*,#6544,.T.);
#6544 = EDGE_CURVE('',#6537,#6545,#6547,.T.);
#6545 = VERTEX_POINT('',#6546);
#6546 = CARTESIAN_POINT('',(19.707997,-94.095508,-7.5E-02));
#6547 = LINE('',#6548,#6549);
#6548 = CARTESIAN_POINT('',(19.129665,-94.205856,-7.5E-02));
#6549 = VECTOR('',#6550,1.);
#6550 = DIRECTION('',(0.982279349614,0.187422728936,0.));
#6551 = ORIENTED_EDGE('',*,*,#6552,.T.);
#6552 = EDGE_CURVE('',#6545,#6553,#6555,.T.);
#6553 = VERTEX_POINT('',#6554);
#6554 = CARTESIAN_POINT('',(19.84801,-93.765608,-7.5E-02));
#6555 = LINE('',#6556,#6557);
#6556 = CARTESIAN_POINT('',(19.707997,-94.095508,-7.5E-02));
#6557 = VECTOR('',#6558,1.);
#6558 = DIRECTION('',(0.390680905366,0.920526170286,0.));
#6559 = ORIENTED_EDGE('',*,*,#6560,.T.);
#6560 = EDGE_CURVE('',#6553,#6561,#6563,.T.);
#6561 = VERTEX_POINT('',#6562);
#6562 = CARTESIAN_POINT('',(19.888284,-93.663043,-7.5E-02));
#6563 = LINE('',#6564,#6565);
#6564 = CARTESIAN_POINT('',(19.84801,-93.765608,-7.5E-02));
#6565 = VECTOR('',#6566,1.);
#6566 = DIRECTION('',(0.365499901947,0.930811378141,0.));
#6567 = ORIENTED_EDGE('',*,*,#6568,.T.);
#6568 = EDGE_CURVE('',#6561,#6569,#6571,.T.);
#6569 = VERTEX_POINT('',#6570);
#6570 = CARTESIAN_POINT('',(19.889744,-93.645567,-7.5E-02));
#6571 = LINE('',#6572,#6573);
#6572 = CARTESIAN_POINT('',(19.888284,-93.663043,-7.5E-02));
#6573 = VECTOR('',#6574,1.);
#6574 = DIRECTION('',(8.325311927446E-02,0.996528433177,0.));
#6575 = ORIENTED_EDGE('',*,*,#6576,.T.);
#6576 = EDGE_CURVE('',#6569,#6577,#6579,.T.);
#6577 = VERTEX_POINT('',#6578);
#6578 = CARTESIAN_POINT('',(19.616326,-93.237382,-7.5E-02));
#6579 = LINE('',#6580,#6581);
#6580 = CARTESIAN_POINT('',(19.889744,-93.645567,-7.5E-02));
#6581 = VECTOR('',#6582,1.);
#6582 = DIRECTION('',(-0.556523234518,0.83083204647,0.));
#6583 = ORIENTED_EDGE('',*,*,#6584,.T.);
#6584 = EDGE_CURVE('',#6577,#6585,#6587,.T.);
#6585 = VERTEX_POINT('',#6586);
#6586 = CARTESIAN_POINT('',(19.569538,-93.154204,-7.5E-02));
#6587 = LINE('',#6588,#6589);
#6588 = CARTESIAN_POINT('',(19.616326,-93.237382,-7.5E-02));
#6589 = VECTOR('',#6590,1.);
#6590 = DIRECTION('',(-0.49026422458,0.871573858085,0.));
#6591 = ORIENTED_EDGE('',*,*,#6592,.T.);
#6592 = EDGE_CURVE('',#6585,#6593,#6595,.T.);
#6593 = VERTEX_POINT('',#6594);
#6594 = CARTESIAN_POINT('',(19.562539,-93.129911,-7.5E-02));
#6595 = LINE('',#6596,#6597);
#6596 = CARTESIAN_POINT('',(19.569538,-93.154204,-7.5E-02));
#6597 = VECTOR('',#6598,1.);
#6598 = DIRECTION('',(-0.276846733916,0.96091408873,0.));
#6599 = ORIENTED_EDGE('',*,*,#6600,.T.);
#6600 = EDGE_CURVE('',#6593,#6601,#6603,.T.);
#6601 = VERTEX_POINT('',#6602);
#6602 = CARTESIAN_POINT('',(19.566065,-93.112794,-7.5E-02));
#6603 = LINE('',#6604,#6605);
#6604 = CARTESIAN_POINT('',(19.562539,-93.129911,-7.5E-02));
#6605 = VECTOR('',#6606,1.);
#6606 = DIRECTION('',(0.201757862491,0.979435431727,0.));
#6607 = ORIENTED_EDGE('',*,*,#6608,.T.);
#6608 = EDGE_CURVE('',#6601,#6609,#6611,.T.);
#6609 = VERTEX_POINT('',#6610);
#6610 = CARTESIAN_POINT('',(19.784119,-92.886641,-7.5E-02));
#6611 = LINE('',#6612,#6613);
#6612 = CARTESIAN_POINT('',(19.566065,-93.112794,-7.5E-02));
#6613 = VECTOR('',#6614,1.);
#6614 = DIRECTION('',(0.694099105453,0.719879456444,0.));
#6615 = ORIENTED_EDGE('',*,*,#6616,.T.);
#6616 = EDGE_CURVE('',#6609,#6617,#6619,.T.);
#6617 = VERTEX_POINT('',#6618);
#6618 = CARTESIAN_POINT('',(19.963433,-92.720558,-7.5E-02));
#6619 = LINE('',#6620,#6621);
#6620 = CARTESIAN_POINT('',(19.784119,-92.886641,-7.5E-02));
#6621 = VECTOR('',#6622,1.);
#6622 = DIRECTION('',(0.733655583684,0.679521511455,0.));
#6623 = ORIENTED_EDGE('',*,*,#6624,.T.);
#6624 = EDGE_CURVE('',#6617,#6625,#6627,.T.);
#6625 = VERTEX_POINT('',#6626);
#6626 = CARTESIAN_POINT('',(19.996683,-92.697658,-7.5E-02));
#6627 = LINE('',#6628,#6629);
#6628 = CARTESIAN_POINT('',(19.963433,-92.720558,-7.5E-02));
#6629 = VECTOR('',#6630,1.);
#6630 = DIRECTION('',(0.823571882516,0.567211913071,0.));
#6631 = ORIENTED_EDGE('',*,*,#6632,.T.);
#6632 = EDGE_CURVE('',#6625,#6633,#6635,.T.);
#6633 = VERTEX_POINT('',#6634);
#6634 = CARTESIAN_POINT('',(20.019735,-92.694626,-7.5E-02));
#6635 = LINE('',#6636,#6637);
#6636 = CARTESIAN_POINT('',(19.996683,-92.697658,-7.5E-02));
#6637 = VECTOR('',#6638,1.);
#6638 = DIRECTION('',(0.991460735549,0.130405559179,0.));
#6639 = ORIENTED_EDGE('',*,*,#6640,.T.);
#6640 = EDGE_CURVE('',#6633,#6641,#6643,.T.);
#6641 = VERTEX_POINT('',#6642);
#6642 = CARTESIAN_POINT('',(20.287421,-92.871031,-7.5E-02));
#6643 = LINE('',#6644,#6645);
#6644 = CARTESIAN_POINT('',(20.019735,-92.694626,-7.5E-02));
#6645 = VECTOR('',#6646,1.);
#6646 = DIRECTION('',(0.834993188074,-0.550260280113,0.));
#6647 = ORIENTED_EDGE('',*,*,#6648,.T.);
#6648 = EDGE_CURVE('',#6641,#6649,#6651,.T.);
#6649 = VERTEX_POINT('',#6650);
#6650 = CARTESIAN_POINT('',(20.531794,-93.03791,-7.5E-02));
#6651 = LINE('',#6652,#6653);
#6652 = CARTESIAN_POINT('',(20.287421,-92.871031,-7.5E-02));
#6653 = VECTOR('',#6654,1.);
#6654 = DIRECTION('',(0.82581652784,-0.563938881748,0.));
#6655 = ORIENTED_EDGE('',*,*,#6656,.T.);
#6656 = EDGE_CURVE('',#6649,#6657,#6659,.T.);
#6657 = VERTEX_POINT('',#6658);
#6658 = CARTESIAN_POINT('',(20.785148,-92.927813,-7.5E-02));
#6659 = LINE('',#6660,#6661);
#6660 = CARTESIAN_POINT('',(20.531794,-93.03791,-7.5E-02));
#6661 = VECTOR('',#6662,1.);
#6662 = DIRECTION('',(0.917145375339,0.398552832751,0.));
#6663 = ORIENTED_EDGE('',*,*,#6664,.T.);
#6664 = EDGE_CURVE('',#6657,#6665,#6667,.T.);
#6665 = VERTEX_POINT('',#6666);
#6666 = CARTESIAN_POINT('',(20.949593,-92.863521,-7.5E-02));
#6667 = LINE('',#6668,#6669);
#6668 = CARTESIAN_POINT('',(20.785148,-92.927813,-7.5E-02));
#6669 = VECTOR('',#6670,1.);
#6670 = DIRECTION('',(0.931350449526,0.364124072492,0.));
#6671 = ORIENTED_EDGE('',*,*,#6672,.T.);
#6672 = EDGE_CURVE('',#6665,#6673,#6675,.T.);
#6673 = VERTEX_POINT('',#6674);
#6674 = CARTESIAN_POINT('',(20.993688,-92.667805,-7.5E-02));
#6675 = LINE('',#6676,#6677);
#6676 = CARTESIAN_POINT('',(20.949593,-92.863521,-7.5E-02));
#6677 = VECTOR('',#6678,1.);
#6678 = DIRECTION('',(0.219791626624,0.975546841964,0.));
#6679 = ORIENTED_EDGE('',*,*,#6680,.T.);
#6680 = EDGE_CURVE('',#6673,#6681,#6683,.T.);
#6681 = VERTEX_POINT('',#6682);
#6682 = CARTESIAN_POINT('',(21.073269,-92.260013,-7.5E-02));
#6683 = LINE('',#6684,#6685);
#6684 = CARTESIAN_POINT('',(20.993688,-92.667805,-7.5E-02));
#6685 = VECTOR('',#6686,1.);
#6686 = DIRECTION('',(0.191537786151,0.981485240071,0.));
#6687 = ORIENTED_EDGE('',*,*,#6688,.T.);
#6688 = EDGE_CURVE('',#6681,#5850,#6689,.T.);
#6689 = LINE('',#6690,#6691);
#6690 = CARTESIAN_POINT('',(21.073269,-92.260013,-7.5E-02));
#6691 = VECTOR('',#6692,1.);
#6692 = DIRECTION('',(0.834974616463,0.550288460594,0.));
#6693 = PLANE('',#6694);
#6694 = AXIS2_PLACEMENT_3D('',#6695,#6696,#6697);
#6695 = CARTESIAN_POINT('',(0.,0.,-7.5E-02));
#6696 = DIRECTION('',(-0.,-0.,-1.));
#6697 = DIRECTION('',(-1.,0.,0.));
#6698 = SHELL_BASED_SURFACE_MODEL('',(#6699));
#6699 = OPEN_SHELL('',(#6700));
#6700 = ADVANCED_FACE('',(#6701),#6860,.T.);
#6701 = FACE_BOUND('',#6702,.T.);
#6702 = EDGE_LOOP('',(#6703,#6714,#6722,#6731,#6739,#6748,#6756,#6764,
    #6772,#6780,#6788,#6797,#6805,#6814,#6822,#6830,#6838,#6846,#6854));
#6703 = ORIENTED_EDGE('',*,*,#6704,.T.);
#6704 = EDGE_CURVE('',#6705,#6707,#6709,.T.);
#6705 = VERTEX_POINT('',#6706);
#6706 = CARTESIAN_POINT('',(57.245876,-92.704795,-7.5E-02));
#6707 = VERTEX_POINT('',#6708);
#6708 = CARTESIAN_POINT('',(58.618711,-92.710162,-7.5E-02));
#6709 = CIRCLE('',#6710,1.20389494687);
#6710 = AXIS2_PLACEMENT_3D('',#6711,#6712,#6713);
#6711 = CARTESIAN_POINT('',(57.928426974796,-93.69650423657,-7.5E-02));
#6712 = DIRECTION('',(0.,0.,-1.));
#6713 = DIRECTION('',(-0.566952271518,0.823750642987,0.));
#6714 = ORIENTED_EDGE('',*,*,#6715,.T.);
#6715 = EDGE_CURVE('',#6707,#6716,#6718,.T.);
#6716 = VERTEX_POINT('',#6717);
#6717 = CARTESIAN_POINT('',(58.776645,-92.869103,-7.5E-02));
#6718 = LINE('',#6719,#6720);
#6719 = CARTESIAN_POINT('',(58.618711,-92.710162,-7.5E-02));
#6720 = VECTOR('',#6721,1.);
#6721 = DIRECTION('',(0.704856100792,-0.709350320488,0.));
#6722 = ORIENTED_EDGE('',*,*,#6723,.T.);
#6723 = EDGE_CURVE('',#6716,#6724,#6726,.T.);
#6724 = VERTEX_POINT('',#6725);
#6725 = CARTESIAN_POINT('',(58.661252,-92.963804,-7.5E-02));
#6726 = CIRCLE('',#6727,7.500003178656E-02);
#6727 = AXIS2_PLACEMENT_3D('',#6728,#6729,#6730);
#6728 = CARTESIAN_POINT('',(58.714284562127,-92.9107705,-7.5E-02));
#6729 = DIRECTION('',(0.,0.,-1.));
#6730 = DIRECTION('',(0.831472152581,0.555566431206,0.));
#6731 = ORIENTED_EDGE('',*,*,#6732,.T.);
#6732 = EDGE_CURVE('',#6724,#6733,#6735,.T.);
#6733 = VERTEX_POINT('',#6734);
#6734 = CARTESIAN_POINT('',(58.527001,-92.829553,-7.5E-02));
#6735 = LINE('',#6736,#6737);
#6736 = CARTESIAN_POINT('',(58.661252,-92.963804,-7.5E-02));
#6737 = VECTOR('',#6738,1.);
#6738 = DIRECTION('',(-0.707106781187,0.707106781187,0.));
#6739 = ORIENTED_EDGE('',*,*,#6740,.T.);
#6740 = EDGE_CURVE('',#6733,#6741,#6743,.T.);
#6741 = VERTEX_POINT('',#6742);
#6742 = CARTESIAN_POINT('',(57.33014,-92.829553,-7.5E-02));
#6743 = CIRCLE('',#6744,1.058517521806);
#6744 = AXIS2_PLACEMENT_3D('',#6745,#6746,#6747);
#6745 = CARTESIAN_POINT('',(57.9285705,-93.702674,-7.5E-02));
#6746 = DIRECTION('',(0.,0.,1.));
#6747 = DIRECTION('',(0.565347750672,0.824852666123,-0.));
#6748 = ORIENTED_EDGE('',*,*,#6749,.T.);
#6749 = EDGE_CURVE('',#6741,#6750,#6752,.T.);
#6750 = VERTEX_POINT('',#6751);
#6751 = CARTESIAN_POINT('',(57.204494,-92.955198,-7.5E-02));
#6752 = LINE('',#6753,#6754);
#6753 = CARTESIAN_POINT('',(57.33014,-92.829553,-7.5E-02));
#6754 = VECTOR('',#6755,1.);
#6755 = DIRECTION('',(-0.707109595077,-0.707103967285,0.));
#6756 = ORIENTED_EDGE('',*,*,#6757,.T.);
#6757 = EDGE_CURVE('',#6750,#6758,#6760,.T.);
#6758 = VERTEX_POINT('',#6759);
#6759 = CARTESIAN_POINT('',(57.074999,-93.21419,-7.5E-02));
#6760 = LINE('',#6761,#6762);
#6761 = CARTESIAN_POINT('',(57.204494,-92.955198,-7.5E-02));
#6762 = VECTOR('',#6763,1.);
#6763 = DIRECTION('',(-0.447210832699,-0.894428572395,0.));
#6764 = ORIENTED_EDGE('',*,*,#6765,.T.);
#6765 = EDGE_CURVE('',#6758,#6766,#6768,.T.);
#6766 = VERTEX_POINT('',#6767);
#6767 = CARTESIAN_POINT('',(57.074999,-93.470029,-7.5E-02));
#6768 = LINE('',#6769,#6770);
#6769 = CARTESIAN_POINT('',(57.074999,-93.21419,-7.5E-02));
#6770 = VECTOR('',#6771,1.);
#6771 = DIRECTION('',(0.,-1.,0.));
#6772 = ORIENTED_EDGE('',*,*,#6773,.T.);
#6773 = EDGE_CURVE('',#6766,#6774,#6776,.T.);
#6774 = VERTEX_POINT('',#6775);
#6775 = CARTESIAN_POINT('',(57.208408,-93.870257,-7.5E-02));
#6776 = LINE('',#6777,#6778);
#6777 = CARTESIAN_POINT('',(57.074999,-93.470029,-7.5E-02));
#6778 = VECTOR('',#6779,1.);
#6779 = DIRECTION('',(0.316227054909,-0.948683535086,0.));
#6780 = ORIENTED_EDGE('',*,*,#6781,.T.);
#6781 = EDGE_CURVE('',#6774,#6782,#6784,.T.);
#6782 = VERTEX_POINT('',#6783);
#6783 = CARTESIAN_POINT('',(58.919503,-95.58339,-7.5E-02));
#6784 = LINE('',#6785,#6786);
#6785 = CARTESIAN_POINT('',(57.208408,-93.870257,-7.5E-02));
#6786 = VECTOR('',#6787,1.);
#6787 = DIRECTION('',(0.706685806821,-0.707527505075,0.));
#6788 = ORIENTED_EDGE('',*,*,#6789,.T.);
#6789 = EDGE_CURVE('',#6782,#6790,#6792,.T.);
#6790 = VERTEX_POINT('',#6791);
#6791 = CARTESIAN_POINT('',(58.857142,-95.700057,-7.5E-02));
#6792 = CIRCLE('',#6793,7.500011177186E-02);
#6793 = AXIS2_PLACEMENT_3D('',#6794,#6795,#6796);
#6794 = CARTESIAN_POINT('',(58.857142057166,-95.62505688822,-7.5E-02));
#6795 = DIRECTION('',(0.,0.,-1.));
#6796 = DIRECTION('',(0.831477998645,0.555557681766,0.));
#6797 = ORIENTED_EDGE('',*,*,#6798,.T.);
#6798 = EDGE_CURVE('',#6790,#6799,#6801,.T.);
#6799 = VERTEX_POINT('',#6800);
#6800 = CARTESIAN_POINT('',(56.985367,-95.698616,-7.5E-02));
#6801 = LINE('',#6802,#6803);
#6802 = CARTESIAN_POINT('',(58.857142,-95.700057,-7.5E-02));
#6803 = VECTOR('',#6804,1.);
#6804 = DIRECTION('',(-0.99999970366,7.698572600733E-04,0.));
#6805 = ORIENTED_EDGE('',*,*,#6806,.T.);
#6806 = EDGE_CURVE('',#6799,#6807,#6809,.T.);
#6807 = VERTEX_POINT('',#6808);
#6808 = CARTESIAN_POINT('',(56.999999,-95.550057,-7.5E-02));
#6809 = CIRCLE('',#6810,7.500006711464E-02);
#6810 = AXIS2_PLACEMENT_3D('',#6811,#6812,#6813);
#6811 = CARTESIAN_POINT('',(56.999998932885,-95.62505706711,-7.5E-02));
#6812 = DIRECTION('',(0.,0.,-1.));
#6813 = DIRECTION('',(-0.195092263891,-0.980784894138,-0.));
#6814 = ORIENTED_EDGE('',*,*,#6815,.T.);
#6815 = EDGE_CURVE('',#6807,#6816,#6818,.T.);
#6816 = VERTEX_POINT('',#6817);
#6817 = CARTESIAN_POINT('',(58.676076,-95.550057,-7.5E-02));
#6818 = LINE('',#6819,#6820);
#6819 = CARTESIAN_POINT('',(56.999999,-95.550057,-7.5E-02));
#6820 = VECTOR('',#6821,1.);
#6821 = DIRECTION('',(1.,0.,0.));
#6822 = ORIENTED_EDGE('',*,*,#6823,.T.);
#6823 = EDGE_CURVE('',#6816,#6824,#6826,.T.);
#6824 = VERTEX_POINT('',#6825);
#6825 = CARTESIAN_POINT('',(57.077699,-93.947913,-7.5E-02));
#6826 = LINE('',#6827,#6828);
#6827 = CARTESIAN_POINT('',(58.676076,-95.550057,-7.5E-02));
#6828 = VECTOR('',#6829,1.);
#6829 = DIRECTION('',(-0.706274030218,0.707938552588,0.));
#6830 = ORIENTED_EDGE('',*,*,#6831,.T.);
#6831 = EDGE_CURVE('',#6824,#6832,#6834,.T.);
#6832 = VERTEX_POINT('',#6833);
#6833 = CARTESIAN_POINT('',(56.925728,-93.489605,-7.5E-02));
#6834 = LINE('',#6835,#6836);
#6835 = CARTESIAN_POINT('',(57.077699,-93.947913,-7.5E-02));
#6836 = VECTOR('',#6837,1.);
#6837 = DIRECTION('',(-0.314739328578,0.94917814716,0.));
#6838 = ORIENTED_EDGE('',*,*,#6839,.T.);
#6839 = EDGE_CURVE('',#6832,#6840,#6842,.T.);
#6840 = VERTEX_POINT('',#6841);
#6841 = CARTESIAN_POINT('',(56.927662,-93.176676,-7.5E-02));
#6842 = LINE('',#6843,#6844);
#6843 = CARTESIAN_POINT('',(56.925728,-93.489605,-7.5E-02));
#6844 = VECTOR('',#6845,1.);
#6845 = DIRECTION('',(6.180197633434E-03,0.999980902396,0.));
#6846 = ORIENTED_EDGE('',*,*,#6847,.T.);
#6847 = EDGE_CURVE('',#6840,#6848,#6850,.T.);
#6848 = VERTEX_POINT('',#6849);
#6849 = CARTESIAN_POINT('',(57.085104,-92.863487,-7.5E-02));
#6850 = LINE('',#6851,#6852);
#6851 = CARTESIAN_POINT('',(56.927662,-93.176676,-7.5E-02));
#6852 = VECTOR('',#6853,1.);
#6853 = DIRECTION('',(0.449146731852,0.893458008676,0.));
#6854 = ORIENTED_EDGE('',*,*,#6855,.T.);
#6855 = EDGE_CURVE('',#6848,#6705,#6856,.T.);
#6856 = LINE('',#6857,#6858);
#6857 = CARTESIAN_POINT('',(57.085104,-92.863487,-7.5E-02));
#6858 = VECTOR('',#6859,1.);
#6859 = DIRECTION('',(0.711695601904,0.702487985827,0.));
#6860 = PLANE('',#6861);
#6861 = AXIS2_PLACEMENT_3D('',#6862,#6863,#6864);
#6862 = CARTESIAN_POINT('',(0.,0.,-7.5E-02));
#6863 = DIRECTION('',(-0.,-0.,-1.));
#6864 = DIRECTION('',(-1.,0.,0.));
#6865 = SHELL_BASED_SURFACE_MODEL('',(#6866));
#6866 = OPEN_SHELL('',(#6867));
#6867 = ADVANCED_FACE('',(#6868),#6953,.T.);
#6868 = FACE_BOUND('',#6869,.T.);
#6869 = EDGE_LOOP('',(#6870,#6881,#6889,#6898,#6906,#6914,#6922,#6931,
    #6939,#6947));
#6870 = ORIENTED_EDGE('',*,*,#6871,.T.);
#6871 = EDGE_CURVE('',#6872,#6874,#6876,.T.);
#6872 = VERTEX_POINT('',#6873);
#6873 = CARTESIAN_POINT('',(61.098143,-93.564843,-7.5E-02));
#6874 = VERTEX_POINT('',#6875);
#6875 = CARTESIAN_POINT('',(61.213487,-93.650282,-7.5E-02));
#6876 = CIRCLE('',#6877,7.500015277709E-02);
#6877 = AXIS2_PLACEMENT_3D('',#6878,#6879,#6880);
#6878 = CARTESIAN_POINT('',(61.142855972275,-93.62505739219,-7.5E-02));
#6879 = DIRECTION('',(0.,0.,-1.));
#6880 = DIRECTION('',(-0.596171749251,0.802856927101,0.));
#6881 = ORIENTED_EDGE('',*,*,#6882,.T.);
#6882 = EDGE_CURVE('',#6874,#6883,#6885,.T.);
#6883 = VERTEX_POINT('',#6884);
#6884 = CARTESIAN_POINT('',(60.490395,-95.666367,-7.5E-02));
#6885 = LINE('',#6886,#6887);
#6886 = CARTESIAN_POINT('',(61.213487,-93.650282,-7.5E-02));
#6887 = VECTOR('',#6888,1.);
#6888 = DIRECTION('',(-0.337603837943,-0.941288291973,0.));
#6889 = ORIENTED_EDGE('',*,*,#6890,.T.);
#6890 = EDGE_CURVE('',#6883,#6891,#6893,.T.);
#6891 = VERTEX_POINT('',#6892);
#6892 = CARTESIAN_POINT('',(60.410303,-95.697799,-7.5E-02));
#6893 = CIRCLE('',#6894,7.271737678658E-02);
#6894 = AXIS2_PLACEMENT_3D('',#6895,#6896,#6897);
#6895 = CARTESIAN_POINT('',(60.428931157907,-95.62750811424,-7.5E-02));
#6896 = DIRECTION('',(0.,0.,-1.));
#6897 = DIRECTION('',(0.845242840288,-0.534382392059,0.));
#6898 = ORIENTED_EDGE('',*,*,#6899,.T.);
#6899 = EDGE_CURVE('',#6891,#6900,#6902,.T.);
#6900 = VERTEX_POINT('',#6901);
#6901 = CARTESIAN_POINT('',(60.383857,-95.685272,-7.5E-02));
#6902 = LINE('',#6903,#6904);
#6903 = CARTESIAN_POINT('',(60.410303,-95.697799,-7.5E-02));
#6904 = VECTOR('',#6905,1.);
#6905 = DIRECTION('',(-0.903738534722,0.428084875765,0.));
#6906 = ORIENTED_EDGE('',*,*,#6907,.T.);
#6907 = EDGE_CURVE('',#6900,#6908,#6910,.T.);
#6908 = VERTEX_POINT('',#6909);
#6909 = CARTESIAN_POINT('',(60.364218,-95.663577,-7.5E-02));
#6910 = LINE('',#6911,#6912);
#6911 = CARTESIAN_POINT('',(60.383857,-95.685272,-7.5E-02));
#6912 = VECTOR('',#6913,1.);
#6913 = DIRECTION('',(-0.671104784355,0.7413625081,0.));
#6914 = ORIENTED_EDGE('',*,*,#6915,.T.);
#6915 = EDGE_CURVE('',#6908,#6916,#6918,.T.);
#6916 = VERTEX_POINT('',#6917);
#6917 = CARTESIAN_POINT('',(59.64009,-93.636018,-7.5E-02));
#6918 = LINE('',#6919,#6920);
#6919 = CARTESIAN_POINT('',(60.364218,-95.663577,-7.5E-02));
#6920 = VECTOR('',#6921,1.);
#6921 = DIRECTION('',(-0.336336308728,0.94174194312,0.));
#6922 = ORIENTED_EDGE('',*,*,#6923,.T.);
#6923 = EDGE_CURVE('',#6916,#6924,#6926,.T.);
#6924 = VERTEX_POINT('',#6925);
#6925 = CARTESIAN_POINT('',(59.784916,-93.599832,-7.5E-02));
#6926 = CIRCLE('',#6927,7.500032123019E-02);
#6927 = AXIS2_PLACEMENT_3D('',#6928,#6929,#6930);
#6928 = CARTESIAN_POINT('',(59.714285123233,-93.62505753134,-7.5E-02));
#6929 = DIRECTION('',(0.,0.,-1.));
#6930 = DIRECTION('',(-0.989264072685,-0.146138956118,-0.));
#6931 = ORIENTED_EDGE('',*,*,#6932,.T.);
#6932 = EDGE_CURVE('',#6924,#6933,#6935,.T.);
#6933 = VERTEX_POINT('',#6934);
#6934 = CARTESIAN_POINT('',(60.42857,-95.402065,-7.5E-02));
#6935 = LINE('',#6936,#6937);
#6936 = CARTESIAN_POINT('',(59.784916,-93.599832,-7.5E-02));
#6937 = VECTOR('',#6938,1.);
#6938 = DIRECTION('',(0.336336099078,-0.941742017995,0.));
#6939 = ORIENTED_EDGE('',*,*,#6940,.T.);
#6940 = EDGE_CURVE('',#6933,#6941,#6943,.T.);
#6941 = VERTEX_POINT('',#6942);
#6942 = CARTESIAN_POINT('',(61.078504,-93.586537,-7.5E-02));
#6943 = LINE('',#6944,#6945);
#6944 = CARTESIAN_POINT('',(60.42857,-95.402065,-7.5E-02));
#6945 = VECTOR('',#6946,1.);
#6946 = DIRECTION('',(0.337040497,0.941490150443,0.));
#6947 = ORIENTED_EDGE('',*,*,#6948,.T.);
#6948 = EDGE_CURVE('',#6941,#6872,#6949,.T.);
#6949 = LINE('',#6950,#6951);
#6950 = CARTESIAN_POINT('',(61.078504,-93.586537,-7.5E-02));
#6951 = VECTOR('',#6952,1.);
#6952 = DIRECTION('',(0.671121786292,0.741347117054,0.));
#6953 = PLANE('',#6954);
#6954 = AXIS2_PLACEMENT_3D('',#6955,#6956,#6957);
#6955 = CARTESIAN_POINT('',(0.,0.,-7.5E-02));
#6956 = DIRECTION('',(-0.,-0.,-1.));
#6957 = DIRECTION('',(-1.,0.,0.));
#6958 = SHELL_BASED_SURFACE_MODEL('',(#6959));
#6959 = OPEN_SHELL('',(#6960));
#6960 = ADVANCED_FACE('',(#6961),#7069,.T.);
#6961 = FACE_BOUND('',#6962,.T.);
#6962 = EDGE_LOOP('',(#6963,#6974,#6982,#6990,#6998,#7006,#7015,#7023,
    #7031,#7039,#7047,#7055,#7063));
#6963 = ORIENTED_EDGE('',*,*,#6964,.T.);
#6964 = EDGE_CURVE('',#6965,#6967,#6969,.T.);
#6965 = VERTEX_POINT('',#6966);
#6966 = CARTESIAN_POINT('',(14.64536,-86.062697,-7.5E-02));
#6967 = VERTEX_POINT('',#6968);
#6968 = CARTESIAN_POINT('',(14.762028,-86.125057,-7.5E-02));
#6969 = CIRCLE('',#6970,7.500000000003E-02);
#6970 = AXIS2_PLACEMENT_3D('',#6971,#6972,#6973);
#6971 = CARTESIAN_POINT('',(14.687028,-86.12505706555,-7.5E-02));
#6972 = DIRECTION('',(0.,0.,-1.));
#6973 = DIRECTION('',(-0.555573333333,0.831467540731,0.));
#6974 = ORIENTED_EDGE('',*,*,#6975,.T.);
#6975 = EDGE_CURVE('',#6967,#6976,#6978,.T.);
#6976 = VERTEX_POINT('',#6977);
#6977 = CARTESIAN_POINT('',(14.762028,-88.67878,-7.5E-02));
#6978 = LINE('',#6979,#6980);
#6979 = CARTESIAN_POINT('',(14.762028,-86.125057,-7.5E-02));
#6980 = VECTOR('',#6981,1.);
#6981 = DIRECTION('',(0.,-1.,0.));
#6982 = ORIENTED_EDGE('',*,*,#6983,.T.);
#6983 = EDGE_CURVE('',#6976,#6984,#6986,.T.);
#6984 = VERTEX_POINT('',#6985);
#6985 = CARTESIAN_POINT('',(14.885786,-88.926298,-7.5E-02));
#6986 = LINE('',#6987,#6988);
#6987 = CARTESIAN_POINT('',(14.762028,-88.67878,-7.5E-02));
#6988 = VECTOR('',#6989,1.);
#6989 = DIRECTION('',(0.447210704625,-0.894428636431,0.));
#6990 = ORIENTED_EDGE('',*,*,#6991,.T.);
#6991 = EDGE_CURVE('',#6984,#6992,#6994,.T.);
#6992 = VERTEX_POINT('',#6993);
#6993 = CARTESIAN_POINT('',(15.133304,-89.050057,-7.5E-02));
#6994 = LINE('',#6995,#6996);
#6995 = CARTESIAN_POINT('',(14.885786,-88.926298,-7.5E-02));
#6996 = VECTOR('',#6997,1.);
#6997 = DIRECTION('',(0.894427191,-0.4472135955,0.));
#6998 = ORIENTED_EDGE('',*,*,#6999,.T.);
#6999 = EDGE_CURVE('',#6992,#7000,#7002,.T.);
#7000 = VERTEX_POINT('',#7001);
#7001 = CARTESIAN_POINT('',(15.273088,-89.051498,-7.5E-02));
#7002 = LINE('',#7003,#7004);
#7003 = CARTESIAN_POINT('',(15.133304,-89.050057,-7.5E-02));
#7004 = VECTOR('',#7005,1.);
#7005 = DIRECTION('',(0.999946868947,-1.030821437469E-02,0.));
#7006 = ORIENTED_EDGE('',*,*,#7007,.T.);
#7007 = EDGE_CURVE('',#7000,#7008,#7010,.T.);
#7008 = VERTEX_POINT('',#7009);
#7009 = CARTESIAN_POINT('',(15.258456,-89.200057,-7.5E-02));
#7010 = CIRCLE('',#7011,7.500006711464E-02);
#7011 = AXIS2_PLACEMENT_3D('',#7012,#7013,#7014);
#7012 = CARTESIAN_POINT('',(15.258456067115,-89.12505693288,-7.5E-02));
#7013 = DIRECTION('',(0.,0.,-1.));
#7014 = DIRECTION('',(0.195092263891,0.980784894138,0.));
#7015 = ORIENTED_EDGE('',*,*,#7016,.T.);
#7016 = EDGE_CURVE('',#7008,#7017,#7019,.T.);
#7017 = VERTEX_POINT('',#7018);
#7018 = CARTESIAN_POINT('',(15.09579,-89.197394,-7.5E-02));
#7019 = LINE('',#7020,#7021);
#7020 = CARTESIAN_POINT('',(15.258456,-89.200057,-7.5E-02));
#7021 = VECTOR('',#7022,1.);
#7022 = DIRECTION('',(-0.999866022621,1.636877539399E-02,0.));
#7023 = ORIENTED_EDGE('',*,*,#7024,.T.);
#7024 = EDGE_CURVE('',#7017,#7025,#7027,.T.);
#7025 = VERTEX_POINT('',#7026);
#7026 = CARTESIAN_POINT('',(14.783901,-89.04145,-7.5E-02));
#7027 = LINE('',#7028,#7029);
#7028 = CARTESIAN_POINT('',(15.09579,-89.197394,-7.5E-02));
#7029 = VECTOR('',#7030,1.);
#7030 = DIRECTION('',(-0.894427764554,0.447212448389,0.));
#7031 = ORIENTED_EDGE('',*,*,#7032,.T.);
#7032 = EDGE_CURVE('',#7025,#7033,#7035,.T.);
#7033 = VERTEX_POINT('',#7034);
#7034 = CARTESIAN_POINT('',(14.762803,-89.015741,-7.5E-02));
#7035 = LINE('',#7036,#7037);
#7036 = CARTESIAN_POINT('',(14.783901,-89.04145,-7.5E-02));
#7037 = VECTOR('',#7038,1.);
#7038 = DIRECTION('',(-0.634378352791,0.773022706982,0.));
#7039 = ORIENTED_EDGE('',*,*,#7040,.T.);
#7040 = EDGE_CURVE('',#7033,#7041,#7043,.T.);
#7041 = VERTEX_POINT('',#7042);
#7042 = CARTESIAN_POINT('',(14.613469,-88.711117,-7.5E-02));
#7043 = LINE('',#7044,#7045);
#7044 = CARTESIAN_POINT('',(14.762803,-89.015741,-7.5E-02));
#7045 = VECTOR('',#7046,1.);
#7046 = DIRECTION('',(-0.440177440798,0.897910808829,0.));
#7047 = ORIENTED_EDGE('',*,*,#7048,.T.);
#7048 = EDGE_CURVE('',#7041,#7049,#7051,.T.);
#7049 = VERTEX_POINT('',#7050);
#7050 = CARTESIAN_POINT('',(14.613469,-86.110425,-7.5E-02));
#7051 = LINE('',#7052,#7053);
#7052 = CARTESIAN_POINT('',(14.613469,-88.711117,-7.5E-02));
#7053 = VECTOR('',#7054,1.);
#7054 = DIRECTION('',(0.,1.,0.));
#7055 = ORIENTED_EDGE('',*,*,#7056,.T.);
#7056 = EDGE_CURVE('',#7049,#7057,#7059,.T.);
#7057 = VERTEX_POINT('',#7058);
#7058 = CARTESIAN_POINT('',(14.624668,-86.083389,-7.5E-02));
#7059 = LINE('',#7060,#7061);
#7060 = CARTESIAN_POINT('',(14.613469,-86.110425,-7.5E-02));
#7061 = VECTOR('',#7062,1.);
#7062 = DIRECTION('',(0.38269282806,0.923875640631,0.));
#7063 = ORIENTED_EDGE('',*,*,#7064,.T.);
#7064 = EDGE_CURVE('',#7057,#6965,#7065,.T.);
#7065 = LINE('',#7066,#7067);
#7066 = CARTESIAN_POINT('',(14.624668,-86.083389,-7.5E-02));
#7067 = VECTOR('',#7068,1.);
#7068 = DIRECTION('',(0.707106781187,0.707106781186,0.));
#7069 = PLANE('',#7070);
#7070 = AXIS2_PLACEMENT_3D('',#7071,#7072,#7073);
#7071 = CARTESIAN_POINT('',(0.,0.,-7.5E-02));
#7072 = DIRECTION('',(-0.,-0.,-1.));
#7073 = DIRECTION('',(-1.,0.,0.));
#7074 = SHELL_BASED_SURFACE_MODEL('',(#7075));
#7075 = OPEN_SHELL('',(#7076));
#7076 = ADVANCED_FACE('',(#7077),#7185,.T.);
#7077 = FACE_BOUND('',#7078,.T.);
#7078 = EDGE_LOOP('',(#7079,#7090,#7098,#7106,#7114,#7122,#7131,#7139,
    #7147,#7155,#7163,#7171,#7179));
#7079 = ORIENTED_EDGE('',*,*,#7080,.T.);
#7080 = EDGE_CURVE('',#7081,#7083,#7085,.T.);
#7081 = VERTEX_POINT('',#7082);
#7082 = CARTESIAN_POINT('',(35.216789,-86.062697,-7.5E-02));
#7083 = VERTEX_POINT('',#7084);
#7084 = CARTESIAN_POINT('',(35.333457,-86.125057,-7.5E-02));
#7085 = CIRCLE('',#7086,7.500000000003E-02);
#7086 = AXIS2_PLACEMENT_3D('',#7087,#7088,#7089);
#7087 = CARTESIAN_POINT('',(35.258457,-86.12505706555,-7.5E-02));
#7088 = DIRECTION('',(0.,0.,-1.));
#7089 = DIRECTION('',(-0.555573333333,0.831467540731,0.));
#7090 = ORIENTED_EDGE('',*,*,#7091,.T.);
#7091 = EDGE_CURVE('',#7083,#7092,#7094,.T.);
#7092 = VERTEX_POINT('',#7093);
#7093 = CARTESIAN_POINT('',(35.333457,-88.67878,-7.5E-02));
#7094 = LINE('',#7095,#7096);
#7095 = CARTESIAN_POINT('',(35.333457,-86.125057,-7.5E-02));
#7096 = VECTOR('',#7097,1.);
#7097 = DIRECTION('',(0.,-1.,0.));
#7098 = ORIENTED_EDGE('',*,*,#7099,.T.);
#7099 = EDGE_CURVE('',#7092,#7100,#7102,.T.);
#7100 = VERTEX_POINT('',#7101);
#7101 = CARTESIAN_POINT('',(35.457215,-88.926298,-7.5E-02));
#7102 = LINE('',#7103,#7104);
#7103 = CARTESIAN_POINT('',(35.333457,-88.67878,-7.5E-02));
#7104 = VECTOR('',#7105,1.);
#7105 = DIRECTION('',(0.447210704625,-0.894428636431,0.));
#7106 = ORIENTED_EDGE('',*,*,#7107,.T.);
#7107 = EDGE_CURVE('',#7100,#7108,#7110,.T.);
#7108 = VERTEX_POINT('',#7109);
#7109 = CARTESIAN_POINT('',(35.704733,-89.050057,-7.5E-02));
#7110 = LINE('',#7111,#7112);
#7111 = CARTESIAN_POINT('',(35.457215,-88.926298,-7.5E-02));
#7112 = VECTOR('',#7113,1.);
#7113 = DIRECTION('',(0.894427191,-0.4472135955,0.));
#7114 = ORIENTED_EDGE('',*,*,#7115,.T.);
#7115 = EDGE_CURVE('',#7108,#7116,#7118,.T.);
#7116 = VERTEX_POINT('',#7117);
#7117 = CARTESIAN_POINT('',(35.844517,-89.051498,-7.5E-02));
#7118 = LINE('',#7119,#7120);
#7119 = CARTESIAN_POINT('',(35.704733,-89.050057,-7.5E-02));
#7120 = VECTOR('',#7121,1.);
#7121 = DIRECTION('',(0.999946868947,-1.030821437469E-02,0.));
#7122 = ORIENTED_EDGE('',*,*,#7123,.T.);
#7123 = EDGE_CURVE('',#7116,#7124,#7126,.T.);
#7124 = VERTEX_POINT('',#7125);
#7125 = CARTESIAN_POINT('',(35.829885,-89.200057,-7.5E-02));
#7126 = CIRCLE('',#7127,7.500006711464E-02);
#7127 = AXIS2_PLACEMENT_3D('',#7128,#7129,#7130);
#7128 = CARTESIAN_POINT('',(35.829885067115,-89.12505693288,-7.5E-02));
#7129 = DIRECTION('',(0.,0.,-1.));
#7130 = DIRECTION('',(0.195092263891,0.980784894138,0.));
#7131 = ORIENTED_EDGE('',*,*,#7132,.T.);
#7132 = EDGE_CURVE('',#7124,#7133,#7135,.T.);
#7133 = VERTEX_POINT('',#7134);
#7134 = CARTESIAN_POINT('',(35.667219,-89.197394,-7.5E-02));
#7135 = LINE('',#7136,#7137);
#7136 = CARTESIAN_POINT('',(35.829885,-89.200057,-7.5E-02));
#7137 = VECTOR('',#7138,1.);
#7138 = DIRECTION('',(-0.999866022621,1.636877539399E-02,0.));
#7139 = ORIENTED_EDGE('',*,*,#7140,.T.);
#7140 = EDGE_CURVE('',#7133,#7141,#7143,.T.);
#7141 = VERTEX_POINT('',#7142);
#7142 = CARTESIAN_POINT('',(35.35533,-89.04145,-7.5E-02));
#7143 = LINE('',#7144,#7145);
#7144 = CARTESIAN_POINT('',(35.667219,-89.197394,-7.5E-02));
#7145 = VECTOR('',#7146,1.);
#7146 = DIRECTION('',(-0.894427764554,0.447212448389,0.));
#7147 = ORIENTED_EDGE('',*,*,#7148,.T.);
#7148 = EDGE_CURVE('',#7141,#7149,#7151,.T.);
#7149 = VERTEX_POINT('',#7150);
#7150 = CARTESIAN_POINT('',(35.334232,-89.015741,-7.5E-02));
#7151 = LINE('',#7152,#7153);
#7152 = CARTESIAN_POINT('',(35.35533,-89.04145,-7.5E-02));
#7153 = VECTOR('',#7154,1.);
#7154 = DIRECTION('',(-0.634378352791,0.773022706982,0.));
#7155 = ORIENTED_EDGE('',*,*,#7156,.T.);
#7156 = EDGE_CURVE('',#7149,#7157,#7159,.T.);
#7157 = VERTEX_POINT('',#7158);
#7158 = CARTESIAN_POINT('',(35.184898,-88.711117,-7.5E-02));
#7159 = LINE('',#7160,#7161);
#7160 = CARTESIAN_POINT('',(35.334232,-89.015741,-7.5E-02));
#7161 = VECTOR('',#7162,1.);
#7162 = DIRECTION('',(-0.440177440798,0.897910808829,0.));
#7163 = ORIENTED_EDGE('',*,*,#7164,.T.);
#7164 = EDGE_CURVE('',#7157,#7165,#7167,.T.);
#7165 = VERTEX_POINT('',#7166);
#7166 = CARTESIAN_POINT('',(35.184898,-86.110425,-7.5E-02));
#7167 = LINE('',#7168,#7169);
#7168 = CARTESIAN_POINT('',(35.184898,-88.711117,-7.5E-02));
#7169 = VECTOR('',#7170,1.);
#7170 = DIRECTION('',(0.,1.,0.));
#7171 = ORIENTED_EDGE('',*,*,#7172,.T.);
#7172 = EDGE_CURVE('',#7165,#7173,#7175,.T.);
#7173 = VERTEX_POINT('',#7174);
#7174 = CARTESIAN_POINT('',(35.196097,-86.083389,-7.5E-02));
#7175 = LINE('',#7176,#7177);
#7176 = CARTESIAN_POINT('',(35.184898,-86.110425,-7.5E-02));
#7177 = VECTOR('',#7178,1.);
#7178 = DIRECTION('',(0.38269282806,0.923875640631,0.));
#7179 = ORIENTED_EDGE('',*,*,#7180,.T.);
#7180 = EDGE_CURVE('',#7173,#7081,#7181,.T.);
#7181 = LINE('',#7182,#7183);
#7182 = CARTESIAN_POINT('',(35.196097,-86.083389,-7.5E-02));
#7183 = VECTOR('',#7184,1.);
#7184 = DIRECTION('',(0.707106781187,0.707106781187,0.));
#7185 = PLANE('',#7186);
#7186 = AXIS2_PLACEMENT_3D('',#7187,#7188,#7189);
#7187 = CARTESIAN_POINT('',(0.,0.,-7.5E-02));
#7188 = DIRECTION('',(-0.,-0.,-1.));
#7189 = DIRECTION('',(-1.,0.,0.));
#7190 = SHELL_BASED_SURFACE_MODEL('',(#7191));
#7191 = OPEN_SHELL('',(#7192));
#7192 = ADVANCED_FACE('',(#7193,#7391),#7459,.T.);
#7193 = FACE_BOUND('',#7194,.T.);
#7194 = EDGE_LOOP('',(#7195,#7206,#7214,#7222,#7230,#7238,#7246,#7254,
    #7262,#7270,#7278,#7286,#7294,#7302,#7310,#7319,#7327,#7335,#7344,
    #7352,#7361,#7369,#7377,#7385));
#7195 = ORIENTED_EDGE('',*,*,#7196,.T.);
#7196 = EDGE_CURVE('',#7197,#7199,#7201,.T.);
#7197 = VERTEX_POINT('',#7198);
#7198 = CARTESIAN_POINT('',(71.359648,-86.062697,-7.5E-02));
#7199 = VERTEX_POINT('',#7200);
#7200 = CARTESIAN_POINT('',(71.476316,-86.125057,-7.5E-02));
#7201 = CIRCLE('',#7202,7.500000000001E-02);
#7202 = AXIS2_PLACEMENT_3D('',#7203,#7204,#7205);
#7203 = CARTESIAN_POINT('',(71.401316,-86.12505706555,-7.5E-02));
#7204 = DIRECTION('',(0.,0.,-1.));
#7205 = DIRECTION('',(-0.555573333333,0.831467540731,0.));
#7206 = ORIENTED_EDGE('',*,*,#7207,.T.);
#7207 = EDGE_CURVE('',#7199,#7208,#7210,.T.);
#7208 = VERTEX_POINT('',#7209);
#7209 = CARTESIAN_POINT('',(71.476316,-86.146561,-7.5E-02));
#7210 = LINE('',#7211,#7212);
#7211 = CARTESIAN_POINT('',(71.476316,-86.125057,-7.5E-02));
#7212 = VECTOR('',#7213,1.);
#7213 = DIRECTION('',(0.,-1.,0.));
#7214 = ORIENTED_EDGE('',*,*,#7215,.T.);
#7215 = EDGE_CURVE('',#7208,#7216,#7218,.T.);
#7216 = VERTEX_POINT('',#7217);
#7217 = CARTESIAN_POINT('',(71.672398,-86.051498,-7.5E-02));
#7218 = LINE('',#7219,#7220);
#7219 = CARTESIAN_POINT('',(71.476316,-86.146561,-7.5E-02));
#7220 = VECTOR('',#7221,1.);
#7221 = DIRECTION('',(0.899826826454,0.436247272076,0.));
#7222 = ORIENTED_EDGE('',*,*,#7223,.T.);
#7223 = EDGE_CURVE('',#7216,#7224,#7226,.T.);
#7224 = VERTEX_POINT('',#7225);
#7225 = CARTESIAN_POINT('',(72.27309,-86.051498,-7.5E-02));
#7226 = LINE('',#7227,#7228);
#7227 = CARTESIAN_POINT('',(71.672398,-86.051498,-7.5E-02));
#7228 = VECTOR('',#7229,1.);
#7229 = DIRECTION('',(1.,0.,0.));
#7230 = ORIENTED_EDGE('',*,*,#7231,.T.);
#7231 = EDGE_CURVE('',#7224,#7232,#7234,.T.);
#7232 = VERTEX_POINT('',#7233);
#7233 = CARTESIAN_POINT('',(72.591456,-86.210162,-7.5E-02));
#7234 = LINE('',#7235,#7236);
#7235 = CARTESIAN_POINT('',(72.27309,-86.051498,-7.5E-02));
#7236 = VECTOR('',#7237,1.);
#7237 = DIRECTION('',(0.89501004724,-0.446045978953,0.));
#7238 = ORIENTED_EDGE('',*,*,#7239,.T.);
#7239 = EDGE_CURVE('',#7232,#7240,#7242,.T.);
#7240 = VERTEX_POINT('',#7241);
#7241 = CARTESIAN_POINT('',(72.750147,-86.37093,-7.5E-02));
#7242 = LINE('',#7243,#7244);
#7243 = CARTESIAN_POINT('',(72.591456,-86.210162,-7.5E-02));
#7244 = VECTOR('',#7245,1.);
#7245 = DIRECTION('',(0.702494596436,-0.711689076759,0.));
#7246 = ORIENTED_EDGE('',*,*,#7247,.T.);
#7247 = EDGE_CURVE('',#7240,#7248,#7250,.T.);
#7248 = VERTEX_POINT('',#7249);
#7249 = CARTESIAN_POINT('',(72.903446,-86.681853,-7.5E-02));
#7250 = LINE('',#7251,#7252);
#7251 = CARTESIAN_POINT('',(72.750147,-86.37093,-7.5E-02));
#7252 = VECTOR('',#7253,1.);
#7253 = DIRECTION('',(0.442216164967,-0.896908503383,0.));
#7254 = ORIENTED_EDGE('',*,*,#7255,.T.);
#7255 = EDGE_CURVE('',#7248,#7256,#7258,.T.);
#7256 = VERTEX_POINT('',#7257);
#7257 = CARTESIAN_POINT('',(72.902224,-87.573437,-7.5E-02));
#7258 = LINE('',#7259,#7260);
#7259 = CARTESIAN_POINT('',(72.903446,-86.681853,-7.5E-02));
#7260 = VECTOR('',#7261,1.);
#7261 = DIRECTION('',(-1.370593070556E-03,-0.999999060737,0.));
#7262 = ORIENTED_EDGE('',*,*,#7263,.T.);
#7263 = EDGE_CURVE('',#7256,#7264,#7266,.T.);
#7264 = VERTEX_POINT('',#7265);
#7265 = CARTESIAN_POINT('',(72.744781,-87.886625,-7.5E-02));
#7266 = LINE('',#7267,#7268);
#7267 = CARTESIAN_POINT('',(72.902224,-87.573437,-7.5E-02));
#7268 = VECTOR('',#7269,1.);
#7269 = DIRECTION('',(-0.449150153931,-0.893456288368,0.));
#7270 = ORIENTED_EDGE('',*,*,#7271,.T.);
#7271 = EDGE_CURVE('',#7264,#7272,#7274,.T.);
#7272 = VERTEX_POINT('',#7273);
#7273 = CARTESIAN_POINT('',(72.584013,-88.045317,-7.5E-02));
#7274 = LINE('',#7275,#7276);
#7275 = CARTESIAN_POINT('',(72.744781,-87.886625,-7.5E-02));
#7276 = VECTOR('',#7277,1.);
#7277 = DIRECTION('',(-0.711686863545,-0.70249683861,0.));
#7278 = ORIENTED_EDGE('',*,*,#7279,.T.);
#7279 = EDGE_CURVE('',#7272,#7280,#7282,.T.);
#7280 = VERTEX_POINT('',#7281);
#7281 = CARTESIAN_POINT('',(72.27309,-88.198616,-7.5E-02));
#7282 = LINE('',#7283,#7284);
#7283 = CARTESIAN_POINT('',(72.584013,-88.045317,-7.5E-02));
#7284 = VECTOR('',#7285,1.);
#7285 = DIRECTION('',(-0.896908503383,-0.442216164967,0.));
#7286 = ORIENTED_EDGE('',*,*,#7287,.T.);
#7287 = EDGE_CURVE('',#7280,#7288,#7290,.T.);
#7288 = VERTEX_POINT('',#7289);
#7289 = CARTESIAN_POINT('',(71.667221,-88.197394,-7.5E-02));
#7290 = LINE('',#7291,#7292);
#7291 = CARTESIAN_POINT('',(72.27309,-88.198616,-7.5E-02));
#7292 = VECTOR('',#7293,1.);
#7293 = DIRECTION('',(-0.999997965987,2.016933552361E-03,0.));
#7294 = ORIENTED_EDGE('',*,*,#7295,.T.);
#7295 = EDGE_CURVE('',#7288,#7296,#7298,.T.);
#7296 = VERTEX_POINT('',#7297);
#7297 = CARTESIAN_POINT('',(71.476316,-88.103552,-7.5E-02));
#7298 = LINE('',#7299,#7300);
#7299 = CARTESIAN_POINT('',(71.667221,-88.197394,-7.5E-02));
#7300 = VECTOR('',#7301,1.);
#7301 = DIRECTION('',(-0.897435036552,0.44114663681,0.));
#7302 = ORIENTED_EDGE('',*,*,#7303,.T.);
#7303 = EDGE_CURVE('',#7296,#7304,#7306,.T.);
#7304 = VERTEX_POINT('',#7305);
#7305 = CARTESIAN_POINT('',(71.476316,-88.535923,-7.5E-02));
#7306 = LINE('',#7307,#7308);
#7307 = CARTESIAN_POINT('',(71.476316,-88.103552,-7.5E-02));
#7308 = VECTOR('',#7309,1.);
#7309 = DIRECTION('',(0.,-1.,0.));
#7310 = ORIENTED_EDGE('',*,*,#7311,.T.);
#7311 = EDGE_CURVE('',#7304,#7312,#7314,.T.);
#7312 = VERTEX_POINT('',#7313);
#7313 = CARTESIAN_POINT('',(71.990449,-89.050057,-7.5E-02));
#7314 = CIRCLE('',#7315,0.729801865334);
#7315 = AXIS2_PLACEMENT_3D('',#7316,#7317,#7318);
#7316 = CARTESIAN_POINT('',(72.180844740644,-88.34552862967,-7.5E-02));
#7317 = DIRECTION('',(0.,0.,1.));
#7318 = DIRECTION('',(-0.965369882033,-0.26088501464,0.));
#7319 = ORIENTED_EDGE('',*,*,#7320,.T.);
#7320 = EDGE_CURVE('',#7312,#7321,#7323,.T.);
#7321 = VERTEX_POINT('',#7322);
#7322 = CARTESIAN_POINT('',(72.383611,-89.050057,-7.5E-02));
#7323 = LINE('',#7324,#7325);
#7324 = CARTESIAN_POINT('',(71.990449,-89.050057,-7.5E-02));
#7325 = VECTOR('',#7326,1.);
#7326 = DIRECTION('',(1.,0.,0.));
#7327 = ORIENTED_EDGE('',*,*,#7328,.T.);
#7328 = EDGE_CURVE('',#7321,#7329,#7331,.T.);
#7329 = VERTEX_POINT('',#7330);
#7330 = CARTESIAN_POINT('',(72.667221,-88.909863,-7.5E-02));
#7331 = LINE('',#7332,#7333);
#7332 = CARTESIAN_POINT('',(72.383611,-89.050057,-7.5E-02));
#7333 = VECTOR('',#7334,1.);
#7334 = DIRECTION('',(0.89645477953,0.443135225702,0.));
#7335 = ORIENTED_EDGE('',*,*,#7336,.T.);
#7336 = EDGE_CURVE('',#7329,#7337,#7339,.T.);
#7337 = VERTEX_POINT('',#7338);
#7338 = CARTESIAN_POINT('',(72.720571,-89.049282,-7.5E-02));
#7339 = CIRCLE('',#7340,7.500005272362E-02);
#7340 = AXIS2_PLACEMENT_3D('',#7341,#7342,#7343);
#7341 = CARTESIAN_POINT('',(72.68703044324,-88.98219967027,-7.5E-02));
#7342 = DIRECTION('',(0.,0.,-1.));
#7343 = DIRECTION('',(-0.264125724196,0.964488259036,-0.));
#7344 = ORIENTED_EDGE('',*,*,#7345,.T.);
#7345 = EDGE_CURVE('',#7337,#7346,#7348,.T.);
#7346 = VERTEX_POINT('',#7347);
#7347 = CARTESIAN_POINT('',(72.415948,-89.198616,-7.5E-02));
#7348 = LINE('',#7349,#7350);
#7349 = CARTESIAN_POINT('',(72.720571,-89.049282,-7.5E-02));
#7350 = VECTOR('',#7351,1.);
#7351 = DIRECTION('',(-0.897910237711,-0.440178605812,0.));
#7352 = ORIENTED_EDGE('',*,*,#7353,.T.);
#7353 = EDGE_CURVE('',#7346,#7354,#7356,.T.);
#7354 = VERTEX_POINT('',#7355);
#7355 = CARTESIAN_POINT('',(71.481054,-88.879179,-7.5E-02));
#7356 = CIRCLE('',#7357,0.886994479596);
#7357 = AXIS2_PLACEMENT_3D('',#7358,#7359,#7360);
#7358 = CARTESIAN_POINT('',(72.186701336133,-88.34175826738,-7.5E-02));
#7359 = DIRECTION('',(0.,0.,-1.));
#7360 = DIRECTION('',(0.258453315258,-0.966023749103,0.));
#7361 = ORIENTED_EDGE('',*,*,#7362,.T.);
#7362 = EDGE_CURVE('',#7354,#7363,#7365,.T.);
#7363 = VERTEX_POINT('',#7364);
#7364 = CARTESIAN_POINT('',(71.327757,-88.56826,-7.5E-02));
#7365 = LINE('',#7366,#7367);
#7366 = CARTESIAN_POINT('',(71.481054,-88.879179,-7.5E-02));
#7367 = VECTOR('',#7368,1.);
#7368 = DIRECTION('',(-0.442216100408,0.896908535214,0.));
#7369 = ORIENTED_EDGE('',*,*,#7370,.T.);
#7370 = EDGE_CURVE('',#7363,#7371,#7373,.T.);
#7371 = VERTEX_POINT('',#7372);
#7372 = CARTESIAN_POINT('',(71.327757,-86.110425,-7.5E-02));
#7373 = LINE('',#7374,#7375);
#7374 = CARTESIAN_POINT('',(71.327757,-88.56826,-7.5E-02));
#7375 = VECTOR('',#7376,1.);
#7376 = DIRECTION('',(0.,1.,0.));
#7377 = ORIENTED_EDGE('',*,*,#7378,.T.);
#7378 = EDGE_CURVE('',#7371,#7379,#7381,.T.);
#7379 = VERTEX_POINT('',#7380);
#7380 = CARTESIAN_POINT('',(71.338956,-86.083389,-7.5E-02));
#7381 = LINE('',#7382,#7383);
#7382 = CARTESIAN_POINT('',(71.327757,-86.110425,-7.5E-02));
#7383 = VECTOR('',#7384,1.);
#7384 = DIRECTION('',(0.38269282806,0.923875640631,0.));
#7385 = ORIENTED_EDGE('',*,*,#7386,.T.);
#7386 = EDGE_CURVE('',#7379,#7197,#7387,.T.);
#7387 = LINE('',#7388,#7389);
#7388 = CARTESIAN_POINT('',(71.338956,-86.083389,-7.5E-02));
#7389 = VECTOR('',#7390,1.);
#7390 = DIRECTION('',(0.707106781187,0.707106781186,0.));
#7391 = FACE_BOUND('',#7392,.T.);
#7392 = EDGE_LOOP('',(#7393,#7404,#7412,#7420,#7428,#7436,#7444,#7453));
#7393 = ORIENTED_EDGE('',*,*,#7394,.T.);
#7394 = EDGE_CURVE('',#7395,#7397,#7399,.T.);
#7395 = VERTEX_POINT('',#7396);
#7396 = CARTESIAN_POINT('',(72.754887,-86.71419,-7.5E-02));
#7397 = VERTEX_POINT('',#7398);
#7398 = CARTESIAN_POINT('',(72.240753,-86.200057,-7.5E-02));
#7399 = CIRCLE('',#7400,0.729798050508);
#7400 = AXIS2_PLACEMENT_3D('',#7401,#7402,#7403);
#7401 = CARTESIAN_POINT('',(72.050361740632,-86.90458262968,-7.5E-02));
#7402 = DIRECTION('',(0.,0.,1.));
#7403 = DIRECTION('',(0.965370158056,0.260883993252,-0.));
#7404 = ORIENTED_EDGE('',*,*,#7405,.T.);
#7405 = EDGE_CURVE('',#7397,#7406,#7408,.T.);
#7406 = VERTEX_POINT('',#7407);
#7407 = CARTESIAN_POINT('',(71.704735,-86.200057,-7.5E-02));
#7408 = LINE('',#7409,#7410);
#7409 = CARTESIAN_POINT('',(72.240753,-86.200057,-7.5E-02));
#7410 = VECTOR('',#7411,1.);
#7411 = DIRECTION('',(-1.,0.,0.));
#7412 = ORIENTED_EDGE('',*,*,#7413,.T.);
#7413 = EDGE_CURVE('',#7406,#7414,#7416,.T.);
#7414 = VERTEX_POINT('',#7415);
#7415 = CARTESIAN_POINT('',(71.476316,-86.314266,-7.5E-02));
#7416 = LINE('',#7417,#7418);
#7417 = CARTESIAN_POINT('',(71.704735,-86.200057,-7.5E-02));
#7418 = VECTOR('',#7419,1.);
#7419 = DIRECTION('',(-0.894427974145,-0.447212029206,0.));
#7420 = ORIENTED_EDGE('',*,*,#7421,.T.);
#7421 = EDGE_CURVE('',#7414,#7422,#7424,.T.);
#7422 = VERTEX_POINT('',#7423);
#7423 = CARTESIAN_POINT('',(71.476316,-87.935847,-7.5E-02));
#7424 = LINE('',#7425,#7426);
#7425 = CARTESIAN_POINT('',(71.476316,-86.314266,-7.5E-02));
#7426 = VECTOR('',#7427,1.);
#7427 = DIRECTION('',(0.,-1.,0.));
#7428 = ORIENTED_EDGE('',*,*,#7429,.T.);
#7429 = EDGE_CURVE('',#7422,#7430,#7432,.T.);
#7430 = VERTEX_POINT('',#7431);
#7431 = CARTESIAN_POINT('',(71.704735,-88.050057,-7.5E-02));
#7432 = LINE('',#7433,#7434);
#7433 = CARTESIAN_POINT('',(71.476316,-87.935847,-7.5E-02));
#7434 = VECTOR('',#7435,1.);
#7435 = DIRECTION('',(0.894426407853,-0.44721516179,0.));
#7436 = ORIENTED_EDGE('',*,*,#7437,.T.);
#7437 = EDGE_CURVE('',#7430,#7438,#7440,.T.);
#7438 = VERTEX_POINT('',#7439);
#7439 = CARTESIAN_POINT('',(72.240753,-88.050057,-7.5E-02));
#7440 = LINE('',#7441,#7442);
#7441 = CARTESIAN_POINT('',(71.704735,-88.050057,-7.5E-02));
#7442 = VECTOR('',#7443,1.);
#7443 = DIRECTION('',(1.,0.,0.));
#7444 = ORIENTED_EDGE('',*,*,#7445,.T.);
#7445 = EDGE_CURVE('',#7438,#7446,#7448,.T.);
#7446 = VERTEX_POINT('',#7447);
#7447 = CARTESIAN_POINT('',(72.754887,-87.535923,-7.5E-02));
#7448 = CIRCLE('',#7449,0.729801053726);
#7449 = AXIS2_PLACEMENT_3D('',#7450,#7451,#7452);
#7450 = CARTESIAN_POINT('',(72.050359,-87.345529,-7.5E-02));
#7451 = DIRECTION('',(0.,0.,1.));
#7452 = DIRECTION('',(0.26088479734,-0.965369940757,0.));
#7453 = ORIENTED_EDGE('',*,*,#7454,.T.);
#7454 = EDGE_CURVE('',#7446,#7395,#7455,.T.);
#7455 = LINE('',#7456,#7457);
#7456 = CARTESIAN_POINT('',(72.754887,-87.535923,-7.5E-02));
#7457 = VECTOR('',#7458,1.);
#7458 = DIRECTION('',(0.,1.,0.));
#7459 = PLANE('',#7460);
#7460 = AXIS2_PLACEMENT_3D('',#7461,#7462,#7463);
#7461 = CARTESIAN_POINT('',(0.,0.,-7.5E-02));
#7462 = DIRECTION('',(-0.,-0.,-1.));
#7463 = DIRECTION('',(-1.,0.,0.));
#7464 = SHELL_BASED_SURFACE_MODEL('',(#7465));
#7465 = OPEN_SHELL('',(#7466));
#7466 = ADVANCED_FACE('',(#7467),#7503,.T.);
#7467 = FACE_BOUND('',#7468,.T.);
#7468 = EDGE_LOOP('',(#7469,#7480,#7488,#7497));
#7469 = ORIENTED_EDGE('',*,*,#7470,.T.);
#7470 = EDGE_CURVE('',#7471,#7473,#7475,.T.);
#7471 = VERTEX_POINT('',#7472);
#7472 = CARTESIAN_POINT('',(48.470635,-88.810714,-7.5E-02));
#7473 = VERTEX_POINT('',#7474);
#7474 = CARTESIAN_POINT('',(48.33891,-88.880945,-7.5E-02));
#7475 = CIRCLE('',#7476,7.500002407749E-02);
#7476 = AXIS2_PLACEMENT_3D('',#7477,#7478,#7479);
#7477 = CARTESIAN_POINT('',(48.401314088889,-88.8393429171,-7.5E-02));
#7478 = DIRECTION('',(0.,0.,-1.));
#7479 = DIRECTION('',(0.92427851809,0.381718772131,0.));
#7480 = ORIENTED_EDGE('',*,*,#7481,.T.);
#7481 = EDGE_CURVE('',#7473,#7482,#7484,.T.);
#7482 = VERTEX_POINT('',#7483);
#7483 = CARTESIAN_POINT('',(45.760565,-85.010829,-7.5E-02));
#7484 = LINE('',#7485,#7486);
#7485 = CARTESIAN_POINT('',(48.33891,-88.880945,-7.5E-02));
#7486 = VECTOR('',#7487,1.);
#7487 = DIRECTION('',(-0.554442272796,0.832222185559,0.));
#7488 = ORIENTED_EDGE('',*,*,#7489,.T.);
#7489 = EDGE_CURVE('',#7482,#7490,#7492,.T.);
#7490 = VERTEX_POINT('',#7491);
#7491 = CARTESIAN_POINT('',(45.89229,-84.940597,-7.5E-02));
#7492 = CIRCLE('',#7493,7.500032842383E-02);
#7493 = AXIS2_PLACEMENT_3D('',#7494,#7495,#7496);
#7494 = CARTESIAN_POINT('',(45.829886286612,-84.98220019481,-7.5E-02));
#7495 = DIRECTION('',(0.,0.,-1.));
#7496 = DIRECTION('',(-0.924279774085,-0.381715730901,-0.));
#7497 = ORIENTED_EDGE('',*,*,#7498,.T.);
#7498 = EDGE_CURVE('',#7490,#7471,#7499,.T.);
#7499 = LINE('',#7500,#7501);
#7500 = CARTESIAN_POINT('',(45.89229,-84.940597,-7.5E-02));
#7501 = VECTOR('',#7502,1.);
#7502 = DIRECTION('',(0.554442173574,-0.832222251663,0.));
#7503 = PLANE('',#7504);
#7504 = AXIS2_PLACEMENT_3D('',#7505,#7506,#7507);
#7505 = CARTESIAN_POINT('',(0.,0.,-7.5E-02));
#7506 = DIRECTION('',(-0.,-0.,-1.));
#7507 = DIRECTION('',(-1.,0.,0.));
#7508 = SHELL_BASED_SURFACE_MODEL('',(#7509));
#7509 = OPEN_SHELL('',(#7510));
#7510 = ADVANCED_FACE('',(#7511),#7596,.T.);
#7511 = FACE_BOUND('',#7512,.T.);
#7512 = EDGE_LOOP('',(#7513,#7524,#7532,#7541,#7549,#7557,#7565,#7574,
    #7582,#7590));
#7513 = ORIENTED_EDGE('',*,*,#7514,.T.);
#7514 = EDGE_CURVE('',#7515,#7517,#7519,.T.);
#7515 = VERTEX_POINT('',#7516);
#7516 = CARTESIAN_POINT('',(10.928029,-86.064843,-7.5E-02));
#7517 = VERTEX_POINT('',#7518);
#7518 = CARTESIAN_POINT('',(11.043373,-86.150282,-7.5E-02));
#7519 = CIRCLE('',#7520,7.500015277709E-02);
#7520 = AXIS2_PLACEMENT_3D('',#7521,#7522,#7523);
#7521 = CARTESIAN_POINT('',(10.972741972275,-86.12505739219,-7.5E-02));
#7522 = DIRECTION('',(0.,0.,-1.));
#7523 = DIRECTION('',(-0.596171749251,0.802856927101,0.));
#7524 = ORIENTED_EDGE('',*,*,#7525,.T.);
#7525 = EDGE_CURVE('',#7517,#7526,#7528,.T.);
#7526 = VERTEX_POINT('',#7527);
#7527 = CARTESIAN_POINT('',(10.320281,-88.166367,-7.5E-02));
#7528 = LINE('',#7529,#7530);
#7529 = CARTESIAN_POINT('',(11.043373,-86.150282,-7.5E-02));
#7530 = VECTOR('',#7531,1.);
#7531 = DIRECTION('',(-0.337603837943,-0.941288291973,0.));
#7532 = ORIENTED_EDGE('',*,*,#7533,.T.);
#7533 = EDGE_CURVE('',#7526,#7534,#7536,.T.);
#7534 = VERTEX_POINT('',#7535);
#7535 = CARTESIAN_POINT('',(10.240189,-88.197799,-7.5E-02));
#7536 = CIRCLE('',#7537,7.271737678658E-02);
#7537 = AXIS2_PLACEMENT_3D('',#7538,#7539,#7540);
#7538 = CARTESIAN_POINT('',(10.258817157907,-88.12750811424,-7.5E-02));
#7539 = DIRECTION('',(0.,0.,-1.));
#7540 = DIRECTION('',(0.845242840288,-0.534382392059,0.));
#7541 = ORIENTED_EDGE('',*,*,#7542,.T.);
#7542 = EDGE_CURVE('',#7534,#7543,#7545,.T.);
#7543 = VERTEX_POINT('',#7544);
#7544 = CARTESIAN_POINT('',(10.213743,-88.185272,-7.5E-02));
#7545 = LINE('',#7546,#7547);
#7546 = CARTESIAN_POINT('',(10.240189,-88.197799,-7.5E-02));
#7547 = VECTOR('',#7548,1.);
#7548 = DIRECTION('',(-0.903738534722,0.428084875765,0.));
#7549 = ORIENTED_EDGE('',*,*,#7550,.T.);
#7550 = EDGE_CURVE('',#7543,#7551,#7553,.T.);
#7551 = VERTEX_POINT('',#7552);
#7552 = CARTESIAN_POINT('',(10.194104,-88.163577,-7.5E-02));
#7553 = LINE('',#7554,#7555);
#7554 = CARTESIAN_POINT('',(10.213743,-88.185272,-7.5E-02));
#7555 = VECTOR('',#7556,1.);
#7556 = DIRECTION('',(-0.671104784355,0.7413625081,0.));
#7557 = ORIENTED_EDGE('',*,*,#7558,.T.);
#7558 = EDGE_CURVE('',#7551,#7559,#7561,.T.);
#7559 = VERTEX_POINT('',#7560);
#7560 = CARTESIAN_POINT('',(9.469976,-86.136018,-7.5E-02));
#7561 = LINE('',#7562,#7563);
#7562 = CARTESIAN_POINT('',(10.194104,-88.163577,-7.5E-02));
#7563 = VECTOR('',#7564,1.);
#7564 = DIRECTION('',(-0.336336308728,0.94174194312,0.));
#7565 = ORIENTED_EDGE('',*,*,#7566,.T.);
#7566 = EDGE_CURVE('',#7559,#7567,#7569,.T.);
#7567 = VERTEX_POINT('',#7568);
#7568 = CARTESIAN_POINT('',(9.614802,-86.099832,-7.5E-02));
#7569 = CIRCLE('',#7570,7.500032123019E-02);
#7570 = AXIS2_PLACEMENT_3D('',#7571,#7572,#7573);
#7571 = CARTESIAN_POINT('',(9.544171123233,-86.12505753134,-7.5E-02));
#7572 = DIRECTION('',(0.,0.,-1.));
#7573 = DIRECTION('',(-0.989264072685,-0.146138956118,-0.));
#7574 = ORIENTED_EDGE('',*,*,#7575,.T.);
#7575 = EDGE_CURVE('',#7567,#7576,#7578,.T.);
#7576 = VERTEX_POINT('',#7577);
#7577 = CARTESIAN_POINT('',(10.258456,-87.902065,-7.5E-02));
#7578 = LINE('',#7579,#7580);
#7579 = CARTESIAN_POINT('',(9.614802,-86.099832,-7.5E-02));
#7580 = VECTOR('',#7581,1.);
#7581 = DIRECTION('',(0.336336099078,-0.941742017995,0.));
#7582 = ORIENTED_EDGE('',*,*,#7583,.T.);
#7583 = EDGE_CURVE('',#7576,#7584,#7586,.T.);
#7584 = VERTEX_POINT('',#7585);
#7585 = CARTESIAN_POINT('',(10.90839,-86.086537,-7.5E-02));
#7586 = LINE('',#7587,#7588);
#7587 = CARTESIAN_POINT('',(10.258456,-87.902065,-7.5E-02));
#7588 = VECTOR('',#7589,1.);
#7589 = DIRECTION('',(0.337040497,0.941490150443,0.));
#7590 = ORIENTED_EDGE('',*,*,#7591,.T.);
#7591 = EDGE_CURVE('',#7584,#7515,#7592,.T.);
#7592 = LINE('',#7593,#7594);
#7593 = CARTESIAN_POINT('',(10.90839,-86.086537,-7.5E-02));
#7594 = VECTOR('',#7595,1.);
#7595 = DIRECTION('',(0.671121786292,0.741347117054,0.));
#7596 = PLANE('',#7597);
#7597 = AXIS2_PLACEMENT_3D('',#7598,#7599,#7600);
#7598 = CARTESIAN_POINT('',(0.,0.,-7.5E-02));
#7599 = DIRECTION('',(-0.,-0.,-1.));
#7600 = DIRECTION('',(-1.,0.,0.));
#7601 = SHELL_BASED_SURFACE_MODEL('',(#7602));
#7602 = OPEN_SHELL('',(#7603));
#7603 = ADVANCED_FACE('',(#7604),#7748,.T.);
#7604 = FACE_BOUND('',#7605,.T.);
#7605 = EDGE_LOOP('',(#7606,#7617,#7625,#7633,#7641,#7649,#7657,#7666,
    #7674,#7683,#7691,#7699,#7708,#7716,#7725,#7733,#7741));
#7606 = ORIENTED_EDGE('',*,*,#7607,.T.);
#7607 = EDGE_CURVE('',#7608,#7610,#7612,.T.);
#7608 = VERTEX_POINT('',#7609);
#7609 = CARTESIAN_POINT('',(5.653488,-86.200832,-7.5E-02));
#7610 = VERTEX_POINT('',#7611);
#7611 = CARTESIAN_POINT('',(6.877169,-86.210162,-7.5E-02));
#7612 = CIRCLE('',#7613,1.0445465394);
#7613 = AXIS2_PLACEMENT_3D('',#7614,#7615,#7616);
#7614 = CARTESIAN_POINT('',(6.258873866308,-87.05205783715,-7.5E-02));
#7615 = DIRECTION('',(0.,0.,-1.));
#7616 = DIRECTION('',(-0.579568112548,0.814923801909,0.));
#7617 = ORIENTED_EDGE('',*,*,#7618,.T.);
#7618 = EDGE_CURVE('',#7610,#7619,#7621,.T.);
#7619 = VERTEX_POINT('',#7620);
#7620 = CARTESIAN_POINT('',(7.03586,-86.37093,-7.5E-02));
#7621 = LINE('',#7622,#7623);
#7622 = CARTESIAN_POINT('',(6.877169,-86.210162,-7.5E-02));
#7623 = VECTOR('',#7624,1.);
#7624 = DIRECTION('',(0.702494596436,-0.711689076759,0.));
#7625 = ORIENTED_EDGE('',*,*,#7626,.T.);
#7626 = EDGE_CURVE('',#7619,#7627,#7629,.T.);
#7627 = VERTEX_POINT('',#7628);
#7628 = CARTESIAN_POINT('',(7.189159,-86.681853,-7.5E-02));
#7629 = LINE('',#7630,#7631);
#7630 = CARTESIAN_POINT('',(7.03586,-86.37093,-7.5E-02));
#7631 = VECTOR('',#7632,1.);
#7632 = DIRECTION('',(0.442216164967,-0.896908503383,0.));
#7633 = ORIENTED_EDGE('',*,*,#7634,.T.);
#7634 = EDGE_CURVE('',#7627,#7635,#7637,.T.);
#7635 = VERTEX_POINT('',#7636);
#7636 = CARTESIAN_POINT('',(7.187937,-87.573437,-7.5E-02));
#7637 = LINE('',#7638,#7639);
#7638 = CARTESIAN_POINT('',(7.189159,-86.681853,-7.5E-02));
#7639 = VECTOR('',#7640,1.);
#7640 = DIRECTION('',(-1.370593070558E-03,-0.999999060737,0.));
#7641 = ORIENTED_EDGE('',*,*,#7642,.T.);
#7642 = EDGE_CURVE('',#7635,#7643,#7645,.T.);
#7643 = VERTEX_POINT('',#7644);
#7644 = CARTESIAN_POINT('',(7.030494,-87.886625,-7.5E-02));
#7645 = LINE('',#7646,#7647);
#7646 = CARTESIAN_POINT('',(7.187937,-87.573437,-7.5E-02));
#7647 = VECTOR('',#7648,1.);
#7648 = DIRECTION('',(-0.449150153931,-0.893456288368,0.));
#7649 = ORIENTED_EDGE('',*,*,#7650,.T.);
#7650 = EDGE_CURVE('',#7643,#7651,#7653,.T.);
#7651 = VERTEX_POINT('',#7652);
#7652 = CARTESIAN_POINT('',(6.869726,-88.045317,-7.5E-02));
#7653 = LINE('',#7654,#7655);
#7654 = CARTESIAN_POINT('',(7.030494,-87.886625,-7.5E-02));
#7655 = VECTOR('',#7656,1.);
#7656 = DIRECTION('',(-0.711686863545,-0.70249683861,0.));
#7657 = ORIENTED_EDGE('',*,*,#7658,.T.);
#7658 = EDGE_CURVE('',#7651,#7659,#7661,.T.);
#7659 = VERTEX_POINT('',#7660);
#7660 = CARTESIAN_POINT('',(5.641045,-88.04145,-7.5E-02));
#7661 = CIRCLE('',#7662,1.046113636656);
#7662 = AXIS2_PLACEMENT_3D('',#7663,#7664,#7665);
#7663 = CARTESIAN_POINT('',(6.258050351409,-87.19666710651,-7.5E-02));
#7664 = DIRECTION('',(-0.,0.,-1.));
#7665 = DIRECTION('',(0.584712431956,-0.811240637491,-0.));
#7666 = ORIENTED_EDGE('',*,*,#7667,.T.);
#7667 = EDGE_CURVE('',#7659,#7668,#7670,.T.);
#7668 = VERTEX_POINT('',#7669);
#7669 = CARTESIAN_POINT('',(5.621872,-88.019342,-7.5E-02));
#7670 = LINE('',#7671,#7672);
#7671 = CARTESIAN_POINT('',(5.641045,-88.04145,-7.5E-02));
#7672 = VECTOR('',#7673,1.);
#7673 = DIRECTION('',(-0.655178986933,0.755473689205,0.));
#7674 = ORIENTED_EDGE('',*,*,#7675,.T.);
#7675 = EDGE_CURVE('',#7668,#7676,#7678,.T.);
#7676 = VERTEX_POINT('',#7677);
#7677 = CARTESIAN_POINT('',(5.72057,-87.915118,-7.5E-02));
#7678 = CIRCLE('',#7679,7.499954050662E-02);
#7679 = AXIS2_PLACEMENT_3D('',#7680,#7681,#7682);
#7680 = CARTESIAN_POINT('',(5.687028288962,-87.9821991799,-7.5E-02));
#7681 = DIRECTION('',(0.,0.,-1.));
#7682 = DIRECTION('',(-0.868755841989,-0.495240635459,-0.));
#7683 = ORIENTED_EDGE('',*,*,#7684,.T.);
#7684 = EDGE_CURVE('',#7676,#7685,#7687,.T.);
#7685 = VERTEX_POINT('',#7686);
#7686 = CARTESIAN_POINT('',(5.990448,-88.050057,-7.5E-02));
#7687 = LINE('',#7688,#7689);
#7688 = CARTESIAN_POINT('',(5.72057,-87.915118,-7.5E-02));
#7689 = VECTOR('',#7690,1.);
#7690 = DIRECTION('',(0.894427191,-0.4472135955,0.));
#7691 = ORIENTED_EDGE('',*,*,#7692,.T.);
#7692 = EDGE_CURVE('',#7685,#7693,#7695,.T.);
#7693 = VERTEX_POINT('',#7694);
#7694 = CARTESIAN_POINT('',(6.526466,-88.050057,-7.5E-02));
#7695 = LINE('',#7696,#7697);
#7696 = CARTESIAN_POINT('',(5.990448,-88.050057,-7.5E-02));
#7697 = VECTOR('',#7698,1.);
#7698 = DIRECTION('',(1.,0.,0.));
#7699 = ORIENTED_EDGE('',*,*,#7700,.T.);
#7700 = EDGE_CURVE('',#7693,#7701,#7703,.T.);
#7701 = VERTEX_POINT('',#7702);
#7702 = CARTESIAN_POINT('',(7.0406,-87.535923,-7.5E-02));
#7703 = CIRCLE('',#7704,0.729801053726);
#7704 = AXIS2_PLACEMENT_3D('',#7705,#7706,#7707);
#7705 = CARTESIAN_POINT('',(6.336072,-87.345529,-7.5E-02));
#7706 = DIRECTION('',(0.,0.,1.));
#7707 = DIRECTION('',(0.26088479734,-0.965369940757,0.));
#7708 = ORIENTED_EDGE('',*,*,#7709,.T.);
#7709 = EDGE_CURVE('',#7701,#7710,#7712,.T.);
#7710 = VERTEX_POINT('',#7711);
#7711 = CARTESIAN_POINT('',(7.0406,-86.71419,-7.5E-02));
#7712 = LINE('',#7713,#7714);
#7713 = CARTESIAN_POINT('',(7.0406,-87.535923,-7.5E-02));
#7714 = VECTOR('',#7715,1.);
#7715 = DIRECTION('',(0.,1.,0.));
#7716 = ORIENTED_EDGE('',*,*,#7717,.T.);
#7717 = EDGE_CURVE('',#7710,#7718,#7720,.T.);
#7718 = VERTEX_POINT('',#7719);
#7719 = CARTESIAN_POINT('',(6.526466,-86.200057,-7.5E-02));
#7720 = CIRCLE('',#7721,0.729798050508);
#7721 = AXIS2_PLACEMENT_3D('',#7722,#7723,#7724);
#7722 = CARTESIAN_POINT('',(6.336074740632,-86.90458262968,-7.5E-02));
#7723 = DIRECTION('',(0.,0.,1.));
#7724 = DIRECTION('',(0.965370158056,0.260883993252,-0.));
#7725 = ORIENTED_EDGE('',*,*,#7726,.T.);
#7726 = EDGE_CURVE('',#7718,#7727,#7729,.T.);
#7727 = VERTEX_POINT('',#7728);
#7728 = CARTESIAN_POINT('',(5.990448,-86.200057,-7.5E-02));
#7729 = LINE('',#7730,#7731);
#7730 = CARTESIAN_POINT('',(6.526466,-86.200057,-7.5E-02));
#7731 = VECTOR('',#7732,1.);
#7732 = DIRECTION('',(-1.,0.,0.));
#7733 = ORIENTED_EDGE('',*,*,#7734,.T.);
#7734 = EDGE_CURVE('',#7727,#7735,#7737,.T.);
#7735 = VERTEX_POINT('',#7736);
#7736 = CARTESIAN_POINT('',(5.706838,-86.340251,-7.5E-02));
#7737 = LINE('',#7738,#7739);
#7738 = CARTESIAN_POINT('',(5.990448,-86.200057,-7.5E-02));
#7739 = VECTOR('',#7740,1.);
#7740 = DIRECTION('',(-0.89645477953,-0.443135225702,0.));
#7741 = ORIENTED_EDGE('',*,*,#7742,.T.);
#7742 = EDGE_CURVE('',#7735,#7608,#7743,.T.);
#7743 = CIRCLE('',#7744,7.500005272361E-02);
#7744 = AXIS2_PLACEMENT_3D('',#7745,#7746,#7747);
#7745 = CARTESIAN_POINT('',(5.68702855676,-86.26791432972,-7.5E-02));
#7746 = DIRECTION('',(0.,0.,-1.));
#7747 = DIRECTION('',(0.264125724196,-0.964488259036,0.));
#7748 = PLANE('',#7749);
#7749 = AXIS2_PLACEMENT_3D('',#7750,#7751,#7752);
#7750 = CARTESIAN_POINT('',(0.,0.,-7.5E-02));
#7751 = DIRECTION('',(-0.,-0.,-1.));
#7752 = DIRECTION('',(-1.,0.,0.));
#7753 = SHELL_BASED_SURFACE_MODEL('',(#7754));
#7754 = OPEN_SHELL('',(#7755));
#7755 = ADVANCED_FACE('',(#7756),#7808,.T.);
#7756 = FACE_BOUND('',#7757,.T.);
#7757 = EDGE_LOOP('',(#7758,#7769,#7777,#7786,#7794,#7802));
#7758 = ORIENTED_EDGE('',*,*,#7759,.T.);
#7759 = EDGE_CURVE('',#7760,#7762,#7764,.T.);
#7760 = VERTEX_POINT('',#7761);
#7761 = CARTESIAN_POINT('',(8.359646,-86.062697,-7.5E-02));
#7762 = VERTEX_POINT('',#7763);
#7763 = CARTESIAN_POINT('',(8.476314,-86.125057,-7.5E-02));
#7764 = CIRCLE('',#7765,7.500000000003E-02);
#7765 = AXIS2_PLACEMENT_3D('',#7766,#7767,#7768);
#7766 = CARTESIAN_POINT('',(8.401314,-86.12505706555,-7.5E-02));
#7767 = DIRECTION('',(0.,0.,-1.));
#7768 = DIRECTION('',(-0.555573333333,0.831467540731,0.));
#7769 = ORIENTED_EDGE('',*,*,#7770,.T.);
#7770 = EDGE_CURVE('',#7762,#7771,#7773,.T.);
#7771 = VERTEX_POINT('',#7772);
#7772 = CARTESIAN_POINT('',(8.474873,-88.139689,-7.5E-02));
#7773 = LINE('',#7774,#7775);
#7774 = CARTESIAN_POINT('',(8.476314,-86.125057,-7.5E-02));
#7775 = VECTOR('',#7776,1.);
#7776 = DIRECTION('',(-7.152669228857E-04,-0.999999744197,0.));
#7777 = ORIENTED_EDGE('',*,*,#7778,.T.);
#7778 = EDGE_CURVE('',#7771,#7779,#7781,.T.);
#7779 = VERTEX_POINT('',#7780);
#7780 = CARTESIAN_POINT('',(8.326314,-88.125057,-7.5E-02));
#7781 = CIRCLE('',#7782,7.500006711464E-02);
#7782 = AXIS2_PLACEMENT_3D('',#7783,#7784,#7785);
#7783 = CARTESIAN_POINT('',(8.401314067115,-88.12505706711,-7.5E-02));
#7784 = DIRECTION('',(-0.,0.,-1.));
#7785 = DIRECTION('',(0.980784894138,-0.195092263891,-0.));
#7786 = ORIENTED_EDGE('',*,*,#7787,.T.);
#7787 = EDGE_CURVE('',#7779,#7788,#7790,.T.);
#7788 = VERTEX_POINT('',#7789);
#7789 = CARTESIAN_POINT('',(8.327755,-86.110425,-7.5E-02));
#7790 = LINE('',#7791,#7792);
#7791 = CARTESIAN_POINT('',(8.326314,-88.125057,-7.5E-02));
#7792 = VECTOR('',#7793,1.);
#7793 = DIRECTION('',(7.152669228857E-04,0.999999744197,0.));
#7794 = ORIENTED_EDGE('',*,*,#7795,.T.);
#7795 = EDGE_CURVE('',#7788,#7796,#7798,.T.);
#7796 = VERTEX_POINT('',#7797);
#7797 = CARTESIAN_POINT('',(8.338954,-86.083389,-7.5E-02));
#7798 = LINE('',#7799,#7800);
#7799 = CARTESIAN_POINT('',(8.327755,-86.110425,-7.5E-02));
#7800 = VECTOR('',#7801,1.);
#7801 = DIRECTION('',(0.38269282806,0.923875640631,0.));
#7802 = ORIENTED_EDGE('',*,*,#7803,.T.);
#7803 = EDGE_CURVE('',#7796,#7760,#7804,.T.);
#7804 = LINE('',#7805,#7806);
#7805 = CARTESIAN_POINT('',(8.338954,-86.083389,-7.5E-02));
#7806 = VECTOR('',#7807,1.);
#7807 = DIRECTION('',(0.707106781187,0.707106781186,0.));
#7808 = PLANE('',#7809);
#7809 = AXIS2_PLACEMENT_3D('',#7810,#7811,#7812);
#7810 = CARTESIAN_POINT('',(0.,0.,-7.5E-02));
#7811 = DIRECTION('',(-0.,-0.,-1.));
#7812 = DIRECTION('',(-1.,0.,0.));
#7813 = SHELL_BASED_SURFACE_MODEL('',(#7814));
#7814 = OPEN_SHELL('',(#7815));
#7815 = ADVANCED_FACE('',(#7816,#7981),#8032,.T.);
#7816 = FACE_BOUND('',#7817,.T.);
#7817 = EDGE_LOOP('',(#7818,#7829,#7837,#7845,#7853,#7861,#7869,#7878,
    #7886,#7895,#7903,#7911,#7919,#7927,#7935,#7943,#7951,#7959,#7967,
    #7975));
#7818 = ORIENTED_EDGE('',*,*,#7819,.T.);
#7819 = EDGE_CURVE('',#7820,#7822,#7824,.T.);
#7820 = VERTEX_POINT('',#7821);
#7821 = CARTESIAN_POINT('',(12.082059,-86.200832,-7.5E-02));
#7822 = VERTEX_POINT('',#7823);
#7823 = CARTESIAN_POINT('',(13.304441,-86.208664,-7.5E-02));
#7824 = CIRCLE('',#7825,1.046544814171);
#7825 = AXIS2_PLACEMENT_3D('',#7826,#7827,#7828);
#7826 = CARTESIAN_POINT('',(12.687807091401,-87.05425176648,-7.5E-02));
#7827 = DIRECTION('',(0.,0.,-1.));
#7828 = DIRECTION('',(-0.578807599253,0.815464139645,0.));
#7829 = ORIENTED_EDGE('',*,*,#7830,.T.);
#7830 = EDGE_CURVE('',#7822,#7831,#7833,.T.);
#7831 = VERTEX_POINT('',#7832);
#7832 = CARTESIAN_POINT('',(13.325539,-86.234373,-7.5E-02));
#7833 = LINE('',#7834,#7835);
#7834 = CARTESIAN_POINT('',(13.304441,-86.208664,-7.5E-02));
#7835 = VECTOR('',#7836,1.);
#7836 = DIRECTION('',(0.634378352791,-0.773022706982,0.));
#7837 = ORIENTED_EDGE('',*,*,#7838,.T.);
#7838 = EDGE_CURVE('',#7831,#7839,#7841,.T.);
#7839 = VERTEX_POINT('',#7840);
#7840 = CARTESIAN_POINT('',(13.474873,-86.538996,-7.5E-02));
#7841 = LINE('',#7842,#7843);
#7842 = CARTESIAN_POINT('',(13.325539,-86.234373,-7.5E-02));
#7843 = VECTOR('',#7844,1.);
#7844 = DIRECTION('',(0.440178605812,-0.897910237711,0.));
#7845 = ORIENTED_EDGE('',*,*,#7846,.T.);
#7846 = EDGE_CURVE('',#7839,#7847,#7849,.T.);
#7847 = VERTEX_POINT('',#7848);
#7848 = CARTESIAN_POINT('',(13.473651,-87.716294,-7.5E-02));
#7849 = LINE('',#7850,#7851);
#7850 = CARTESIAN_POINT('',(13.474873,-86.538996,-7.5E-02));
#7851 = VECTOR('',#7852,1.);
#7852 = DIRECTION('',(-1.037969436558E-03,-0.99999946131,0.));
#7853 = ORIENTED_EDGE('',*,*,#7854,.T.);
#7854 = EDGE_CURVE('',#7847,#7855,#7857,.T.);
#7855 = VERTEX_POINT('',#7856);
#7856 = CARTESIAN_POINT('',(13.317707,-88.028184,-7.5E-02));
#7857 = LINE('',#7858,#7859);
#7858 = CARTESIAN_POINT('',(13.473651,-87.716294,-7.5E-02));
#7859 = VECTOR('',#7860,1.);
#7860 = DIRECTION('',(-0.447211301284,-0.894428338104,0.));
#7861 = ORIENTED_EDGE('',*,*,#7862,.T.);
#7862 = EDGE_CURVE('',#7855,#7863,#7865,.T.);
#7863 = VERTEX_POINT('',#7864);
#7864 = CARTESIAN_POINT('',(13.291998,-88.049282,-7.5E-02));
#7865 = LINE('',#7866,#7867);
#7866 = CARTESIAN_POINT('',(13.317707,-88.028184,-7.5E-02));
#7867 = VECTOR('',#7868,1.);
#7868 = DIRECTION('',(-0.773022706982,-0.634378352791,0.));
#7869 = ORIENTED_EDGE('',*,*,#7870,.T.);
#7870 = EDGE_CURVE('',#7863,#7871,#7873,.T.);
#7871 = VERTEX_POINT('',#7872);
#7872 = CARTESIAN_POINT('',(12.069616,-88.04145,-7.5E-02));
#7873 = CIRCLE('',#7874,1.044036862631);
#7874 = AXIS2_PLACEMENT_3D('',#7875,#7876,#7877);
#7875 = CARTESIAN_POINT('',(12.686230101092,-87.19895369682,-7.5E-02));
#7876 = DIRECTION('',(-0.,0.,-1.));
#7877 = DIRECTION('',(0.580216964161,-0.814461953991,-0.));
#7878 = ORIENTED_EDGE('',*,*,#7879,.T.);
#7879 = EDGE_CURVE('',#7871,#7880,#7882,.T.);
#7880 = VERTEX_POINT('',#7881);
#7881 = CARTESIAN_POINT('',(12.050443,-88.019342,-7.5E-02));
#7882 = LINE('',#7883,#7884);
#7883 = CARTESIAN_POINT('',(12.069616,-88.04145,-7.5E-02));
#7884 = VECTOR('',#7885,1.);
#7885 = DIRECTION('',(-0.655178986933,0.755473689205,0.));
#7886 = ORIENTED_EDGE('',*,*,#7887,.T.);
#7887 = EDGE_CURVE('',#7880,#7888,#7890,.T.);
#7888 = VERTEX_POINT('',#7889);
#7889 = CARTESIAN_POINT('',(12.149141,-87.915118,-7.5E-02));
#7890 = CIRCLE('',#7891,7.499954050662E-02);
#7891 = AXIS2_PLACEMENT_3D('',#7892,#7893,#7894);
#7892 = CARTESIAN_POINT('',(12.115599288962,-87.9821991799,-7.5E-02));
#7893 = DIRECTION('',(0.,0.,-1.));
#7894 = DIRECTION('',(-0.868755841989,-0.495240635459,-0.));
#7895 = ORIENTED_EDGE('',*,*,#7896,.T.);
#7896 = EDGE_CURVE('',#7888,#7897,#7899,.T.);
#7897 = VERTEX_POINT('',#7898);
#7898 = CARTESIAN_POINT('',(12.419019,-88.050057,-7.5E-02));
#7899 = LINE('',#7900,#7901);
#7900 = CARTESIAN_POINT('',(12.149141,-87.915118,-7.5E-02));
#7901 = VECTOR('',#7902,1.);
#7902 = DIRECTION('',(0.894427191,-0.4472135955,0.));
#7903 = ORIENTED_EDGE('',*,*,#7904,.T.);
#7904 = EDGE_CURVE('',#7897,#7905,#7907,.T.);
#7905 = VERTEX_POINT('',#7906);
#7906 = CARTESIAN_POINT('',(12.955038,-88.050057,-7.5E-02));
#7907 = LINE('',#7908,#7909);
#7908 = CARTESIAN_POINT('',(12.419019,-88.050057,-7.5E-02));
#7909 = VECTOR('',#7910,1.);
#7910 = DIRECTION('',(1.,0.,0.));
#7911 = ORIENTED_EDGE('',*,*,#7912,.T.);
#7912 = EDGE_CURVE('',#7905,#7913,#7915,.T.);
#7913 = VERTEX_POINT('',#7914);
#7914 = CARTESIAN_POINT('',(13.202555,-87.926298,-7.5E-02));
#7915 = LINE('',#7916,#7917);
#7916 = CARTESIAN_POINT('',(12.955038,-88.050057,-7.5E-02));
#7917 = VECTOR('',#7918,1.);
#7918 = DIRECTION('',(0.89442646828,0.447215040938,0.));
#7919 = ORIENTED_EDGE('',*,*,#7920,.T.);
#7920 = EDGE_CURVE('',#7913,#7921,#7923,.T.);
#7921 = VERTEX_POINT('',#7922);
#7922 = CARTESIAN_POINT('',(13.326314,-87.67878,-7.5E-02));
#7923 = LINE('',#7924,#7925);
#7924 = CARTESIAN_POINT('',(13.202555,-87.926298,-7.5E-02));
#7925 = VECTOR('',#7926,1.);
#7926 = DIRECTION('',(0.4472135955,0.894427191,0.));
#7927 = ORIENTED_EDGE('',*,*,#7928,.T.);
#7928 = EDGE_CURVE('',#7921,#7929,#7931,.T.);
#7929 = VERTEX_POINT('',#7930);
#7930 = CARTESIAN_POINT('',(13.326314,-87.186541,-7.5E-02));
#7931 = LINE('',#7932,#7933);
#7932 = CARTESIAN_POINT('',(13.326314,-87.67878,-7.5E-02));
#7933 = VECTOR('',#7934,1.);
#7934 = DIRECTION('',(0.,1.,0.));
#7935 = ORIENTED_EDGE('',*,*,#7936,.T.);
#7936 = EDGE_CURVE('',#7929,#7937,#7939,.T.);
#7937 = VERTEX_POINT('',#7938);
#7938 = CARTESIAN_POINT('',(11.943969,-86.908603,-7.5E-02));
#7939 = LINE('',#7940,#7941);
#7940 = CARTESIAN_POINT('',(13.326314,-87.186541,-7.5E-02));
#7941 = VECTOR('',#7942,1.);
#7942 = DIRECTION('',(-0.980379810748,0.197117798986,0.));
#7943 = ORIENTED_EDGE('',*,*,#7944,.T.);
#7944 = EDGE_CURVE('',#7937,#7945,#7947,.T.);
#7945 = VERTEX_POINT('',#7946);
#7946 = CARTESIAN_POINT('',(11.910383,-86.88101,-7.5E-02));
#7947 = LINE('',#7948,#7949);
#7948 = CARTESIAN_POINT('',(11.943969,-86.908603,-7.5E-02));
#7949 = VECTOR('',#7950,1.);
#7950 = DIRECTION('',(-0.772675474414,0.634801237584,0.));
#7951 = ORIENTED_EDGE('',*,*,#7952,.T.);
#7952 = EDGE_CURVE('',#7945,#7953,#7955,.T.);
#7953 = VERTEX_POINT('',#7954);
#7954 = CARTESIAN_POINT('',(11.897743,-86.839342,-7.5E-02));
#7955 = LINE('',#7956,#7957);
#7956 = CARTESIAN_POINT('',(11.910383,-86.88101,-7.5E-02));
#7957 = VECTOR('',#7958,1.);
#7958 = DIRECTION('',(-0.29028783999,0.956939376321,0.));
#7959 = ORIENTED_EDGE('',*,*,#7960,.T.);
#7960 = EDGE_CURVE('',#7953,#7961,#7963,.T.);
#7961 = VERTEX_POINT('',#7962);
#7962 = CARTESIAN_POINT('',(11.900406,-86.533819,-7.5E-02));
#7963 = LINE('',#7964,#7965);
#7964 = CARTESIAN_POINT('',(11.897743,-86.839342,-7.5E-02));
#7965 = VECTOR('',#7966,1.);
#7966 = DIRECTION('',(8.715870323424E-03,0.999962016081,0.));
#7967 = ORIENTED_EDGE('',*,*,#7968,.T.);
#7968 = EDGE_CURVE('',#7961,#7969,#7971,.T.);
#7969 = VERTEX_POINT('',#7970);
#7970 = CARTESIAN_POINT('',(12.05635,-86.22193,-7.5E-02));
#7971 = LINE('',#7972,#7973);
#7972 = CARTESIAN_POINT('',(11.900406,-86.533819,-7.5E-02));
#7973 = VECTOR('',#7974,1.);
#7974 = DIRECTION('',(0.447212448389,0.894427764554,0.));
#7975 = ORIENTED_EDGE('',*,*,#7976,.T.);
#7976 = EDGE_CURVE('',#7969,#7820,#7977,.T.);
#7977 = LINE('',#7978,#7979);
#7978 = CARTESIAN_POINT('',(12.05635,-86.22193,-7.5E-02));
#7979 = VECTOR('',#7980,1.);
#7980 = DIRECTION('',(0.773022706982,0.634378352791,0.));
#7981 = FACE_BOUND('',#7982,.T.);
#7982 = EDGE_LOOP('',(#7983,#7994,#8002,#8010,#8018,#8026));
#7983 = ORIENTED_EDGE('',*,*,#7984,.T.);
#7984 = EDGE_CURVE('',#7985,#7987,#7989,.T.);
#7985 = VERTEX_POINT('',#7986);
#7986 = CARTESIAN_POINT('',(13.202555,-86.323815,-7.5E-02));
#7987 = VERTEX_POINT('',#7988);
#7988 = CARTESIAN_POINT('',(12.171501,-86.323815,-7.5E-02));
#7989 = CIRCLE('',#7990,0.886885590885);
#7990 = AXIS2_PLACEMENT_3D('',#7991,#7992,#7993);
#7991 = CARTESIAN_POINT('',(12.687028,-87.04547833119,-7.5E-02));
#7992 = DIRECTION('',(0.,0.,1.));
#7993 = DIRECTION('',(0.581277906979,0.813705103129,-0.));
#7994 = ORIENTED_EDGE('',*,*,#7995,.T.);
#7995 = EDGE_CURVE('',#7987,#7996,#7998,.T.);
#7996 = VERTEX_POINT('',#7997);
#7997 = CARTESIAN_POINT('',(12.047743,-86.571333,-7.5E-02));
#7998 = LINE('',#7999,#8000);
#7999 = CARTESIAN_POINT('',(12.171501,-86.323815,-7.5E-02));
#8000 = VECTOR('',#8001,1.);
#8001 = DIRECTION('',(-0.447210704625,-0.894428636431,0.));
#8002 = ORIENTED_EDGE('',*,*,#8003,.T.);
#8003 = EDGE_CURVE('',#7996,#8004,#8006,.T.);
#8004 = VERTEX_POINT('',#8005);
#8005 = CARTESIAN_POINT('',(12.047743,-86.777856,-7.5E-02));
#8006 = LINE('',#8007,#8008);
#8007 = CARTESIAN_POINT('',(12.047743,-86.571333,-7.5E-02));
#8008 = VECTOR('',#8009,1.);
#8009 = DIRECTION('',(0.,-1.,0.));
#8010 = ORIENTED_EDGE('',*,*,#8011,.T.);
#8011 = EDGE_CURVE('',#8004,#8012,#8014,.T.);
#8012 = VERTEX_POINT('',#8013);
#8013 = CARTESIAN_POINT('',(13.326314,-87.033571,-7.5E-02));
#8014 = LINE('',#8015,#8016);
#8015 = CARTESIAN_POINT('',(12.047743,-86.777856,-7.5E-02));
#8016 = VECTOR('',#8017,1.);
#8017 = DIRECTION('',(0.980580557701,-0.196116725088,0.));
#8018 = ORIENTED_EDGE('',*,*,#8019,.T.);
#8019 = EDGE_CURVE('',#8012,#8020,#8022,.T.);
#8020 = VERTEX_POINT('',#8021);
#8021 = CARTESIAN_POINT('',(13.326314,-86.571333,-7.5E-02));
#8022 = LINE('',#8023,#8024);
#8023 = CARTESIAN_POINT('',(13.326314,-87.033571,-7.5E-02));
#8024 = VECTOR('',#8025,1.);
#8025 = DIRECTION('',(0.,1.,0.));
#8026 = ORIENTED_EDGE('',*,*,#8027,.T.);
#8027 = EDGE_CURVE('',#8020,#7985,#8028,.T.);
#8028 = LINE('',#8029,#8030);
#8029 = CARTESIAN_POINT('',(13.326314,-86.571333,-7.5E-02));
#8030 = VECTOR('',#8031,1.);
#8031 = DIRECTION('',(-0.4472135955,0.894427191,0.));
#8032 = PLANE('',#8033);
#8033 = AXIS2_PLACEMENT_3D('',#8034,#8035,#8036);
#8034 = CARTESIAN_POINT('',(0.,0.,-7.5E-02));
#8035 = DIRECTION('',(-0.,-0.,-1.));
#8036 = DIRECTION('',(-1.,0.,0.));
#8037 = SHELL_BASED_SURFACE_MODEL('',(#8038));
#8038 = OPEN_SHELL('',(#8039));
#8039 = ADVANCED_FACE('',(#8040),#8092,.T.);
#8040 = FACE_BOUND('',#8041,.T.);
#8041 = EDGE_LOOP('',(#8042,#8053,#8061,#8070,#8078,#8086));
#8042 = ORIENTED_EDGE('',*,*,#8043,.T.);
#8043 = EDGE_CURVE('',#8044,#8046,#8048,.T.);
#8044 = VERTEX_POINT('',#8045);
#8045 = CARTESIAN_POINT('',(16.073931,-86.062697,-7.5E-02));
#8046 = VERTEX_POINT('',#8047);
#8047 = CARTESIAN_POINT('',(16.190599,-86.125057,-7.5E-02));
#8048 = CIRCLE('',#8049,7.500000000002E-02);
#8049 = AXIS2_PLACEMENT_3D('',#8050,#8051,#8052);
#8050 = CARTESIAN_POINT('',(16.115599,-86.12505706555,-7.5E-02));
#8051 = DIRECTION('',(0.,0.,-1.));
#8052 = DIRECTION('',(-0.555573333333,0.831467540731,0.));
#8053 = ORIENTED_EDGE('',*,*,#8054,.T.);
#8054 = EDGE_CURVE('',#8046,#8055,#8057,.T.);
#8055 = VERTEX_POINT('',#8056);
#8056 = CARTESIAN_POINT('',(16.189158,-88.139689,-7.5E-02));
#8057 = LINE('',#8058,#8059);
#8058 = CARTESIAN_POINT('',(16.190599,-86.125057,-7.5E-02));
#8059 = VECTOR('',#8060,1.);
#8060 = DIRECTION('',(-7.152669228857E-04,-0.999999744197,0.));
#8061 = ORIENTED_EDGE('',*,*,#8062,.T.);
#8062 = EDGE_CURVE('',#8055,#8063,#8065,.T.);
#8063 = VERTEX_POINT('',#8064);
#8064 = CARTESIAN_POINT('',(16.040599,-88.125057,-7.5E-02));
#8065 = CIRCLE('',#8066,7.500006711464E-02);
#8066 = AXIS2_PLACEMENT_3D('',#8067,#8068,#8069);
#8067 = CARTESIAN_POINT('',(16.115599067115,-88.12505706711,-7.5E-02));
#8068 = DIRECTION('',(-0.,0.,-1.));
#8069 = DIRECTION('',(0.980784894138,-0.195092263891,-0.));
#8070 = ORIENTED_EDGE('',*,*,#8071,.T.);
#8071 = EDGE_CURVE('',#8063,#8072,#8074,.T.);
#8072 = VERTEX_POINT('',#8073);
#8073 = CARTESIAN_POINT('',(16.04204,-86.110425,-7.5E-02));
#8074 = LINE('',#8075,#8076);
#8075 = CARTESIAN_POINT('',(16.040599,-88.125057,-7.5E-02));
#8076 = VECTOR('',#8077,1.);
#8077 = DIRECTION('',(7.152669228857E-04,0.999999744197,0.));
#8078 = ORIENTED_EDGE('',*,*,#8079,.T.);
#8079 = EDGE_CURVE('',#8072,#8080,#8082,.T.);
#8080 = VERTEX_POINT('',#8081);
#8081 = CARTESIAN_POINT('',(16.053239,-86.083389,-7.5E-02));
#8082 = LINE('',#8083,#8084);
#8083 = CARTESIAN_POINT('',(16.04204,-86.110425,-7.5E-02));
#8084 = VECTOR('',#8085,1.);
#8085 = DIRECTION('',(0.38269282806,0.923875640631,0.));
#8086 = ORIENTED_EDGE('',*,*,#8087,.T.);
#8087 = EDGE_CURVE('',#8080,#8044,#8088,.T.);
#8088 = LINE('',#8089,#8090);
#8089 = CARTESIAN_POINT('',(16.053239,-86.083389,-7.5E-02));
#8090 = VECTOR('',#8091,1.);
#8091 = DIRECTION('',(0.707106781187,0.707106781186,0.));
#8092 = PLANE('',#8093);
#8093 = AXIS2_PLACEMENT_3D('',#8094,#8095,#8096);
#8094 = CARTESIAN_POINT('',(0.,0.,-7.5E-02));
#8095 = DIRECTION('',(-0.,-0.,-1.));
#8096 = DIRECTION('',(-1.,0.,0.));
#8097 = SHELL_BASED_SURFACE_MODEL('',(#8098));
#8098 = OPEN_SHELL('',(#8099));
#8099 = ADVANCED_FACE('',(#8100),#8362,.T.);
#8100 = FACE_BOUND('',#8101,.T.);
#8101 = EDGE_LOOP('',(#8102,#8113,#8121,#8129,#8137,#8145,#8153,#8161,
    #8169,#8177,#8185,#8193,#8201,#8210,#8218,#8226,#8234,#8243,#8251,
    #8259,#8267,#8275,#8283,#8291,#8299,#8307,#8315,#8323,#8331,#8340,
    #8348,#8356));
#8102 = ORIENTED_EDGE('',*,*,#8103,.T.);
#8103 = EDGE_CURVE('',#8104,#8106,#8108,.T.);
#8104 = VERTEX_POINT('',#8105);
#8105 = CARTESIAN_POINT('',(17.563979,-86.340251,-7.5E-02));
#8106 = VERTEX_POINT('',#8107);
#8107 = CARTESIAN_POINT('',(17.510629,-86.200832,-7.5E-02));
#8108 = CIRCLE('',#8109,7.500005272361E-02);
#8109 = AXIS2_PLACEMENT_3D('',#8110,#8111,#8112);
#8110 = CARTESIAN_POINT('',(17.54416955676,-86.26791432972,-7.5E-02));
#8111 = DIRECTION('',(0.,0.,-1.));
#8112 = DIRECTION('',(0.264125724196,-0.964488259036,0.));
#8113 = ORIENTED_EDGE('',*,*,#8114,.T.);
#8114 = EDGE_CURVE('',#8106,#8115,#8117,.T.);
#8115 = VERTEX_POINT('',#8116);
#8116 = CARTESIAN_POINT('',(17.815252,-86.051498,-7.5E-02));
#8117 = LINE('',#8118,#8119);
#8118 = CARTESIAN_POINT('',(17.510629,-86.200832,-7.5E-02));
#8119 = VECTOR('',#8120,1.);
#8120 = DIRECTION('',(0.897910237711,0.440178605812,0.));
#8121 = ORIENTED_EDGE('',*,*,#8122,.T.);
#8122 = EDGE_CURVE('',#8115,#8123,#8125,.T.);
#8123 = VERTEX_POINT('',#8124);
#8124 = CARTESIAN_POINT('',(18.273088,-86.051498,-7.5E-02));
#8125 = LINE('',#8126,#8127);
#8126 = CARTESIAN_POINT('',(17.815252,-86.051498,-7.5E-02));
#8127 = VECTOR('',#8128,1.);
#8128 = DIRECTION('',(1.,0.,0.));
#8129 = ORIENTED_EDGE('',*,*,#8130,.T.);
#8130 = EDGE_CURVE('',#8123,#8131,#8133,.T.);
#8131 = VERTEX_POINT('',#8132);
#8132 = CARTESIAN_POINT('',(18.590154,-86.208664,-7.5E-02));
#8133 = LINE('',#8134,#8135);
#8134 = CARTESIAN_POINT('',(18.273088,-86.051498,-7.5E-02));
#8135 = VECTOR('',#8136,1.);
#8136 = DIRECTION('',(0.89596700311,-0.444120624762,0.));
#8137 = ORIENTED_EDGE('',*,*,#8138,.T.);
#8138 = EDGE_CURVE('',#8131,#8139,#8141,.T.);
#8139 = VERTEX_POINT('',#8140);
#8140 = CARTESIAN_POINT('',(18.611252,-86.234373,-7.5E-02));
#8141 = LINE('',#8142,#8143);
#8142 = CARTESIAN_POINT('',(18.590154,-86.208664,-7.5E-02));
#8143 = VECTOR('',#8144,1.);
#8144 = DIRECTION('',(0.634378352791,-0.773022706982,0.));
#8145 = ORIENTED_EDGE('',*,*,#8146,.T.);
#8146 = EDGE_CURVE('',#8139,#8147,#8149,.T.);
#8147 = VERTEX_POINT('',#8148);
#8148 = CARTESIAN_POINT('',(18.760586,-86.538996,-7.5E-02));
#8149 = LINE('',#8150,#8151);
#8150 = CARTESIAN_POINT('',(18.611252,-86.234373,-7.5E-02));
#8151 = VECTOR('',#8152,1.);
#8152 = DIRECTION('',(0.440178605812,-0.897910237711,0.));
#8153 = ORIENTED_EDGE('',*,*,#8154,.T.);
#8154 = EDGE_CURVE('',#8147,#8155,#8157,.T.);
#8155 = VERTEX_POINT('',#8156);
#8156 = CARTESIAN_POINT('',(18.759364,-86.716294,-7.5E-02));
#8157 = LINE('',#8158,#8159);
#8158 = CARTESIAN_POINT('',(18.760586,-86.538996,-7.5E-02));
#8159 = VECTOR('',#8160,1.);
#8160 = DIRECTION('',(-6.892187028528E-03,-0.999976248597,0.));
#8161 = ORIENTED_EDGE('',*,*,#8162,.T.);
#8162 = EDGE_CURVE('',#8155,#8163,#8165,.T.);
#8163 = VERTEX_POINT('',#8164);
#8164 = CARTESIAN_POINT('',(18.60342,-87.028184,-7.5E-02));
#8165 = LINE('',#8166,#8167);
#8166 = CARTESIAN_POINT('',(18.759364,-86.716294,-7.5E-02));
#8167 = VECTOR('',#8168,1.);
#8168 = DIRECTION('',(-0.447211301284,-0.894428338104,0.));
#8169 = ORIENTED_EDGE('',*,*,#8170,.T.);
#8170 = EDGE_CURVE('',#8163,#8171,#8173,.T.);
#8171 = VERTEX_POINT('',#8172);
#8172 = CARTESIAN_POINT('',(18.577711,-87.049282,-7.5E-02));
#8173 = LINE('',#8174,#8175);
#8174 = CARTESIAN_POINT('',(18.60342,-87.028184,-7.5E-02));
#8175 = VECTOR('',#8176,1.);
#8176 = DIRECTION('',(-0.773022706982,-0.634378352791,0.));
#8177 = ORIENTED_EDGE('',*,*,#8178,.T.);
#8178 = EDGE_CURVE('',#8171,#8179,#8181,.T.);
#8179 = VERTEX_POINT('',#8180);
#8180 = CARTESIAN_POINT('',(18.273088,-87.198616,-7.5E-02));
#8181 = LINE('',#8182,#8183);
#8182 = CARTESIAN_POINT('',(18.577711,-87.049282,-7.5E-02));
#8183 = VECTOR('',#8184,1.);
#8184 = DIRECTION('',(-0.897910237711,-0.440178605812,0.));
#8185 = ORIENTED_EDGE('',*,*,#8186,.T.);
#8186 = EDGE_CURVE('',#8179,#8187,#8189,.T.);
#8187 = VERTEX_POINT('',#8188);
#8188 = CARTESIAN_POINT('',(17.847589,-87.200057,-7.5E-02));
#8189 = LINE('',#8190,#8191);
#8190 = CARTESIAN_POINT('',(18.273088,-87.198616,-7.5E-02));
#8191 = VECTOR('',#8192,1.);
#8192 = DIRECTION('',(-0.999994265479,-3.386592533837E-03,0.));
#8193 = ORIENTED_EDGE('',*,*,#8194,.T.);
#8194 = EDGE_CURVE('',#8187,#8195,#8197,.T.);
#8195 = VERTEX_POINT('',#8196);
#8196 = CARTESIAN_POINT('',(17.600071,-87.323815,-7.5E-02));
#8197 = LINE('',#8198,#8199);
#8198 = CARTESIAN_POINT('',(17.847589,-87.200057,-7.5E-02));
#8199 = VECTOR('',#8200,1.);
#8200 = DIRECTION('',(-0.894428636431,-0.447210704625,0.));
#8201 = ORIENTED_EDGE('',*,*,#8202,.T.);
#8202 = EDGE_CURVE('',#8195,#8203,#8205,.T.);
#8203 = VERTEX_POINT('',#8204);
#8204 = CARTESIAN_POINT('',(17.600071,-87.926298,-7.5E-02));
#8205 = CIRCLE('',#8206,0.420294570505);
#8206 = AXIS2_PLACEMENT_3D('',#8207,#8208,#8209);
#8207 = CARTESIAN_POINT('',(17.893159868219,-87.6250565,-7.5E-02));
#8208 = DIRECTION('',(0.,0.,1.));
#8209 = DIRECTION('',(-0.697341552299,0.716738975805,0.));
#8210 = ORIENTED_EDGE('',*,*,#8211,.T.);
#8211 = EDGE_CURVE('',#8203,#8212,#8214,.T.);
#8212 = VERTEX_POINT('',#8213);
#8213 = CARTESIAN_POINT('',(17.847589,-88.050057,-7.5E-02));
#8214 = LINE('',#8215,#8216);
#8215 = CARTESIAN_POINT('',(17.600071,-87.926298,-7.5E-02));
#8216 = VECTOR('',#8217,1.);
#8217 = DIRECTION('',(0.894427191,-0.4472135955,0.));
#8218 = ORIENTED_EDGE('',*,*,#8219,.T.);
#8219 = EDGE_CURVE('',#8212,#8220,#8222,.T.);
#8220 = VERTEX_POINT('',#8221);
#8221 = CARTESIAN_POINT('',(18.383608,-88.050057,-7.5E-02));
#8222 = LINE('',#8223,#8224);
#8223 = CARTESIAN_POINT('',(17.847589,-88.050057,-7.5E-02));
#8224 = VECTOR('',#8225,1.);
#8225 = DIRECTION('',(1.,0.,0.));
#8226 = ORIENTED_EDGE('',*,*,#8227,.T.);
#8227 = EDGE_CURVE('',#8220,#8228,#8230,.T.);
#8228 = VERTEX_POINT('',#8229);
#8229 = CARTESIAN_POINT('',(18.667218,-87.909863,-7.5E-02));
#8230 = LINE('',#8231,#8232);
#8231 = CARTESIAN_POINT('',(18.383608,-88.050057,-7.5E-02));
#8232 = VECTOR('',#8233,1.);
#8233 = DIRECTION('',(0.89645477953,0.443135225702,0.));
#8234 = ORIENTED_EDGE('',*,*,#8235,.T.);
#8235 = EDGE_CURVE('',#8228,#8236,#8238,.T.);
#8236 = VERTEX_POINT('',#8237);
#8237 = CARTESIAN_POINT('',(18.720568,-88.049282,-7.5E-02));
#8238 = CIRCLE('',#8239,7.500005272362E-02);
#8239 = AXIS2_PLACEMENT_3D('',#8240,#8241,#8242);
#8240 = CARTESIAN_POINT('',(18.68702744324,-87.98219967027,-7.5E-02));
#8241 = DIRECTION('',(0.,0.,-1.));
#8242 = DIRECTION('',(-0.264125724196,0.964488259036,-0.));
#8243 = ORIENTED_EDGE('',*,*,#8244,.T.);
#8244 = EDGE_CURVE('',#8236,#8245,#8247,.T.);
#8245 = VERTEX_POINT('',#8246);
#8246 = CARTESIAN_POINT('',(18.415945,-88.198616,-7.5E-02));
#8247 = LINE('',#8248,#8249);
#8248 = CARTESIAN_POINT('',(18.720568,-88.049282,-7.5E-02));
#8249 = VECTOR('',#8250,1.);
#8250 = DIRECTION('',(-0.897910237711,-0.440178605812,0.));
#8251 = ORIENTED_EDGE('',*,*,#8252,.T.);
#8252 = EDGE_CURVE('',#8245,#8253,#8255,.T.);
#8253 = VERTEX_POINT('',#8254);
#8254 = CARTESIAN_POINT('',(17.810075,-88.197394,-7.5E-02));
#8255 = LINE('',#8256,#8257);
#8256 = CARTESIAN_POINT('',(18.415945,-88.198616,-7.5E-02));
#8257 = VECTOR('',#8258,1.);
#8258 = DIRECTION('',(-0.999997965994,2.016930223387E-03,0.));
#8259 = ORIENTED_EDGE('',*,*,#8260,.T.);
#8260 = EDGE_CURVE('',#8253,#8261,#8263,.T.);
#8261 = VERTEX_POINT('',#8262);
#8262 = CARTESIAN_POINT('',(17.498186,-88.04145,-7.5E-02));
#8263 = LINE('',#8264,#8265);
#8264 = CARTESIAN_POINT('',(17.810075,-88.197394,-7.5E-02));
#8265 = VECTOR('',#8266,1.);
#8266 = DIRECTION('',(-0.894427764554,0.447212448389,0.));
#8267 = ORIENTED_EDGE('',*,*,#8268,.T.);
#8268 = EDGE_CURVE('',#8261,#8269,#8271,.T.);
#8269 = VERTEX_POINT('',#8270);
#8270 = CARTESIAN_POINT('',(17.477088,-88.015741,-7.5E-02));
#8271 = LINE('',#8272,#8273);
#8272 = CARTESIAN_POINT('',(17.498186,-88.04145,-7.5E-02));
#8273 = VECTOR('',#8274,1.);
#8274 = DIRECTION('',(-0.634378352791,0.773022706982,0.));
#8275 = ORIENTED_EDGE('',*,*,#8276,.T.);
#8276 = EDGE_CURVE('',#8269,#8277,#8279,.T.);
#8277 = VERTEX_POINT('',#8278);
#8278 = CARTESIAN_POINT('',(17.327754,-87.711117,-7.5E-02));
#8279 = LINE('',#8280,#8281);
#8280 = CARTESIAN_POINT('',(17.477088,-88.015741,-7.5E-02));
#8281 = VECTOR('',#8282,1.);
#8282 = DIRECTION('',(-0.440177440798,0.897910808829,0.));
#8283 = ORIENTED_EDGE('',*,*,#8284,.T.);
#8284 = EDGE_CURVE('',#8277,#8285,#8287,.T.);
#8285 = VERTEX_POINT('',#8286);
#8286 = CARTESIAN_POINT('',(17.328976,-87.533819,-7.5E-02));
#8287 = LINE('',#8288,#8289);
#8288 = CARTESIAN_POINT('',(17.327754,-87.711117,-7.5E-02));
#8289 = VECTOR('',#8290,1.);
#8290 = DIRECTION('',(6.892187028548E-03,0.999976248597,0.));
#8291 = ORIENTED_EDGE('',*,*,#8292,.T.);
#8292 = EDGE_CURVE('',#8285,#8293,#8295,.T.);
#8293 = VERTEX_POINT('',#8294);
#8294 = CARTESIAN_POINT('',(17.48492,-87.22193,-7.5E-02));
#8295 = LINE('',#8296,#8297);
#8296 = CARTESIAN_POINT('',(17.328976,-87.533819,-7.5E-02));
#8297 = VECTOR('',#8298,1.);
#8298 = DIRECTION('',(0.447212448389,0.894427764554,0.));
#8299 = ORIENTED_EDGE('',*,*,#8300,.T.);
#8300 = EDGE_CURVE('',#8293,#8301,#8303,.T.);
#8301 = VERTEX_POINT('',#8302);
#8302 = CARTESIAN_POINT('',(17.510629,-87.200832,-7.5E-02));
#8303 = LINE('',#8304,#8305);
#8304 = CARTESIAN_POINT('',(17.48492,-87.22193,-7.5E-02));
#8305 = VECTOR('',#8306,1.);
#8306 = DIRECTION('',(0.773022706982,0.634378352791,0.));
#8307 = ORIENTED_EDGE('',*,*,#8308,.T.);
#8308 = EDGE_CURVE('',#8301,#8309,#8311,.T.);
#8309 = VERTEX_POINT('',#8310);
#8310 = CARTESIAN_POINT('',(17.815252,-87.051498,-7.5E-02));
#8311 = LINE('',#8312,#8313);
#8312 = CARTESIAN_POINT('',(17.510629,-87.200832,-7.5E-02));
#8313 = VECTOR('',#8314,1.);
#8314 = DIRECTION('',(0.897910237711,0.440178605812,0.));
#8315 = ORIENTED_EDGE('',*,*,#8316,.T.);
#8316 = EDGE_CURVE('',#8309,#8317,#8319,.T.);
#8317 = VERTEX_POINT('',#8318);
#8318 = CARTESIAN_POINT('',(18.240751,-87.050057,-7.5E-02));
#8319 = LINE('',#8320,#8321);
#8320 = CARTESIAN_POINT('',(17.815252,-87.051498,-7.5E-02));
#8321 = VECTOR('',#8322,1.);
#8322 = DIRECTION('',(0.999994265479,3.386592533837E-03,0.));
#8323 = ORIENTED_EDGE('',*,*,#8324,.T.);
#8324 = EDGE_CURVE('',#8317,#8325,#8327,.T.);
#8325 = VERTEX_POINT('',#8326);
#8326 = CARTESIAN_POINT('',(18.488268,-86.926298,-7.5E-02));
#8327 = LINE('',#8328,#8329);
#8328 = CARTESIAN_POINT('',(18.240751,-87.050057,-7.5E-02));
#8329 = VECTOR('',#8330,1.);
#8330 = DIRECTION('',(0.89442646828,0.447215040938,0.));
#8331 = ORIENTED_EDGE('',*,*,#8332,.T.);
#8332 = EDGE_CURVE('',#8325,#8333,#8335,.T.);
#8333 = VERTEX_POINT('',#8334);
#8334 = CARTESIAN_POINT('',(18.488268,-86.323815,-7.5E-02));
#8335 = CIRCLE('',#8336,0.420292221713);
#8336 = AXIS2_PLACEMENT_3D('',#8337,#8338,#8339);
#8337 = CARTESIAN_POINT('',(18.1951825,-86.6250565,-7.5E-02));
#8338 = DIRECTION('',(0.,-0.,1.));
#8339 = DIRECTION('',(0.697337435381,-0.716742981281,-0.));
#8340 = ORIENTED_EDGE('',*,*,#8341,.T.);
#8341 = EDGE_CURVE('',#8333,#8342,#8344,.T.);
#8342 = VERTEX_POINT('',#8343);
#8343 = CARTESIAN_POINT('',(18.240751,-86.200057,-7.5E-02));
#8344 = LINE('',#8345,#8346);
#8345 = CARTESIAN_POINT('',(18.488268,-86.323815,-7.5E-02));
#8346 = VECTOR('',#8347,1.);
#8347 = DIRECTION('',(-0.894427913719,0.447212150059,0.));
#8348 = ORIENTED_EDGE('',*,*,#8349,.T.);
#8349 = EDGE_CURVE('',#8342,#8350,#8352,.T.);
#8350 = VERTEX_POINT('',#8351);
#8351 = CARTESIAN_POINT('',(17.847589,-86.200057,-7.5E-02));
#8352 = LINE('',#8353,#8354);
#8353 = CARTESIAN_POINT('',(18.240751,-86.200057,-7.5E-02));
#8354 = VECTOR('',#8355,1.);
#8355 = DIRECTION('',(-1.,0.,0.));
#8356 = ORIENTED_EDGE('',*,*,#8357,.T.);
#8357 = EDGE_CURVE('',#8350,#8104,#8358,.T.);
#8358 = LINE('',#8359,#8360);
#8359 = CARTESIAN_POINT('',(17.847589,-86.200057,-7.5E-02));
#8360 = VECTOR('',#8361,1.);
#8361 = DIRECTION('',(-0.89645477953,-0.443135225702,0.));
#8362 = PLANE('',#8363);
#8363 = AXIS2_PLACEMENT_3D('',#8364,#8365,#8366);
#8364 = CARTESIAN_POINT('',(0.,0.,-7.5E-02));
#8365 = DIRECTION('',(-0.,-0.,-1.));
#8366 = DIRECTION('',(-1.,0.,0.));
#8367 = SHELL_BASED_SURFACE_MODEL('',(#8368));
#8368 = OPEN_SHELL('',(#8369));
#8369 = ADVANCED_FACE('',(#8370,#8567),#8634,.T.);
#8370 = FACE_BOUND('',#8371,.T.);
#8371 = EDGE_LOOP('',(#8372,#8383,#8391,#8400,#8408,#8416,#8424,#8432,
    #8440,#8448,#8456,#8464,#8472,#8480,#8488,#8496,#8504,#8512,#8520,
    #8528,#8536,#8545,#8553,#8561));
#8372 = ORIENTED_EDGE('',*,*,#8373,.T.);
#8373 = EDGE_CURVE('',#8374,#8376,#8378,.T.);
#8374 = VERTEX_POINT('',#8375);
#8375 = CARTESIAN_POINT('',(20.082058,-86.200832,-7.5E-02));
#8376 = VERTEX_POINT('',#8377);
#8377 = CARTESIAN_POINT('',(21.30444,-86.208664,-7.5E-02));
#8378 = CIRCLE('',#8379,1.046544814171);
#8379 = AXIS2_PLACEMENT_3D('',#8380,#8381,#8382);
#8380 = CARTESIAN_POINT('',(20.687806091401,-87.05425176648,-7.5E-02));
#8381 = DIRECTION('',(0.,0.,-1.));
#8382 = DIRECTION('',(-0.578807599253,0.815464139645,0.));
#8383 = ORIENTED_EDGE('',*,*,#8384,.T.);
#8384 = EDGE_CURVE('',#8376,#8385,#8387,.T.);
#8385 = VERTEX_POINT('',#8386);
#8386 = CARTESIAN_POINT('',(21.323613,-86.230772,-7.5E-02));
#8387 = LINE('',#8388,#8389);
#8388 = CARTESIAN_POINT('',(21.30444,-86.208664,-7.5E-02));
#8389 = VECTOR('',#8390,1.);
#8390 = DIRECTION('',(0.655178986933,-0.755473689205,0.));
#8391 = ORIENTED_EDGE('',*,*,#8392,.T.);
#8392 = EDGE_CURVE('',#8385,#8393,#8395,.T.);
#8393 = VERTEX_POINT('',#8394);
#8394 = CARTESIAN_POINT('',(21.224915,-86.334996,-7.5E-02));
#8395 = CIRCLE('',#8396,7.499954050663E-02);
#8396 = AXIS2_PLACEMENT_3D('',#8397,#8398,#8399);
#8397 = CARTESIAN_POINT('',(21.258456711038,-86.2679148201,-7.5E-02));
#8398 = DIRECTION('',(0.,0.,-1.));
#8399 = DIRECTION('',(0.868755841989,0.495240635459,0.));
#8400 = ORIENTED_EDGE('',*,*,#8401,.T.);
#8401 = EDGE_CURVE('',#8393,#8402,#8404,.T.);
#8402 = VERTEX_POINT('',#8403);
#8403 = CARTESIAN_POINT('',(20.955037,-86.200057,-7.5E-02));
#8404 = LINE('',#8405,#8406);
#8405 = CARTESIAN_POINT('',(21.224915,-86.334996,-7.5E-02));
#8406 = VECTOR('',#8407,1.);
#8407 = DIRECTION('',(-0.894427191,0.4472135955,0.));
#8408 = ORIENTED_EDGE('',*,*,#8409,.T.);
#8409 = EDGE_CURVE('',#8402,#8410,#8412,.T.);
#8410 = VERTEX_POINT('',#8411);
#8411 = CARTESIAN_POINT('',(20.419018,-86.200057,-7.5E-02));
#8412 = LINE('',#8413,#8414);
#8413 = CARTESIAN_POINT('',(20.955037,-86.200057,-7.5E-02));
#8414 = VECTOR('',#8415,1.);
#8415 = DIRECTION('',(-1.,0.,0.));
#8416 = ORIENTED_EDGE('',*,*,#8417,.T.);
#8417 = EDGE_CURVE('',#8410,#8418,#8420,.T.);
#8418 = VERTEX_POINT('',#8419);
#8419 = CARTESIAN_POINT('',(20.1715,-86.323815,-7.5E-02));
#8420 = LINE('',#8421,#8422);
#8421 = CARTESIAN_POINT('',(20.419018,-86.200057,-7.5E-02));
#8422 = VECTOR('',#8423,1.);
#8423 = DIRECTION('',(-0.894428636431,-0.447210704625,0.));
#8424 = ORIENTED_EDGE('',*,*,#8425,.T.);
#8425 = EDGE_CURVE('',#8418,#8426,#8428,.T.);
#8426 = VERTEX_POINT('',#8427);
#8427 = CARTESIAN_POINT('',(20.047742,-86.571333,-7.5E-02));
#8428 = LINE('',#8429,#8430);
#8429 = CARTESIAN_POINT('',(20.1715,-86.323815,-7.5E-02));
#8430 = VECTOR('',#8431,1.);
#8431 = DIRECTION('',(-0.447210704625,-0.894428636431,0.));
#8432 = ORIENTED_EDGE('',*,*,#8433,.T.);
#8433 = EDGE_CURVE('',#8426,#8434,#8436,.T.);
#8434 = VERTEX_POINT('',#8435);
#8435 = CARTESIAN_POINT('',(20.047742,-86.792989,-7.5E-02));
#8436 = LINE('',#8437,#8438);
#8437 = CARTESIAN_POINT('',(20.047742,-86.571333,-7.5E-02));
#8438 = VECTOR('',#8439,1.);
#8439 = DIRECTION('',(0.,-1.,0.));
#8440 = ORIENTED_EDGE('',*,*,#8441,.T.);
#8441 = EDGE_CURVE('',#8434,#8442,#8444,.T.);
#8442 = VERTEX_POINT('',#8443);
#8443 = CARTESIAN_POINT('',(20.276161,-86.9072,-7.5E-02));
#8444 = LINE('',#8445,#8446);
#8445 = CARTESIAN_POINT('',(20.047742,-86.792989,-7.5E-02));
#8446 = VECTOR('',#8447,1.);
#8447 = DIRECTION('',(0.894424841556,-0.447218294358,0.));
#8448 = ORIENTED_EDGE('',*,*,#8449,.T.);
#8449 = EDGE_CURVE('',#8442,#8450,#8452,.T.);
#8450 = VERTEX_POINT('',#8451);
#8451 = CARTESIAN_POINT('',(20.992551,-86.909863,-7.5E-02));
#8452 = LINE('',#8453,#8454);
#8453 = CARTESIAN_POINT('',(20.276161,-86.9072,-7.5E-02));
#8454 = VECTOR('',#8455,1.);
#8455 = DIRECTION('',(0.999993091102,-3.717223302394E-03,0.));
#8456 = ORIENTED_EDGE('',*,*,#8457,.T.);
#8457 = EDGE_CURVE('',#8450,#8458,#8460,.T.);
#8458 = VERTEX_POINT('',#8459);
#8459 = CARTESIAN_POINT('',(21.30444,-87.065807,-7.5E-02));
#8460 = LINE('',#8461,#8462);
#8461 = CARTESIAN_POINT('',(20.992551,-86.909863,-7.5E-02));
#8462 = VECTOR('',#8463,1.);
#8463 = DIRECTION('',(0.894427764554,-0.447212448389,0.));
#8464 = ORIENTED_EDGE('',*,*,#8465,.T.);
#8465 = EDGE_CURVE('',#8458,#8466,#8468,.T.);
#8466 = VERTEX_POINT('',#8467);
#8467 = CARTESIAN_POINT('',(21.325538,-87.091516,-7.5E-02));
#8468 = LINE('',#8469,#8470);
#8469 = CARTESIAN_POINT('',(21.30444,-87.065807,-7.5E-02));
#8470 = VECTOR('',#8471,1.);
#8471 = DIRECTION('',(0.634378352791,-0.773022706982,0.));
#8472 = ORIENTED_EDGE('',*,*,#8473,.T.);
#8473 = EDGE_CURVE('',#8466,#8474,#8476,.T.);
#8474 = VERTEX_POINT('',#8475);
#8475 = CARTESIAN_POINT('',(21.474872,-87.396139,-7.5E-02));
#8476 = LINE('',#8477,#8478);
#8477 = CARTESIAN_POINT('',(21.325538,-87.091516,-7.5E-02));
#8478 = VECTOR('',#8479,1.);
#8479 = DIRECTION('',(0.440178605812,-0.897910237711,0.));
#8480 = ORIENTED_EDGE('',*,*,#8481,.T.);
#8481 = EDGE_CURVE('',#8474,#8482,#8484,.T.);
#8482 = VERTEX_POINT('',#8483);
#8483 = CARTESIAN_POINT('',(21.47365,-87.716294,-7.5E-02));
#8484 = LINE('',#8485,#8486);
#8485 = CARTESIAN_POINT('',(21.474872,-87.396139,-7.5E-02));
#8486 = VECTOR('',#8487,1.);
#8487 = DIRECTION('',(-3.816873385087E-03,-0.999992715712,0.));
#8488 = ORIENTED_EDGE('',*,*,#8489,.T.);
#8489 = EDGE_CURVE('',#8482,#8490,#8492,.T.);
#8490 = VERTEX_POINT('',#8491);
#8491 = CARTESIAN_POINT('',(21.317706,-88.028184,-7.5E-02));
#8492 = LINE('',#8493,#8494);
#8493 = CARTESIAN_POINT('',(21.47365,-87.716294,-7.5E-02));
#8494 = VECTOR('',#8495,1.);
#8495 = DIRECTION('',(-0.447211301284,-0.894428338104,0.));
#8496 = ORIENTED_EDGE('',*,*,#8497,.T.);
#8497 = EDGE_CURVE('',#8490,#8498,#8500,.T.);
#8498 = VERTEX_POINT('',#8499);
#8499 = CARTESIAN_POINT('',(21.291997,-88.049282,-7.5E-02));
#8500 = LINE('',#8501,#8502);
#8501 = CARTESIAN_POINT('',(21.317706,-88.028184,-7.5E-02));
#8502 = VECTOR('',#8503,1.);
#8503 = DIRECTION('',(-0.773022706982,-0.634378352791,0.));
#8504 = ORIENTED_EDGE('',*,*,#8505,.T.);
#8505 = EDGE_CURVE('',#8498,#8506,#8508,.T.);
#8506 = VERTEX_POINT('',#8507);
#8507 = CARTESIAN_POINT('',(20.987374,-88.198616,-7.5E-02));
#8508 = LINE('',#8509,#8510);
#8509 = CARTESIAN_POINT('',(21.291997,-88.049282,-7.5E-02));
#8510 = VECTOR('',#8511,1.);
#8511 = DIRECTION('',(-0.897910237711,-0.440178605812,0.));
#8512 = ORIENTED_EDGE('',*,*,#8513,.T.);
#8513 = EDGE_CURVE('',#8506,#8514,#8516,.T.);
#8514 = VERTEX_POINT('',#8515);
#8515 = CARTESIAN_POINT('',(20.238647,-88.197394,-7.5E-02));
#8516 = LINE('',#8517,#8518);
#8517 = CARTESIAN_POINT('',(20.987374,-88.198616,-7.5E-02));
#8518 = VECTOR('',#8519,1.);
#8519 = DIRECTION('',(-0.999998668122,1.632101383339E-03,0.));
#8520 = ORIENTED_EDGE('',*,*,#8521,.T.);
#8521 = EDGE_CURVE('',#8514,#8522,#8524,.T.);
#8522 = VERTEX_POINT('',#8523);
#8523 = CARTESIAN_POINT('',(20.047742,-88.103552,-7.5E-02));
#8524 = LINE('',#8525,#8526);
#8525 = CARTESIAN_POINT('',(20.238647,-88.197394,-7.5E-02));
#8526 = VECTOR('',#8527,1.);
#8527 = DIRECTION('',(-0.897435036552,0.44114663681,0.));
#8528 = ORIENTED_EDGE('',*,*,#8529,.T.);
#8529 = EDGE_CURVE('',#8522,#8530,#8532,.T.);
#8530 = VERTEX_POINT('',#8531);
#8531 = CARTESIAN_POINT('',(20.046301,-88.139689,-7.5E-02));
#8532 = LINE('',#8533,#8534);
#8533 = CARTESIAN_POINT('',(20.047742,-88.103552,-7.5E-02));
#8534 = VECTOR('',#8535,1.);
#8535 = DIRECTION('',(-3.984436171214E-02,-0.999205898121,0.));
#8536 = ORIENTED_EDGE('',*,*,#8537,.T.);
#8537 = EDGE_CURVE('',#8530,#8538,#8540,.T.);
#8538 = VERTEX_POINT('',#8539);
#8539 = CARTESIAN_POINT('',(19.897742,-88.125057,-7.5E-02));
#8540 = CIRCLE('',#8541,7.500006711464E-02);
#8541 = AXIS2_PLACEMENT_3D('',#8542,#8543,#8544);
#8542 = CARTESIAN_POINT('',(19.972742067115,-88.12505706711,-7.5E-02));
#8543 = DIRECTION('',(-0.,0.,-1.));
#8544 = DIRECTION('',(0.980784894138,-0.195092263891,-0.));
#8545 = ORIENTED_EDGE('',*,*,#8546,.T.);
#8546 = EDGE_CURVE('',#8538,#8547,#8549,.T.);
#8547 = VERTEX_POINT('',#8548);
#8548 = CARTESIAN_POINT('',(19.900405,-86.533819,-7.5E-02));
#8549 = LINE('',#8550,#8551);
#8550 = CARTESIAN_POINT('',(19.897742,-88.125057,-7.5E-02));
#8551 = VECTOR('',#8552,1.);
#8552 = DIRECTION('',(1.673537378335E-03,0.999998599635,0.));
#8553 = ORIENTED_EDGE('',*,*,#8554,.T.);
#8554 = EDGE_CURVE('',#8547,#8555,#8557,.T.);
#8555 = VERTEX_POINT('',#8556);
#8556 = CARTESIAN_POINT('',(20.056349,-86.22193,-7.5E-02));
#8557 = LINE('',#8558,#8559);
#8558 = CARTESIAN_POINT('',(19.900405,-86.533819,-7.5E-02));
#8559 = VECTOR('',#8560,1.);
#8560 = DIRECTION('',(0.447212448389,0.894427764554,0.));
#8561 = ORIENTED_EDGE('',*,*,#8562,.T.);
#8562 = EDGE_CURVE('',#8555,#8374,#8563,.T.);
#8563 = LINE('',#8564,#8565);
#8564 = CARTESIAN_POINT('',(20.056349,-86.22193,-7.5E-02));
#8565 = VECTOR('',#8566,1.);
#8566 = DIRECTION('',(0.773022706982,0.634378352791,0.));
#8567 = FACE_BOUND('',#8568,.T.);
#8568 = EDGE_LOOP('',(#8569,#8579,#8587,#8595,#8603,#8611,#8619,#8628));
#8569 = ORIENTED_EDGE('',*,*,#8570,.T.);
#8570 = EDGE_CURVE('',#8571,#8573,#8575,.T.);
#8571 = VERTEX_POINT('',#8572);
#8572 = CARTESIAN_POINT('',(20.955037,-87.0572,-7.5E-02));
#8573 = VERTEX_POINT('',#8574);
#8574 = CARTESIAN_POINT('',(20.238646,-87.054537,-7.5E-02));
#8575 = LINE('',#8576,#8577);
#8576 = CARTESIAN_POINT('',(20.955037,-87.0572,-7.5E-02));
#8577 = VECTOR('',#8578,1.);
#8578 = DIRECTION('',(-0.999993091121,3.717218113646E-03,0.));
#8579 = ORIENTED_EDGE('',*,*,#8580,.T.);
#8580 = EDGE_CURVE('',#8573,#8581,#8583,.T.);
#8581 = VERTEX_POINT('',#8582);
#8582 = CARTESIAN_POINT('',(20.047742,-86.960695,-7.5E-02));
#8583 = LINE('',#8584,#8585);
#8584 = CARTESIAN_POINT('',(20.238646,-87.054537,-7.5E-02));
#8585 = VECTOR('',#8586,1.);
#8586 = DIRECTION('',(-0.897434121693,0.441148497925,0.));
#8587 = ORIENTED_EDGE('',*,*,#8588,.T.);
#8588 = EDGE_CURVE('',#8581,#8589,#8591,.T.);
#8589 = VERTEX_POINT('',#8590);
#8590 = CARTESIAN_POINT('',(20.047742,-87.935847,-7.5E-02));
#8591 = LINE('',#8592,#8593);
#8592 = CARTESIAN_POINT('',(20.047742,-86.960695,-7.5E-02));
#8593 = VECTOR('',#8594,1.);
#8594 = DIRECTION('',(0.,-1.,0.));
#8595 = ORIENTED_EDGE('',*,*,#8596,.T.);
#8596 = EDGE_CURVE('',#8589,#8597,#8599,.T.);
#8597 = VERTEX_POINT('',#8598);
#8598 = CARTESIAN_POINT('',(20.276161,-88.050057,-7.5E-02));
#8599 = LINE('',#8600,#8601);
#8600 = CARTESIAN_POINT('',(20.047742,-87.935847,-7.5E-02));
#8601 = VECTOR('',#8602,1.);
#8602 = DIRECTION('',(0.894426407853,-0.44721516179,0.));
#8603 = ORIENTED_EDGE('',*,*,#8604,.T.);
#8604 = EDGE_CURVE('',#8597,#8605,#8607,.T.);
#8605 = VERTEX_POINT('',#8606);
#8606 = CARTESIAN_POINT('',(20.955037,-88.050057,-7.5E-02));
#8607 = LINE('',#8608,#8609);
#8608 = CARTESIAN_POINT('',(20.276161,-88.050057,-7.5E-02));
#8609 = VECTOR('',#8610,1.);
#8610 = DIRECTION('',(1.,0.,0.));
#8611 = ORIENTED_EDGE('',*,*,#8612,.T.);
#8612 = EDGE_CURVE('',#8605,#8613,#8615,.T.);
#8613 = VERTEX_POINT('',#8614);
#8614 = CARTESIAN_POINT('',(21.202554,-87.926298,-7.5E-02));
#8615 = LINE('',#8616,#8617);
#8616 = CARTESIAN_POINT('',(20.955037,-88.050057,-7.5E-02));
#8617 = VECTOR('',#8618,1.);
#8618 = DIRECTION('',(0.89442646828,0.447215040938,0.));
#8619 = ORIENTED_EDGE('',*,*,#8620,.T.);
#8620 = EDGE_CURVE('',#8613,#8621,#8623,.T.);
#8621 = VERTEX_POINT('',#8622);
#8622 = CARTESIAN_POINT('',(21.202554,-87.180958,-7.5E-02));
#8623 = CIRCLE('',#8624,0.573523140079);
#8624 = AXIS2_PLACEMENT_3D('',#8625,#8626,#8627);
#8625 = CARTESIAN_POINT('',(20.7666115,-87.553628,-7.5E-02));
#8626 = DIRECTION('',(0.,-0.,1.));
#8627 = DIRECTION('',(0.76011318382,-0.649790695365,-0.));
#8628 = ORIENTED_EDGE('',*,*,#8629,.T.);
#8629 = EDGE_CURVE('',#8621,#8571,#8630,.T.);
#8630 = LINE('',#8631,#8632);
#8631 = CARTESIAN_POINT('',(21.202554,-87.180958,-7.5E-02));
#8632 = VECTOR('',#8633,1.);
#8633 = DIRECTION('',(-0.894427913719,0.447212150059,0.));
#8634 = PLANE('',#8635);
#8635 = AXIS2_PLACEMENT_3D('',#8636,#8637,#8638);
#8636 = CARTESIAN_POINT('',(0.,0.,-7.5E-02));
#8637 = DIRECTION('',(-0.,-0.,-1.));
#8638 = DIRECTION('',(-1.,0.,0.));
#8639 = SHELL_BASED_SURFACE_MODEL('',(#8640));
#8640 = OPEN_SHELL('',(#8641));
#8641 = ADVANCED_FACE('',(#8642),#8799,.T.);
#8642 = FACE_BOUND('',#8643,.T.);
#8643 = EDGE_LOOP('',(#8644,#8654,#8662,#8670,#8678,#8686,#8695,#8703,
    #8712,#8720,#8728,#8736,#8744,#8752,#8760,#8768,#8777,#8785,#8793));
#8644 = ORIENTED_EDGE('',*,*,#8645,.T.);
#8645 = EDGE_CURVE('',#8646,#8648,#8650,.T.);
#8646 = VERTEX_POINT('',#8647);
#8647 = CARTESIAN_POINT('',(22.796344,-86.200832,-7.5E-02));
#8648 = VERTEX_POINT('',#8649);
#8649 = CARTESIAN_POINT('',(23.100967,-86.051498,-7.5E-02));
#8650 = LINE('',#8651,#8652);
#8651 = CARTESIAN_POINT('',(22.796344,-86.200832,-7.5E-02));
#8652 = VECTOR('',#8653,1.);
#8653 = DIRECTION('',(0.897910237711,0.440178605812,0.));
#8654 = ORIENTED_EDGE('',*,*,#8655,.T.);
#8655 = EDGE_CURVE('',#8648,#8656,#8658,.T.);
#8656 = VERTEX_POINT('',#8657);
#8657 = CARTESIAN_POINT('',(23.558802,-86.051498,-7.5E-02));
#8658 = LINE('',#8659,#8660);
#8659 = CARTESIAN_POINT('',(23.100967,-86.051498,-7.5E-02));
#8660 = VECTOR('',#8661,1.);
#8661 = DIRECTION('',(1.,0.,0.));
#8662 = ORIENTED_EDGE('',*,*,#8663,.T.);
#8663 = EDGE_CURVE('',#8656,#8664,#8666,.T.);
#8664 = VERTEX_POINT('',#8665);
#8665 = CARTESIAN_POINT('',(23.877168,-86.210162,-7.5E-02));
#8666 = LINE('',#8667,#8668);
#8667 = CARTESIAN_POINT('',(23.558802,-86.051498,-7.5E-02));
#8668 = VECTOR('',#8669,1.);
#8669 = DIRECTION('',(0.89501004724,-0.446045978953,0.));
#8670 = ORIENTED_EDGE('',*,*,#8671,.T.);
#8671 = EDGE_CURVE('',#8664,#8672,#8674,.T.);
#8672 = VERTEX_POINT('',#8673);
#8673 = CARTESIAN_POINT('',(23.897742,-86.229705,-7.5E-02));
#8674 = LINE('',#8675,#8676);
#8675 = CARTESIAN_POINT('',(23.877168,-86.210162,-7.5E-02));
#8676 = VECTOR('',#8677,1.);
#8677 = DIRECTION('',(0.725039905767,-0.688706857121,0.));
#8678 = ORIENTED_EDGE('',*,*,#8679,.T.);
#8679 = EDGE_CURVE('',#8672,#8680,#8682,.T.);
#8680 = VERTEX_POINT('',#8681);
#8681 = CARTESIAN_POINT('',(23.899183,-86.110425,-7.5E-02));
#8682 = LINE('',#8683,#8684);
#8683 = CARTESIAN_POINT('',(23.897742,-86.229705,-7.5E-02));
#8684 = VECTOR('',#8685,1.);
#8685 = DIRECTION('',(1.20799367647E-02,0.999927034902,0.));
#8686 = ORIENTED_EDGE('',*,*,#8687,.T.);
#8687 = EDGE_CURVE('',#8680,#8688,#8690,.T.);
#8688 = VERTEX_POINT('',#8689);
#8689 = CARTESIAN_POINT('',(24.047742,-86.125057,-7.5E-02));
#8690 = CIRCLE('',#8691,7.500006711464E-02);
#8691 = AXIS2_PLACEMENT_3D('',#8692,#8693,#8694);
#8692 = CARTESIAN_POINT('',(23.972741932885,-86.12505693288,-7.5E-02));
#8693 = DIRECTION('',(0.,0.,-1.));
#8694 = DIRECTION('',(-0.980784894138,0.195092263891,0.));
#8695 = ORIENTED_EDGE('',*,*,#8696,.T.);
#8696 = EDGE_CURVE('',#8688,#8697,#8699,.T.);
#8697 = VERTEX_POINT('',#8698);
#8698 = CARTESIAN_POINT('',(24.046301,-88.139689,-7.5E-02));
#8699 = LINE('',#8700,#8701);
#8700 = CARTESIAN_POINT('',(24.047742,-86.125057,-7.5E-02));
#8701 = VECTOR('',#8702,1.);
#8702 = DIRECTION('',(-7.152669228857E-04,-0.999999744197,0.));
#8703 = ORIENTED_EDGE('',*,*,#8704,.T.);
#8704 = EDGE_CURVE('',#8697,#8705,#8707,.T.);
#8705 = VERTEX_POINT('',#8706);
#8706 = CARTESIAN_POINT('',(23.897742,-88.125057,-7.5E-02));
#8707 = CIRCLE('',#8708,7.500006711464E-02);
#8708 = AXIS2_PLACEMENT_3D('',#8709,#8710,#8711);
#8709 = CARTESIAN_POINT('',(23.972742067115,-88.12505706711,-7.5E-02));
#8710 = DIRECTION('',(-0.,0.,-1.));
#8711 = DIRECTION('',(0.980784894138,-0.195092263891,-0.));
#8712 = ORIENTED_EDGE('',*,*,#8713,.T.);
#8713 = EDGE_CURVE('',#8705,#8714,#8716,.T.);
#8714 = VERTEX_POINT('',#8715);
#8715 = CARTESIAN_POINT('',(23.897742,-86.441837,-7.5E-02));
#8716 = LINE('',#8717,#8718);
#8717 = CARTESIAN_POINT('',(23.897742,-88.125057,-7.5E-02));
#8718 = VECTOR('',#8719,1.);
#8719 = DIRECTION('',(0.,1.,0.));
#8720 = ORIENTED_EDGE('',*,*,#8721,.T.);
#8721 = EDGE_CURVE('',#8714,#8722,#8724,.T.);
#8722 = VERTEX_POINT('',#8723);
#8723 = CARTESIAN_POINT('',(23.785458,-86.329553,-7.5E-02));
#8724 = LINE('',#8725,#8726);
#8725 = CARTESIAN_POINT('',(23.897742,-86.441837,-7.5E-02));
#8726 = VECTOR('',#8727,1.);
#8727 = DIRECTION('',(-0.707106781187,0.707106781187,0.));
#8728 = ORIENTED_EDGE('',*,*,#8729,.T.);
#8729 = EDGE_CURVE('',#8722,#8730,#8732,.T.);
#8730 = VERTEX_POINT('',#8731);
#8731 = CARTESIAN_POINT('',(23.526465,-86.200057,-7.5E-02));
#8732 = LINE('',#8733,#8734);
#8733 = CARTESIAN_POINT('',(23.785458,-86.329553,-7.5E-02));
#8734 = VECTOR('',#8735,1.);
#8735 = DIRECTION('',(-0.894427881695,0.447212214106,0.));
#8736 = ORIENTED_EDGE('',*,*,#8737,.T.);
#8737 = EDGE_CURVE('',#8730,#8738,#8740,.T.);
#8738 = VERTEX_POINT('',#8739);
#8739 = CARTESIAN_POINT('',(23.133304,-86.200057,-7.5E-02));
#8740 = LINE('',#8741,#8742);
#8741 = CARTESIAN_POINT('',(23.526465,-86.200057,-7.5E-02));
#8742 = VECTOR('',#8743,1.);
#8743 = DIRECTION('',(-1.,0.,0.));
#8744 = ORIENTED_EDGE('',*,*,#8745,.T.);
#8745 = EDGE_CURVE('',#8738,#8746,#8748,.T.);
#8746 = VERTEX_POINT('',#8747);
#8747 = CARTESIAN_POINT('',(22.885786,-86.323815,-7.5E-02));
#8748 = LINE('',#8749,#8750);
#8749 = CARTESIAN_POINT('',(23.133304,-86.200057,-7.5E-02));
#8750 = VECTOR('',#8751,1.);
#8751 = DIRECTION('',(-0.894428636431,-0.447210704625,0.));
#8752 = ORIENTED_EDGE('',*,*,#8753,.T.);
#8753 = EDGE_CURVE('',#8746,#8754,#8756,.T.);
#8754 = VERTEX_POINT('',#8755);
#8755 = CARTESIAN_POINT('',(22.762028,-86.571333,-7.5E-02));
#8756 = LINE('',#8757,#8758);
#8757 = CARTESIAN_POINT('',(22.885786,-86.323815,-7.5E-02));
#8758 = VECTOR('',#8759,1.);
#8759 = DIRECTION('',(-0.447210704625,-0.894428636431,0.));
#8760 = ORIENTED_EDGE('',*,*,#8761,.T.);
#8761 = EDGE_CURVE('',#8754,#8762,#8764,.T.);
#8762 = VERTEX_POINT('',#8763);
#8763 = CARTESIAN_POINT('',(22.760587,-88.139689,-7.5E-02));
#8764 = LINE('',#8765,#8766);
#8765 = CARTESIAN_POINT('',(22.762028,-86.571333,-7.5E-02));
#8766 = VECTOR('',#8767,1.);
#8767 = DIRECTION('',(-9.18796109916E-04,-0.999999577907,0.));
#8768 = ORIENTED_EDGE('',*,*,#8769,.T.);
#8769 = EDGE_CURVE('',#8762,#8770,#8772,.T.);
#8770 = VERTEX_POINT('',#8771);
#8771 = CARTESIAN_POINT('',(22.612028,-88.125057,-7.5E-02));
#8772 = CIRCLE('',#8773,7.500006711464E-02);
#8773 = AXIS2_PLACEMENT_3D('',#8774,#8775,#8776);
#8774 = CARTESIAN_POINT('',(22.687028067115,-88.12505706711,-7.5E-02));
#8775 = DIRECTION('',(-0.,0.,-1.));
#8776 = DIRECTION('',(0.980784894138,-0.195092263891,-0.));
#8777 = ORIENTED_EDGE('',*,*,#8778,.T.);
#8778 = EDGE_CURVE('',#8770,#8779,#8781,.T.);
#8779 = VERTEX_POINT('',#8780);
#8780 = CARTESIAN_POINT('',(22.614691,-86.533819,-7.5E-02));
#8781 = LINE('',#8782,#8783);
#8782 = CARTESIAN_POINT('',(22.612028,-88.125057,-7.5E-02));
#8783 = VECTOR('',#8784,1.);
#8784 = DIRECTION('',(1.673537378337E-03,0.999998599635,0.));
#8785 = ORIENTED_EDGE('',*,*,#8786,.T.);
#8786 = EDGE_CURVE('',#8779,#8787,#8789,.T.);
#8787 = VERTEX_POINT('',#8788);
#8788 = CARTESIAN_POINT('',(22.770635,-86.22193,-7.5E-02));
#8789 = LINE('',#8790,#8791);
#8790 = CARTESIAN_POINT('',(22.614691,-86.533819,-7.5E-02));
#8791 = VECTOR('',#8792,1.);
#8792 = DIRECTION('',(0.447212448389,0.894427764554,0.));
#8793 = ORIENTED_EDGE('',*,*,#8794,.T.);
#8794 = EDGE_CURVE('',#8787,#8646,#8795,.T.);
#8795 = LINE('',#8796,#8797);
#8796 = CARTESIAN_POINT('',(22.770635,-86.22193,-7.5E-02));
#8797 = VECTOR('',#8798,1.);
#8798 = DIRECTION('',(0.773022706982,0.634378352791,0.));
#8799 = PLANE('',#8800);
#8800 = AXIS2_PLACEMENT_3D('',#8801,#8802,#8803);
#8801 = CARTESIAN_POINT('',(0.,0.,-7.5E-02));
#8802 = DIRECTION('',(-0.,-0.,-1.));
#8803 = DIRECTION('',(-1.,0.,0.));
#8804 = SHELL_BASED_SURFACE_MODEL('',(#8805));
#8805 = OPEN_SHELL('',(#8806));
#8806 = ADVANCED_FACE('',(#8807,#9004),#9071,.T.);
#8807 = FACE_BOUND('',#8808,.T.);
#8808 = EDGE_LOOP('',(#8809,#8820,#8828,#8837,#8845,#8853,#8861,#8869,
    #8877,#8885,#8893,#8901,#8909,#8917,#8925,#8933,#8941,#8949,#8957,
    #8965,#8973,#8982,#8990,#8998));
#8809 = ORIENTED_EDGE('',*,*,#8810,.T.);
#8810 = EDGE_CURVE('',#8811,#8813,#8815,.T.);
#8811 = VERTEX_POINT('',#8812);
#8812 = CARTESIAN_POINT('',(25.51063,-86.200832,-7.5E-02));
#8813 = VERTEX_POINT('',#8814);
#8814 = CARTESIAN_POINT('',(26.733012,-86.208664,-7.5E-02));
#8815 = CIRCLE('',#8816,1.046544814171);
#8816 = AXIS2_PLACEMENT_3D('',#8817,#8818,#8819);
#8817 = CARTESIAN_POINT('',(26.116378091401,-87.05425176648,-7.5E-02));
#8818 = DIRECTION('',(0.,0.,-1.));
#8819 = DIRECTION('',(-0.578807599253,0.815464139645,0.));
#8820 = ORIENTED_EDGE('',*,*,#8821,.T.);
#8821 = EDGE_CURVE('',#8813,#8822,#8824,.T.);
#8822 = VERTEX_POINT('',#8823);
#8823 = CARTESIAN_POINT('',(26.752185,-86.230772,-7.5E-02));
#8824 = LINE('',#8825,#8826);
#8825 = CARTESIAN_POINT('',(26.733012,-86.208664,-7.5E-02));
#8826 = VECTOR('',#8827,1.);
#8827 = DIRECTION('',(0.655178986933,-0.755473689205,0.));
#8828 = ORIENTED_EDGE('',*,*,#8829,.T.);
#8829 = EDGE_CURVE('',#8822,#8830,#8832,.T.);
#8830 = VERTEX_POINT('',#8831);
#8831 = CARTESIAN_POINT('',(26.653487,-86.334996,-7.5E-02));
#8832 = CIRCLE('',#8833,7.499954050663E-02);
#8833 = AXIS2_PLACEMENT_3D('',#8834,#8835,#8836);
#8834 = CARTESIAN_POINT('',(26.687028711038,-86.2679148201,-7.5E-02));
#8835 = DIRECTION('',(0.,0.,-1.));
#8836 = DIRECTION('',(0.868755841989,0.495240635459,0.));
#8837 = ORIENTED_EDGE('',*,*,#8838,.T.);
#8838 = EDGE_CURVE('',#8830,#8839,#8841,.T.);
#8839 = VERTEX_POINT('',#8840);
#8840 = CARTESIAN_POINT('',(26.383609,-86.200057,-7.5E-02));
#8841 = LINE('',#8842,#8843);
#8842 = CARTESIAN_POINT('',(26.653487,-86.334996,-7.5E-02));
#8843 = VECTOR('',#8844,1.);
#8844 = DIRECTION('',(-0.894427191,0.4472135955,0.));
#8845 = ORIENTED_EDGE('',*,*,#8846,.T.);
#8846 = EDGE_CURVE('',#8839,#8847,#8849,.T.);
#8847 = VERTEX_POINT('',#8848);
#8848 = CARTESIAN_POINT('',(25.84759,-86.200057,-7.5E-02));
#8849 = LINE('',#8850,#8851);
#8850 = CARTESIAN_POINT('',(26.383609,-86.200057,-7.5E-02));
#8851 = VECTOR('',#8852,1.);
#8852 = DIRECTION('',(-1.,0.,0.));
#8853 = ORIENTED_EDGE('',*,*,#8854,.T.);
#8854 = EDGE_CURVE('',#8847,#8855,#8857,.T.);
#8855 = VERTEX_POINT('',#8856);
#8856 = CARTESIAN_POINT('',(25.600072,-86.323815,-7.5E-02));
#8857 = LINE('',#8858,#8859);
#8858 = CARTESIAN_POINT('',(25.84759,-86.200057,-7.5E-02));
#8859 = VECTOR('',#8860,1.);
#8860 = DIRECTION('',(-0.894428636431,-0.447210704625,0.));
#8861 = ORIENTED_EDGE('',*,*,#8862,.T.);
#8862 = EDGE_CURVE('',#8855,#8863,#8865,.T.);
#8863 = VERTEX_POINT('',#8864);
#8864 = CARTESIAN_POINT('',(25.476314,-86.571333,-7.5E-02));
#8865 = LINE('',#8866,#8867);
#8866 = CARTESIAN_POINT('',(25.600072,-86.323815,-7.5E-02));
#8867 = VECTOR('',#8868,1.);
#8868 = DIRECTION('',(-0.447210704625,-0.894428636431,0.));
#8869 = ORIENTED_EDGE('',*,*,#8870,.T.);
#8870 = EDGE_CURVE('',#8863,#8871,#8873,.T.);
#8871 = VERTEX_POINT('',#8872);
#8872 = CARTESIAN_POINT('',(25.476314,-86.792989,-7.5E-02));
#8873 = LINE('',#8874,#8875);
#8874 = CARTESIAN_POINT('',(25.476314,-86.571333,-7.5E-02));
#8875 = VECTOR('',#8876,1.);
#8876 = DIRECTION('',(0.,-1.,0.));
#8877 = ORIENTED_EDGE('',*,*,#8878,.T.);
#8878 = EDGE_CURVE('',#8871,#8879,#8881,.T.);
#8879 = VERTEX_POINT('',#8880);
#8880 = CARTESIAN_POINT('',(25.704733,-86.9072,-7.5E-02));
#8881 = LINE('',#8882,#8883);
#8882 = CARTESIAN_POINT('',(25.476314,-86.792989,-7.5E-02));
#8883 = VECTOR('',#8884,1.);
#8884 = DIRECTION('',(0.894424841556,-0.447218294358,0.));
#8885 = ORIENTED_EDGE('',*,*,#8886,.T.);
#8886 = EDGE_CURVE('',#8879,#8887,#8889,.T.);
#8887 = VERTEX_POINT('',#8888);
#8888 = CARTESIAN_POINT('',(26.421123,-86.909863,-7.5E-02));
#8889 = LINE('',#8890,#8891);
#8890 = CARTESIAN_POINT('',(25.704733,-86.9072,-7.5E-02));
#8891 = VECTOR('',#8892,1.);
#8892 = DIRECTION('',(0.999993091102,-3.717223302394E-03,0.));
#8893 = ORIENTED_EDGE('',*,*,#8894,.T.);
#8894 = EDGE_CURVE('',#8887,#8895,#8897,.T.);
#8895 = VERTEX_POINT('',#8896);
#8896 = CARTESIAN_POINT('',(26.733012,-87.065807,-7.5E-02));
#8897 = LINE('',#8898,#8899);
#8898 = CARTESIAN_POINT('',(26.421123,-86.909863,-7.5E-02));
#8899 = VECTOR('',#8900,1.);
#8900 = DIRECTION('',(0.894427764554,-0.447212448389,0.));
#8901 = ORIENTED_EDGE('',*,*,#8902,.T.);
#8902 = EDGE_CURVE('',#8895,#8903,#8905,.T.);
#8903 = VERTEX_POINT('',#8904);
#8904 = CARTESIAN_POINT('',(26.75411,-87.091516,-7.5E-02));
#8905 = LINE('',#8906,#8907);
#8906 = CARTESIAN_POINT('',(26.733012,-87.065807,-7.5E-02));
#8907 = VECTOR('',#8908,1.);
#8908 = DIRECTION('',(0.634378352791,-0.773022706982,0.));
#8909 = ORIENTED_EDGE('',*,*,#8910,.T.);
#8910 = EDGE_CURVE('',#8903,#8911,#8913,.T.);
#8911 = VERTEX_POINT('',#8912);
#8912 = CARTESIAN_POINT('',(26.903444,-87.396139,-7.5E-02));
#8913 = LINE('',#8914,#8915);
#8914 = CARTESIAN_POINT('',(26.75411,-87.091516,-7.5E-02));
#8915 = VECTOR('',#8916,1.);
#8916 = DIRECTION('',(0.440178605812,-0.897910237711,0.));
#8917 = ORIENTED_EDGE('',*,*,#8918,.T.);
#8918 = EDGE_CURVE('',#8911,#8919,#8921,.T.);
#8919 = VERTEX_POINT('',#8920);
#8920 = CARTESIAN_POINT('',(26.902222,-87.716294,-7.5E-02));
#8921 = LINE('',#8922,#8923);
#8922 = CARTESIAN_POINT('',(26.903444,-87.396139,-7.5E-02));
#8923 = VECTOR('',#8924,1.);
#8924 = DIRECTION('',(-3.816873385087E-03,-0.999992715712,0.));
#8925 = ORIENTED_EDGE('',*,*,#8926,.T.);
#8926 = EDGE_CURVE('',#8919,#8927,#8929,.T.);
#8927 = VERTEX_POINT('',#8928);
#8928 = CARTESIAN_POINT('',(26.746278,-88.028184,-7.5E-02));
#8929 = LINE('',#8930,#8931);
#8930 = CARTESIAN_POINT('',(26.902222,-87.716294,-7.5E-02));
#8931 = VECTOR('',#8932,1.);
#8932 = DIRECTION('',(-0.447211301284,-0.894428338104,0.));
#8933 = ORIENTED_EDGE('',*,*,#8934,.T.);
#8934 = EDGE_CURVE('',#8927,#8935,#8937,.T.);
#8935 = VERTEX_POINT('',#8936);
#8936 = CARTESIAN_POINT('',(26.720569,-88.049282,-7.5E-02));
#8937 = LINE('',#8938,#8939);
#8938 = CARTESIAN_POINT('',(26.746278,-88.028184,-7.5E-02));
#8939 = VECTOR('',#8940,1.);
#8940 = DIRECTION('',(-0.773022706982,-0.634378352791,0.));
#8941 = ORIENTED_EDGE('',*,*,#8942,.T.);
#8942 = EDGE_CURVE('',#8935,#8943,#8945,.T.);
#8943 = VERTEX_POINT('',#8944);
#8944 = CARTESIAN_POINT('',(26.415946,-88.198616,-7.5E-02));
#8945 = LINE('',#8946,#8947);
#8946 = CARTESIAN_POINT('',(26.720569,-88.049282,-7.5E-02));
#8947 = VECTOR('',#8948,1.);
#8948 = DIRECTION('',(-0.897910237711,-0.440178605812,0.));
#8949 = ORIENTED_EDGE('',*,*,#8950,.T.);
#8950 = EDGE_CURVE('',#8943,#8951,#8953,.T.);
#8951 = VERTEX_POINT('',#8952);
#8952 = CARTESIAN_POINT('',(25.667219,-88.197394,-7.5E-02));
#8953 = LINE('',#8954,#8955);
#8954 = CARTESIAN_POINT('',(26.415946,-88.198616,-7.5E-02));
#8955 = VECTOR('',#8956,1.);
#8956 = DIRECTION('',(-0.999998668122,1.632101383339E-03,0.));
#8957 = ORIENTED_EDGE('',*,*,#8958,.T.);
#8958 = EDGE_CURVE('',#8951,#8959,#8961,.T.);
#8959 = VERTEX_POINT('',#8960);
#8960 = CARTESIAN_POINT('',(25.476314,-88.103552,-7.5E-02));
#8961 = LINE('',#8962,#8963);
#8962 = CARTESIAN_POINT('',(25.667219,-88.197394,-7.5E-02));
#8963 = VECTOR('',#8964,1.);
#8964 = DIRECTION('',(-0.897435036552,0.44114663681,0.));
#8965 = ORIENTED_EDGE('',*,*,#8966,.T.);
#8966 = EDGE_CURVE('',#8959,#8967,#8969,.T.);
#8967 = VERTEX_POINT('',#8968);
#8968 = CARTESIAN_POINT('',(25.474873,-88.139689,-7.5E-02));
#8969 = LINE('',#8970,#8971);
#8970 = CARTESIAN_POINT('',(25.476314,-88.103552,-7.5E-02));
#8971 = VECTOR('',#8972,1.);
#8972 = DIRECTION('',(-3.984436171214E-02,-0.999205898121,0.));
#8973 = ORIENTED_EDGE('',*,*,#8974,.T.);
#8974 = EDGE_CURVE('',#8967,#8975,#8977,.T.);
#8975 = VERTEX_POINT('',#8976);
#8976 = CARTESIAN_POINT('',(25.326314,-88.125057,-7.5E-02));
#8977 = CIRCLE('',#8978,7.500006711464E-02);
#8978 = AXIS2_PLACEMENT_3D('',#8979,#8980,#8981);
#8979 = CARTESIAN_POINT('',(25.401314067115,-88.12505706711,-7.5E-02));
#8980 = DIRECTION('',(-0.,0.,-1.));
#8981 = DIRECTION('',(0.980784894138,-0.195092263891,-0.));
#8982 = ORIENTED_EDGE('',*,*,#8983,.T.);
#8983 = EDGE_CURVE('',#8975,#8984,#8986,.T.);
#8984 = VERTEX_POINT('',#8985);
#8985 = CARTESIAN_POINT('',(25.328977,-86.533819,-7.5E-02));
#8986 = LINE('',#8987,#8988);
#8987 = CARTESIAN_POINT('',(25.326314,-88.125057,-7.5E-02));
#8988 = VECTOR('',#8989,1.);
#8989 = DIRECTION('',(1.673537378335E-03,0.999998599635,0.));
#8990 = ORIENTED_EDGE('',*,*,#8991,.T.);
#8991 = EDGE_CURVE('',#8984,#8992,#8994,.T.);
#8992 = VERTEX_POINT('',#8993);
#8993 = CARTESIAN_POINT('',(25.484921,-86.22193,-7.5E-02));
#8994 = LINE('',#8995,#8996);
#8995 = CARTESIAN_POINT('',(25.328977,-86.533819,-7.5E-02));
#8996 = VECTOR('',#8997,1.);
#8997 = DIRECTION('',(0.447212448389,0.894427764554,0.));
#8998 = ORIENTED_EDGE('',*,*,#8999,.T.);
#8999 = EDGE_CURVE('',#8992,#8811,#9000,.T.);
#9000 = LINE('',#9001,#9002);
#9001 = CARTESIAN_POINT('',(25.484921,-86.22193,-7.5E-02));
#9002 = VECTOR('',#9003,1.);
#9003 = DIRECTION('',(0.773022706982,0.634378352791,0.));
#9004 = FACE_BOUND('',#9005,.T.);
#9005 = EDGE_LOOP('',(#9006,#9016,#9024,#9032,#9040,#9048,#9056,#9065));
#9006 = ORIENTED_EDGE('',*,*,#9007,.T.);
#9007 = EDGE_CURVE('',#9008,#9010,#9012,.T.);
#9008 = VERTEX_POINT('',#9009);
#9009 = CARTESIAN_POINT('',(26.383609,-87.0572,-7.5E-02));
#9010 = VERTEX_POINT('',#9011);
#9011 = CARTESIAN_POINT('',(25.667218,-87.054537,-7.5E-02));
#9012 = LINE('',#9013,#9014);
#9013 = CARTESIAN_POINT('',(26.383609,-87.0572,-7.5E-02));
#9014 = VECTOR('',#9015,1.);
#9015 = DIRECTION('',(-0.999993091121,3.717218113646E-03,0.));
#9016 = ORIENTED_EDGE('',*,*,#9017,.T.);
#9017 = EDGE_CURVE('',#9010,#9018,#9020,.T.);
#9018 = VERTEX_POINT('',#9019);
#9019 = CARTESIAN_POINT('',(25.476314,-86.960695,-7.5E-02));
#9020 = LINE('',#9021,#9022);
#9021 = CARTESIAN_POINT('',(25.667218,-87.054537,-7.5E-02));
#9022 = VECTOR('',#9023,1.);
#9023 = DIRECTION('',(-0.897434121693,0.441148497925,0.));
#9024 = ORIENTED_EDGE('',*,*,#9025,.T.);
#9025 = EDGE_CURVE('',#9018,#9026,#9028,.T.);
#9026 = VERTEX_POINT('',#9027);
#9027 = CARTESIAN_POINT('',(25.476314,-87.935847,-7.5E-02));
#9028 = LINE('',#9029,#9030);
#9029 = CARTESIAN_POINT('',(25.476314,-86.960695,-7.5E-02));
#9030 = VECTOR('',#9031,1.);
#9031 = DIRECTION('',(0.,-1.,0.));
#9032 = ORIENTED_EDGE('',*,*,#9033,.T.);
#9033 = EDGE_CURVE('',#9026,#9034,#9036,.T.);
#9034 = VERTEX_POINT('',#9035);
#9035 = CARTESIAN_POINT('',(25.704733,-88.050057,-7.5E-02));
#9036 = LINE('',#9037,#9038);
#9037 = CARTESIAN_POINT('',(25.476314,-87.935847,-7.5E-02));
#9038 = VECTOR('',#9039,1.);
#9039 = DIRECTION('',(0.894426407853,-0.44721516179,0.));
#9040 = ORIENTED_EDGE('',*,*,#9041,.T.);
#9041 = EDGE_CURVE('',#9034,#9042,#9044,.T.);
#9042 = VERTEX_POINT('',#9043);
#9043 = CARTESIAN_POINT('',(26.383609,-88.050057,-7.5E-02));
#9044 = LINE('',#9045,#9046);
#9045 = CARTESIAN_POINT('',(25.704733,-88.050057,-7.5E-02));
#9046 = VECTOR('',#9047,1.);
#9047 = DIRECTION('',(1.,0.,0.));
#9048 = ORIENTED_EDGE('',*,*,#9049,.T.);
#9049 = EDGE_CURVE('',#9042,#9050,#9052,.T.);
#9050 = VERTEX_POINT('',#9051);
#9051 = CARTESIAN_POINT('',(26.631126,-87.926298,-7.5E-02));
#9052 = LINE('',#9053,#9054);
#9053 = CARTESIAN_POINT('',(26.383609,-88.050057,-7.5E-02));
#9054 = VECTOR('',#9055,1.);
#9055 = DIRECTION('',(0.89442646828,0.447215040938,0.));
#9056 = ORIENTED_EDGE('',*,*,#9057,.T.);
#9057 = EDGE_CURVE('',#9050,#9058,#9060,.T.);
#9058 = VERTEX_POINT('',#9059);
#9059 = CARTESIAN_POINT('',(26.631126,-87.180958,-7.5E-02));
#9060 = CIRCLE('',#9061,0.573523140079);
#9061 = AXIS2_PLACEMENT_3D('',#9062,#9063,#9064);
#9062 = CARTESIAN_POINT('',(26.1951835,-87.553628,-7.5E-02));
#9063 = DIRECTION('',(0.,-0.,1.));
#9064 = DIRECTION('',(0.76011318382,-0.649790695365,-0.));
#9065 = ORIENTED_EDGE('',*,*,#9066,.T.);
#9066 = EDGE_CURVE('',#9058,#9008,#9067,.T.);
#9067 = LINE('',#9068,#9069);
#9068 = CARTESIAN_POINT('',(26.631126,-87.180958,-7.5E-02));
#9069 = VECTOR('',#9070,1.);
#9070 = DIRECTION('',(-0.894427913719,0.447212150059,0.));
#9071 = PLANE('',#9072);
#9072 = AXIS2_PLACEMENT_3D('',#9073,#9074,#9075);
#9073 = CARTESIAN_POINT('',(0.,0.,-7.5E-02));
#9074 = DIRECTION('',(-0.,-0.,-1.));
#9075 = DIRECTION('',(-1.,0.,0.));
#9076 = SHELL_BASED_SURFACE_MODEL('',(#9077));
#9077 = OPEN_SHELL('',(#9078));
#9078 = ADVANCED_FACE('',(#9079),#9253,.T.);
#9079 = FACE_BOUND('',#9080,.T.);
#9080 = EDGE_LOOP('',(#9081,#9092,#9100,#9108,#9117,#9125,#9133,#9141,
    #9149,#9157,#9165,#9174,#9182,#9190,#9198,#9206,#9214,#9223,#9231,
    #9239,#9247));
#9081 = ORIENTED_EDGE('',*,*,#9082,.T.);
#9082 = EDGE_CURVE('',#9083,#9085,#9087,.T.);
#9083 = VERTEX_POINT('',#9084);
#9084 = CARTESIAN_POINT('',(28.359646,-85.062697,-7.5E-02));
#9085 = VERTEX_POINT('',#9086);
#9086 = CARTESIAN_POINT('',(28.476314,-85.125057,-7.5E-02));
#9087 = CIRCLE('',#9088,7.500000000003E-02);
#9088 = AXIS2_PLACEMENT_3D('',#9089,#9090,#9091);
#9089 = CARTESIAN_POINT('',(28.401314,-85.12505706555,-7.5E-02));
#9090 = DIRECTION('',(0.,0.,-1.));
#9091 = DIRECTION('',(-0.555573333333,0.831467540731,0.));
#9092 = ORIENTED_EDGE('',*,*,#9093,.T.);
#9093 = EDGE_CURVE('',#9085,#9094,#9096,.T.);
#9094 = VERTEX_POINT('',#9095);
#9095 = CARTESIAN_POINT('',(28.476314,-86.050057,-7.5E-02));
#9096 = LINE('',#9097,#9098);
#9097 = CARTESIAN_POINT('',(28.476314,-85.125057,-7.5E-02));
#9098 = VECTOR('',#9099,1.);
#9099 = DIRECTION('',(0.,-1.,0.));
#9100 = ORIENTED_EDGE('',*,*,#9101,.T.);
#9101 = EDGE_CURVE('',#9094,#9102,#9104,.T.);
#9102 = VERTEX_POINT('',#9103);
#9103 = CARTESIAN_POINT('',(28.844517,-86.051498,-7.5E-02));
#9104 = LINE('',#9105,#9106);
#9105 = CARTESIAN_POINT('',(28.476314,-86.050057,-7.5E-02));
#9106 = VECTOR('',#9107,1.);
#9107 = DIRECTION('',(0.999992341948,-3.913572037019E-03,0.));
#9108 = ORIENTED_EDGE('',*,*,#9109,.T.);
#9109 = EDGE_CURVE('',#9102,#9110,#9112,.T.);
#9110 = VERTEX_POINT('',#9111);
#9111 = CARTESIAN_POINT('',(28.829885,-86.200057,-7.5E-02));
#9112 = CIRCLE('',#9113,7.500006711464E-02);
#9113 = AXIS2_PLACEMENT_3D('',#9114,#9115,#9116);
#9114 = CARTESIAN_POINT('',(28.829885067115,-86.12505693288,-7.5E-02));
#9115 = DIRECTION('',(0.,0.,-1.));
#9116 = DIRECTION('',(0.195092263891,0.980784894138,0.));
#9117 = ORIENTED_EDGE('',*,*,#9118,.T.);
#9118 = EDGE_CURVE('',#9110,#9119,#9121,.T.);
#9119 = VERTEX_POINT('',#9120);
#9120 = CARTESIAN_POINT('',(28.476314,-86.200057,-7.5E-02));
#9121 = LINE('',#9122,#9123);
#9122 = CARTESIAN_POINT('',(28.829885,-86.200057,-7.5E-02));
#9123 = VECTOR('',#9124,1.);
#9124 = DIRECTION('',(-1.,0.,0.));
#9125 = ORIENTED_EDGE('',*,*,#9126,.T.);
#9126 = EDGE_CURVE('',#9119,#9127,#9129,.T.);
#9127 = VERTEX_POINT('',#9128);
#9128 = CARTESIAN_POINT('',(28.473651,-87.716294,-7.5E-02));
#9129 = LINE('',#9130,#9131);
#9130 = CARTESIAN_POINT('',(28.476314,-86.200057,-7.5E-02));
#9131 = VECTOR('',#9132,1.);
#9132 = DIRECTION('',(-1.756319027154E-03,-0.999998457671,0.));
#9133 = ORIENTED_EDGE('',*,*,#9134,.T.);
#9134 = EDGE_CURVE('',#9127,#9135,#9137,.T.);
#9135 = VERTEX_POINT('',#9136);
#9136 = CARTESIAN_POINT('',(28.317707,-88.028184,-7.5E-02));
#9137 = LINE('',#9138,#9139);
#9138 = CARTESIAN_POINT('',(28.473651,-87.716294,-7.5E-02));
#9139 = VECTOR('',#9140,1.);
#9140 = DIRECTION('',(-0.447211301284,-0.894428338104,0.));
#9141 = ORIENTED_EDGE('',*,*,#9142,.T.);
#9142 = EDGE_CURVE('',#9135,#9143,#9145,.T.);
#9143 = VERTEX_POINT('',#9144);
#9144 = CARTESIAN_POINT('',(28.291998,-88.049282,-7.5E-02));
#9145 = LINE('',#9146,#9147);
#9146 = CARTESIAN_POINT('',(28.317707,-88.028184,-7.5E-02));
#9147 = VECTOR('',#9148,1.);
#9148 = DIRECTION('',(-0.773022706982,-0.634378352791,0.));
#9149 = ORIENTED_EDGE('',*,*,#9150,.T.);
#9150 = EDGE_CURVE('',#9143,#9151,#9153,.T.);
#9151 = VERTEX_POINT('',#9152);
#9152 = CARTESIAN_POINT('',(27.987374,-88.198616,-7.5E-02));
#9153 = LINE('',#9154,#9155);
#9154 = CARTESIAN_POINT('',(28.291998,-88.049282,-7.5E-02));
#9155 = VECTOR('',#9156,1.);
#9156 = DIRECTION('',(-0.897910808829,-0.440177440798,0.));
#9157 = ORIENTED_EDGE('',*,*,#9158,.T.);
#9158 = EDGE_CURVE('',#9151,#9159,#9161,.T.);
#9159 = VERTEX_POINT('',#9160);
#9160 = CARTESIAN_POINT('',(27.672396,-88.198616,-7.5E-02));
#9161 = LINE('',#9162,#9163);
#9162 = CARTESIAN_POINT('',(27.987374,-88.198616,-7.5E-02));
#9163 = VECTOR('',#9164,1.);
#9164 = DIRECTION('',(-1.,0.,0.));
#9165 = ORIENTED_EDGE('',*,*,#9166,.T.);
#9166 = EDGE_CURVE('',#9159,#9167,#9169,.T.);
#9167 = VERTEX_POINT('',#9168);
#9168 = CARTESIAN_POINT('',(27.687028,-88.050057,-7.5E-02));
#9169 = CIRCLE('',#9170,7.500006711464E-02);
#9170 = AXIS2_PLACEMENT_3D('',#9171,#9172,#9173);
#9171 = CARTESIAN_POINT('',(27.687027932885,-88.12505706711,-7.5E-02));
#9172 = DIRECTION('',(0.,0.,-1.));
#9173 = DIRECTION('',(-0.195092263891,-0.980784894138,-0.));
#9174 = ORIENTED_EDGE('',*,*,#9175,.T.);
#9175 = EDGE_CURVE('',#9167,#9176,#9178,.T.);
#9176 = VERTEX_POINT('',#9177);
#9177 = CARTESIAN_POINT('',(27.955037,-88.050057,-7.5E-02));
#9178 = LINE('',#9179,#9180);
#9179 = CARTESIAN_POINT('',(27.687028,-88.050057,-7.5E-02));
#9180 = VECTOR('',#9181,1.);
#9181 = DIRECTION('',(1.,0.,0.));
#9182 = ORIENTED_EDGE('',*,*,#9183,.T.);
#9183 = EDGE_CURVE('',#9176,#9184,#9186,.T.);
#9184 = VERTEX_POINT('',#9185);
#9185 = CARTESIAN_POINT('',(28.202555,-87.926298,-7.5E-02));
#9186 = LINE('',#9187,#9188);
#9187 = CARTESIAN_POINT('',(27.955037,-88.050057,-7.5E-02));
#9188 = VECTOR('',#9189,1.);
#9189 = DIRECTION('',(0.894427191,0.4472135955,0.));
#9190 = ORIENTED_EDGE('',*,*,#9191,.T.);
#9191 = EDGE_CURVE('',#9184,#9192,#9194,.T.);
#9192 = VERTEX_POINT('',#9193);
#9193 = CARTESIAN_POINT('',(28.326314,-87.67878,-7.5E-02));
#9194 = LINE('',#9195,#9196);
#9195 = CARTESIAN_POINT('',(28.202555,-87.926298,-7.5E-02));
#9196 = VECTOR('',#9197,1.);
#9197 = DIRECTION('',(0.4472135955,0.894427191,0.));
#9198 = ORIENTED_EDGE('',*,*,#9199,.T.);
#9199 = EDGE_CURVE('',#9192,#9200,#9202,.T.);
#9200 = VERTEX_POINT('',#9201);
#9201 = CARTESIAN_POINT('',(28.326314,-86.200057,-7.5E-02));
#9202 = LINE('',#9203,#9204);
#9203 = CARTESIAN_POINT('',(28.326314,-87.67878,-7.5E-02));
#9204 = VECTOR('',#9205,1.);
#9205 = DIRECTION('',(0.,1.,0.));
#9206 = ORIENTED_EDGE('',*,*,#9207,.T.);
#9207 = EDGE_CURVE('',#9200,#9208,#9210,.T.);
#9208 = VERTEX_POINT('',#9209);
#9209 = CARTESIAN_POINT('',(27.672396,-86.198616,-7.5E-02));
#9210 = LINE('',#9211,#9212);
#9211 = CARTESIAN_POINT('',(28.326314,-86.200057,-7.5E-02));
#9212 = VECTOR('',#9213,1.);
#9213 = DIRECTION('',(-0.999997571994,2.203634861317E-03,0.));
#9214 = ORIENTED_EDGE('',*,*,#9215,.T.);
#9215 = EDGE_CURVE('',#9208,#9216,#9218,.T.);
#9216 = VERTEX_POINT('',#9217);
#9217 = CARTESIAN_POINT('',(27.687028,-86.050057,-7.5E-02));
#9218 = CIRCLE('',#9219,7.500006711464E-02);
#9219 = AXIS2_PLACEMENT_3D('',#9220,#9221,#9222);
#9220 = CARTESIAN_POINT('',(27.687027932885,-86.12505706711,-7.5E-02));
#9221 = DIRECTION('',(0.,0.,-1.));
#9222 = DIRECTION('',(-0.195092263891,-0.980784894138,-0.));
#9223 = ORIENTED_EDGE('',*,*,#9224,.T.);
#9224 = EDGE_CURVE('',#9216,#9225,#9227,.T.);
#9225 = VERTEX_POINT('',#9226);
#9226 = CARTESIAN_POINT('',(28.326314,-86.050057,-7.5E-02));
#9227 = LINE('',#9228,#9229);
#9228 = CARTESIAN_POINT('',(27.687028,-86.050057,-7.5E-02));
#9229 = VECTOR('',#9230,1.);
#9230 = DIRECTION('',(1.,0.,0.));
#9231 = ORIENTED_EDGE('',*,*,#9232,.T.);
#9232 = EDGE_CURVE('',#9225,#9233,#9235,.T.);
#9233 = VERTEX_POINT('',#9234);
#9234 = CARTESIAN_POINT('',(28.327755,-85.110425,-7.5E-02));
#9235 = LINE('',#9236,#9237);
#9236 = CARTESIAN_POINT('',(28.326314,-86.050057,-7.5E-02));
#9237 = VECTOR('',#9238,1.);
#9238 = DIRECTION('',(1.533577299926E-03,0.99999882407,0.));
#9239 = ORIENTED_EDGE('',*,*,#9240,.T.);
#9240 = EDGE_CURVE('',#9233,#9241,#9243,.T.);
#9241 = VERTEX_POINT('',#9242);
#9242 = CARTESIAN_POINT('',(28.338954,-85.083389,-7.5E-02));
#9243 = LINE('',#9244,#9245);
#9244 = CARTESIAN_POINT('',(28.327755,-85.110425,-7.5E-02));
#9245 = VECTOR('',#9246,1.);
#9246 = DIRECTION('',(0.38269282806,0.923875640631,0.));
#9247 = ORIENTED_EDGE('',*,*,#9248,.T.);
#9248 = EDGE_CURVE('',#9241,#9083,#9249,.T.);
#9249 = LINE('',#9250,#9251);
#9250 = CARTESIAN_POINT('',(28.338954,-85.083389,-7.5E-02));
#9251 = VECTOR('',#9252,1.);
#9252 = DIRECTION('',(0.707106781187,0.707106781186,0.));
#9253 = PLANE('',#9254);
#9254 = AXIS2_PLACEMENT_3D('',#9255,#9256,#9257);
#9255 = CARTESIAN_POINT('',(0.,0.,-7.5E-02));
#9256 = DIRECTION('',(-0.,-0.,-1.));
#9257 = DIRECTION('',(-1.,0.,0.));
#9258 = SHELL_BASED_SURFACE_MODEL('',(#9259));
#9259 = OPEN_SHELL('',(#9260));
#9260 = ADVANCED_FACE('',(#9261,#9458),#9525,.T.);
#9261 = FACE_BOUND('',#9262,.T.);
#9262 = EDGE_LOOP('',(#9263,#9274,#9282,#9291,#9299,#9307,#9315,#9323,
    #9331,#9339,#9347,#9355,#9363,#9371,#9379,#9387,#9395,#9403,#9411,
    #9419,#9427,#9436,#9444,#9452));
#9263 = ORIENTED_EDGE('',*,*,#9264,.T.);
#9264 = EDGE_CURVE('',#9265,#9267,#9269,.T.);
#9265 = VERTEX_POINT('',#9266);
#9266 = CARTESIAN_POINT('',(29.939202,-86.200832,-7.5E-02));
#9267 = VERTEX_POINT('',#9268);
#9268 = CARTESIAN_POINT('',(31.161584,-86.208664,-7.5E-02));
#9269 = CIRCLE('',#9270,1.046544814171);
#9270 = AXIS2_PLACEMENT_3D('',#9271,#9272,#9273);
#9271 = CARTESIAN_POINT('',(30.544950091401,-87.05425176648,-7.5E-02));
#9272 = DIRECTION('',(0.,0.,-1.));
#9273 = DIRECTION('',(-0.578807599253,0.815464139645,0.));
#9274 = ORIENTED_EDGE('',*,*,#9275,.T.);
#9275 = EDGE_CURVE('',#9267,#9276,#9278,.T.);
#9276 = VERTEX_POINT('',#9277);
#9277 = CARTESIAN_POINT('',(31.180757,-86.230772,-7.5E-02));
#9278 = LINE('',#9279,#9280);
#9279 = CARTESIAN_POINT('',(31.161584,-86.208664,-7.5E-02));
#9280 = VECTOR('',#9281,1.);
#9281 = DIRECTION('',(0.655178986933,-0.755473689205,0.));
#9282 = ORIENTED_EDGE('',*,*,#9283,.T.);
#9283 = EDGE_CURVE('',#9276,#9284,#9286,.T.);
#9284 = VERTEX_POINT('',#9285);
#9285 = CARTESIAN_POINT('',(31.082059,-86.334996,-7.5E-02));
#9286 = CIRCLE('',#9287,7.499954050663E-02);
#9287 = AXIS2_PLACEMENT_3D('',#9288,#9289,#9290);
#9288 = CARTESIAN_POINT('',(31.115600711038,-86.2679148201,-7.5E-02));
#9289 = DIRECTION('',(0.,0.,-1.));
#9290 = DIRECTION('',(0.868755841989,0.495240635459,0.));
#9291 = ORIENTED_EDGE('',*,*,#9292,.T.);
#9292 = EDGE_CURVE('',#9284,#9293,#9295,.T.);
#9293 = VERTEX_POINT('',#9294);
#9294 = CARTESIAN_POINT('',(30.812181,-86.200057,-7.5E-02));
#9295 = LINE('',#9296,#9297);
#9296 = CARTESIAN_POINT('',(31.082059,-86.334996,-7.5E-02));
#9297 = VECTOR('',#9298,1.);
#9298 = DIRECTION('',(-0.894427191,0.4472135955,0.));
#9299 = ORIENTED_EDGE('',*,*,#9300,.T.);
#9300 = EDGE_CURVE('',#9293,#9301,#9303,.T.);
#9301 = VERTEX_POINT('',#9302);
#9302 = CARTESIAN_POINT('',(30.276162,-86.200057,-7.5E-02));
#9303 = LINE('',#9304,#9305);
#9304 = CARTESIAN_POINT('',(30.812181,-86.200057,-7.5E-02));
#9305 = VECTOR('',#9306,1.);
#9306 = DIRECTION('',(-1.,0.,0.));
#9307 = ORIENTED_EDGE('',*,*,#9308,.T.);
#9308 = EDGE_CURVE('',#9301,#9309,#9311,.T.);
#9309 = VERTEX_POINT('',#9310);
#9310 = CARTESIAN_POINT('',(30.028644,-86.323815,-7.5E-02));
#9311 = LINE('',#9312,#9313);
#9312 = CARTESIAN_POINT('',(30.276162,-86.200057,-7.5E-02));
#9313 = VECTOR('',#9314,1.);
#9314 = DIRECTION('',(-0.894428636431,-0.447210704625,0.));
#9315 = ORIENTED_EDGE('',*,*,#9316,.T.);
#9316 = EDGE_CURVE('',#9309,#9317,#9319,.T.);
#9317 = VERTEX_POINT('',#9318);
#9318 = CARTESIAN_POINT('',(29.904886,-86.571333,-7.5E-02));
#9319 = LINE('',#9320,#9321);
#9320 = CARTESIAN_POINT('',(30.028644,-86.323815,-7.5E-02));
#9321 = VECTOR('',#9322,1.);
#9322 = DIRECTION('',(-0.447210704625,-0.894428636431,0.));
#9323 = ORIENTED_EDGE('',*,*,#9324,.T.);
#9324 = EDGE_CURVE('',#9317,#9325,#9327,.T.);
#9325 = VERTEX_POINT('',#9326);
#9326 = CARTESIAN_POINT('',(29.904886,-86.792989,-7.5E-02));
#9327 = LINE('',#9328,#9329);
#9328 = CARTESIAN_POINT('',(29.904886,-86.571333,-7.5E-02));
#9329 = VECTOR('',#9330,1.);
#9330 = DIRECTION('',(0.,-1.,0.));
#9331 = ORIENTED_EDGE('',*,*,#9332,.T.);
#9332 = EDGE_CURVE('',#9325,#9333,#9335,.T.);
#9333 = VERTEX_POINT('',#9334);
#9334 = CARTESIAN_POINT('',(30.133305,-86.9072,-7.5E-02));
#9335 = LINE('',#9336,#9337);
#9336 = CARTESIAN_POINT('',(29.904886,-86.792989,-7.5E-02));
#9337 = VECTOR('',#9338,1.);
#9338 = DIRECTION('',(0.894424841556,-0.447218294358,0.));
#9339 = ORIENTED_EDGE('',*,*,#9340,.T.);
#9340 = EDGE_CURVE('',#9333,#9341,#9343,.T.);
#9341 = VERTEX_POINT('',#9342);
#9342 = CARTESIAN_POINT('',(30.849695,-86.909863,-7.5E-02));
#9343 = LINE('',#9344,#9345);
#9344 = CARTESIAN_POINT('',(30.133305,-86.9072,-7.5E-02));
#9345 = VECTOR('',#9346,1.);
#9346 = DIRECTION('',(0.999993091102,-3.717223302394E-03,0.));
#9347 = ORIENTED_EDGE('',*,*,#9348,.T.);
#9348 = EDGE_CURVE('',#9341,#9349,#9351,.T.);
#9349 = VERTEX_POINT('',#9350);
#9350 = CARTESIAN_POINT('',(31.161584,-87.065807,-7.5E-02));
#9351 = LINE('',#9352,#9353);
#9352 = CARTESIAN_POINT('',(30.849695,-86.909863,-7.5E-02));
#9353 = VECTOR('',#9354,1.);
#9354 = DIRECTION('',(0.894427764554,-0.447212448389,0.));
#9355 = ORIENTED_EDGE('',*,*,#9356,.T.);
#9356 = EDGE_CURVE('',#9349,#9357,#9359,.T.);
#9357 = VERTEX_POINT('',#9358);
#9358 = CARTESIAN_POINT('',(31.182682,-87.091516,-7.5E-02));
#9359 = LINE('',#9360,#9361);
#9360 = CARTESIAN_POINT('',(31.161584,-87.065807,-7.5E-02));
#9361 = VECTOR('',#9362,1.);
#9362 = DIRECTION('',(0.634378352791,-0.773022706982,0.));
#9363 = ORIENTED_EDGE('',*,*,#9364,.T.);
#9364 = EDGE_CURVE('',#9357,#9365,#9367,.T.);
#9365 = VERTEX_POINT('',#9366);
#9366 = CARTESIAN_POINT('',(31.332016,-87.396139,-7.5E-02));
#9367 = LINE('',#9368,#9369);
#9368 = CARTESIAN_POINT('',(31.182682,-87.091516,-7.5E-02));
#9369 = VECTOR('',#9370,1.);
#9370 = DIRECTION('',(0.440178605812,-0.897910237711,0.));
#9371 = ORIENTED_EDGE('',*,*,#9372,.T.);
#9372 = EDGE_CURVE('',#9365,#9373,#9375,.T.);
#9373 = VERTEX_POINT('',#9374);
#9374 = CARTESIAN_POINT('',(31.330794,-87.716294,-7.5E-02));
#9375 = LINE('',#9376,#9377);
#9376 = CARTESIAN_POINT('',(31.332016,-87.396139,-7.5E-02));
#9377 = VECTOR('',#9378,1.);
#9378 = DIRECTION('',(-3.816873385076E-03,-0.999992715712,0.));
#9379 = ORIENTED_EDGE('',*,*,#9380,.T.);
#9380 = EDGE_CURVE('',#9373,#9381,#9383,.T.);
#9381 = VERTEX_POINT('',#9382);
#9382 = CARTESIAN_POINT('',(31.17485,-88.028184,-7.5E-02));
#9383 = LINE('',#9384,#9385);
#9384 = CARTESIAN_POINT('',(31.330794,-87.716294,-7.5E-02));
#9385 = VECTOR('',#9386,1.);
#9386 = DIRECTION('',(-0.447211301284,-0.894428338104,0.));
#9387 = ORIENTED_EDGE('',*,*,#9388,.T.);
#9388 = EDGE_CURVE('',#9381,#9389,#9391,.T.);
#9389 = VERTEX_POINT('',#9390);
#9390 = CARTESIAN_POINT('',(31.149141,-88.049282,-7.5E-02));
#9391 = LINE('',#9392,#9393);
#9392 = CARTESIAN_POINT('',(31.17485,-88.028184,-7.5E-02));
#9393 = VECTOR('',#9394,1.);
#9394 = DIRECTION('',(-0.773022706982,-0.634378352791,0.));
#9395 = ORIENTED_EDGE('',*,*,#9396,.T.);
#9396 = EDGE_CURVE('',#9389,#9397,#9399,.T.);
#9397 = VERTEX_POINT('',#9398);
#9398 = CARTESIAN_POINT('',(30.844518,-88.198616,-7.5E-02));
#9399 = LINE('',#9400,#9401);
#9400 = CARTESIAN_POINT('',(31.149141,-88.049282,-7.5E-02));
#9401 = VECTOR('',#9402,1.);
#9402 = DIRECTION('',(-0.897910237711,-0.440178605812,0.));
#9403 = ORIENTED_EDGE('',*,*,#9404,.T.);
#9404 = EDGE_CURVE('',#9397,#9405,#9407,.T.);
#9405 = VERTEX_POINT('',#9406);
#9406 = CARTESIAN_POINT('',(30.095791,-88.197394,-7.5E-02));
#9407 = LINE('',#9408,#9409);
#9408 = CARTESIAN_POINT('',(30.844518,-88.198616,-7.5E-02));
#9409 = VECTOR('',#9410,1.);
#9410 = DIRECTION('',(-0.999998668122,1.632101383339E-03,0.));
#9411 = ORIENTED_EDGE('',*,*,#9412,.T.);
#9412 = EDGE_CURVE('',#9405,#9413,#9415,.T.);
#9413 = VERTEX_POINT('',#9414);
#9414 = CARTESIAN_POINT('',(29.904886,-88.103552,-7.5E-02));
#9415 = LINE('',#9416,#9417);
#9416 = CARTESIAN_POINT('',(30.095791,-88.197394,-7.5E-02));
#9417 = VECTOR('',#9418,1.);
#9418 = DIRECTION('',(-0.897435036552,0.44114663681,0.));
#9419 = ORIENTED_EDGE('',*,*,#9420,.T.);
#9420 = EDGE_CURVE('',#9413,#9421,#9423,.T.);
#9421 = VERTEX_POINT('',#9422);
#9422 = CARTESIAN_POINT('',(29.903445,-88.139689,-7.5E-02));
#9423 = LINE('',#9424,#9425);
#9424 = CARTESIAN_POINT('',(29.904886,-88.103552,-7.5E-02));
#9425 = VECTOR('',#9426,1.);
#9426 = DIRECTION('',(-3.984436171214E-02,-0.999205898121,0.));
#9427 = ORIENTED_EDGE('',*,*,#9428,.T.);
#9428 = EDGE_CURVE('',#9421,#9429,#9431,.T.);
#9429 = VERTEX_POINT('',#9430);
#9430 = CARTESIAN_POINT('',(29.754886,-88.125057,-7.5E-02));
#9431 = CIRCLE('',#9432,7.500006711464E-02);
#9432 = AXIS2_PLACEMENT_3D('',#9433,#9434,#9435);
#9433 = CARTESIAN_POINT('',(29.829886067115,-88.12505706711,-7.5E-02));
#9434 = DIRECTION('',(-0.,0.,-1.));
#9435 = DIRECTION('',(0.980784894138,-0.195092263891,-0.));
#9436 = ORIENTED_EDGE('',*,*,#9437,.T.);
#9437 = EDGE_CURVE('',#9429,#9438,#9440,.T.);
#9438 = VERTEX_POINT('',#9439);
#9439 = CARTESIAN_POINT('',(29.757549,-86.533819,-7.5E-02));
#9440 = LINE('',#9441,#9442);
#9441 = CARTESIAN_POINT('',(29.754886,-88.125057,-7.5E-02));
#9442 = VECTOR('',#9443,1.);
#9443 = DIRECTION('',(1.673537378337E-03,0.999998599635,0.));
#9444 = ORIENTED_EDGE('',*,*,#9445,.T.);
#9445 = EDGE_CURVE('',#9438,#9446,#9448,.T.);
#9446 = VERTEX_POINT('',#9447);
#9447 = CARTESIAN_POINT('',(29.913493,-86.22193,-7.5E-02));
#9448 = LINE('',#9449,#9450);
#9449 = CARTESIAN_POINT('',(29.757549,-86.533819,-7.5E-02));
#9450 = VECTOR('',#9451,1.);
#9451 = DIRECTION('',(0.447212448389,0.894427764554,0.));
#9452 = ORIENTED_EDGE('',*,*,#9453,.T.);
#9453 = EDGE_CURVE('',#9446,#9265,#9454,.T.);
#9454 = LINE('',#9455,#9456);
#9455 = CARTESIAN_POINT('',(29.913493,-86.22193,-7.5E-02));
#9456 = VECTOR('',#9457,1.);
#9457 = DIRECTION('',(0.773022706982,0.634378352791,0.));
#9458 = FACE_BOUND('',#9459,.T.);
#9459 = EDGE_LOOP('',(#9460,#9470,#9478,#9486,#9494,#9502,#9510,#9519));
#9460 = ORIENTED_EDGE('',*,*,#9461,.T.);
#9461 = EDGE_CURVE('',#9462,#9464,#9466,.T.);
#9462 = VERTEX_POINT('',#9463);
#9463 = CARTESIAN_POINT('',(30.812181,-87.0572,-7.5E-02));
#9464 = VERTEX_POINT('',#9465);
#9465 = CARTESIAN_POINT('',(30.09579,-87.054537,-7.5E-02));
#9466 = LINE('',#9467,#9468);
#9467 = CARTESIAN_POINT('',(30.812181,-87.0572,-7.5E-02));
#9468 = VECTOR('',#9469,1.);
#9469 = DIRECTION('',(-0.999993091121,3.717218113646E-03,0.));
#9470 = ORIENTED_EDGE('',*,*,#9471,.T.);
#9471 = EDGE_CURVE('',#9464,#9472,#9474,.T.);
#9472 = VERTEX_POINT('',#9473);
#9473 = CARTESIAN_POINT('',(29.904886,-86.960695,-7.5E-02));
#9474 = LINE('',#9475,#9476);
#9475 = CARTESIAN_POINT('',(30.09579,-87.054537,-7.5E-02));
#9476 = VECTOR('',#9477,1.);
#9477 = DIRECTION('',(-0.897434121693,0.441148497925,0.));
#9478 = ORIENTED_EDGE('',*,*,#9479,.T.);
#9479 = EDGE_CURVE('',#9472,#9480,#9482,.T.);
#9480 = VERTEX_POINT('',#9481);
#9481 = CARTESIAN_POINT('',(29.904886,-87.935847,-7.5E-02));
#9482 = LINE('',#9483,#9484);
#9483 = CARTESIAN_POINT('',(29.904886,-86.960695,-7.5E-02));
#9484 = VECTOR('',#9485,1.);
#9485 = DIRECTION('',(0.,-1.,0.));
#9486 = ORIENTED_EDGE('',*,*,#9487,.T.);
#9487 = EDGE_CURVE('',#9480,#9488,#9490,.T.);
#9488 = VERTEX_POINT('',#9489);
#9489 = CARTESIAN_POINT('',(30.133305,-88.050057,-7.5E-02));
#9490 = LINE('',#9491,#9492);
#9491 = CARTESIAN_POINT('',(29.904886,-87.935847,-7.5E-02));
#9492 = VECTOR('',#9493,1.);
#9493 = DIRECTION('',(0.894426407853,-0.44721516179,0.));
#9494 = ORIENTED_EDGE('',*,*,#9495,.T.);
#9495 = EDGE_CURVE('',#9488,#9496,#9498,.T.);
#9496 = VERTEX_POINT('',#9497);
#9497 = CARTESIAN_POINT('',(30.812181,-88.050057,-7.5E-02));
#9498 = LINE('',#9499,#9500);
#9499 = CARTESIAN_POINT('',(30.133305,-88.050057,-7.5E-02));
#9500 = VECTOR('',#9501,1.);
#9501 = DIRECTION('',(1.,0.,0.));
#9502 = ORIENTED_EDGE('',*,*,#9503,.T.);
#9503 = EDGE_CURVE('',#9496,#9504,#9506,.T.);
#9504 = VERTEX_POINT('',#9505);
#9505 = CARTESIAN_POINT('',(31.059698,-87.926298,-7.5E-02));
#9506 = LINE('',#9507,#9508);
#9507 = CARTESIAN_POINT('',(30.812181,-88.050057,-7.5E-02));
#9508 = VECTOR('',#9509,1.);
#9509 = DIRECTION('',(0.89442646828,0.447215040938,0.));
#9510 = ORIENTED_EDGE('',*,*,#9511,.T.);
#9511 = EDGE_CURVE('',#9504,#9512,#9514,.T.);
#9512 = VERTEX_POINT('',#9513);
#9513 = CARTESIAN_POINT('',(31.059698,-87.180958,-7.5E-02));
#9514 = CIRCLE('',#9515,0.573523140079);
#9515 = AXIS2_PLACEMENT_3D('',#9516,#9517,#9518);
#9516 = CARTESIAN_POINT('',(30.6237555,-87.553628,-7.5E-02));
#9517 = DIRECTION('',(0.,-0.,1.));
#9518 = DIRECTION('',(0.76011318382,-0.649790695365,-0.));
#9519 = ORIENTED_EDGE('',*,*,#9520,.T.);
#9520 = EDGE_CURVE('',#9512,#9462,#9521,.T.);
#9521 = LINE('',#9522,#9523);
#9522 = CARTESIAN_POINT('',(31.059698,-87.180958,-7.5E-02));
#9523 = VECTOR('',#9524,1.);
#9524 = DIRECTION('',(-0.894427913719,0.447212150059,0.));
#9525 = PLANE('',#9526);
#9526 = AXIS2_PLACEMENT_3D('',#9527,#9528,#9529);
#9527 = CARTESIAN_POINT('',(0.,0.,-7.5E-02));
#9528 = DIRECTION('',(-0.,-0.,-1.));
#9529 = DIRECTION('',(-1.,0.,0.));
#9530 = SHELL_BASED_SURFACE_MODEL('',(#9531));
#9531 = OPEN_SHELL('',(#9532));
#9532 = ADVANCED_FACE('',(#9533,#9730),#9797,.T.);
#9533 = FACE_BOUND('',#9534,.T.);
#9534 = EDGE_LOOP('',(#9535,#9546,#9554,#9563,#9571,#9579,#9587,#9595,
    #9603,#9611,#9619,#9627,#9635,#9643,#9651,#9659,#9667,#9675,#9683,
    #9691,#9699,#9708,#9716,#9724));
#9535 = ORIENTED_EDGE('',*,*,#9536,.T.);
#9536 = EDGE_CURVE('',#9537,#9539,#9541,.T.);
#9537 = VERTEX_POINT('',#9538);
#9538 = CARTESIAN_POINT('',(32.653488,-86.200832,-7.5E-02));
#9539 = VERTEX_POINT('',#9540);
#9540 = CARTESIAN_POINT('',(33.87587,-86.208664,-7.5E-02));
#9541 = CIRCLE('',#9542,1.046544814171);
#9542 = AXIS2_PLACEMENT_3D('',#9543,#9544,#9545);
#9543 = CARTESIAN_POINT('',(33.259236091401,-87.05425176648,-7.5E-02));
#9544 = DIRECTION('',(0.,0.,-1.));
#9545 = DIRECTION('',(-0.578807599253,0.815464139645,0.));
#9546 = ORIENTED_EDGE('',*,*,#9547,.T.);
#9547 = EDGE_CURVE('',#9539,#9548,#9550,.T.);
#9548 = VERTEX_POINT('',#9549);
#9549 = CARTESIAN_POINT('',(33.895043,-86.230772,-7.5E-02));
#9550 = LINE('',#9551,#9552);
#9551 = CARTESIAN_POINT('',(33.87587,-86.208664,-7.5E-02));
#9552 = VECTOR('',#9553,1.);
#9553 = DIRECTION('',(0.655178986933,-0.755473689205,0.));
#9554 = ORIENTED_EDGE('',*,*,#9555,.T.);
#9555 = EDGE_CURVE('',#9548,#9556,#9558,.T.);
#9556 = VERTEX_POINT('',#9557);
#9557 = CARTESIAN_POINT('',(33.796345,-86.334996,-7.5E-02));
#9558 = CIRCLE('',#9559,7.499954050663E-02);
#9559 = AXIS2_PLACEMENT_3D('',#9560,#9561,#9562);
#9560 = CARTESIAN_POINT('',(33.829886711038,-86.2679148201,-7.5E-02));
#9561 = DIRECTION('',(0.,0.,-1.));
#9562 = DIRECTION('',(0.868755841989,0.495240635459,0.));
#9563 = ORIENTED_EDGE('',*,*,#9564,.T.);
#9564 = EDGE_CURVE('',#9556,#9565,#9567,.T.);
#9565 = VERTEX_POINT('',#9566);
#9566 = CARTESIAN_POINT('',(33.526467,-86.200057,-7.5E-02));
#9567 = LINE('',#9568,#9569);
#9568 = CARTESIAN_POINT('',(33.796345,-86.334996,-7.5E-02));
#9569 = VECTOR('',#9570,1.);
#9570 = DIRECTION('',(-0.894427191,0.4472135955,0.));
#9571 = ORIENTED_EDGE('',*,*,#9572,.T.);
#9572 = EDGE_CURVE('',#9565,#9573,#9575,.T.);
#9573 = VERTEX_POINT('',#9574);
#9574 = CARTESIAN_POINT('',(32.990448,-86.200057,-7.5E-02));
#9575 = LINE('',#9576,#9577);
#9576 = CARTESIAN_POINT('',(33.526467,-86.200057,-7.5E-02));
#9577 = VECTOR('',#9578,1.);
#9578 = DIRECTION('',(-1.,0.,0.));
#9579 = ORIENTED_EDGE('',*,*,#9580,.T.);
#9580 = EDGE_CURVE('',#9573,#9581,#9583,.T.);
#9581 = VERTEX_POINT('',#9582);
#9582 = CARTESIAN_POINT('',(32.74293,-86.323815,-7.5E-02));
#9583 = LINE('',#9584,#9585);
#9584 = CARTESIAN_POINT('',(32.990448,-86.200057,-7.5E-02));
#9585 = VECTOR('',#9586,1.);
#9586 = DIRECTION('',(-0.894428636431,-0.447210704625,0.));
#9587 = ORIENTED_EDGE('',*,*,#9588,.T.);
#9588 = EDGE_CURVE('',#9581,#9589,#9591,.T.);
#9589 = VERTEX_POINT('',#9590);
#9590 = CARTESIAN_POINT('',(32.619172,-86.571333,-7.5E-02));
#9591 = LINE('',#9592,#9593);
#9592 = CARTESIAN_POINT('',(32.74293,-86.323815,-7.5E-02));
#9593 = VECTOR('',#9594,1.);
#9594 = DIRECTION('',(-0.447210704625,-0.894428636431,0.));
#9595 = ORIENTED_EDGE('',*,*,#9596,.T.);
#9596 = EDGE_CURVE('',#9589,#9597,#9599,.T.);
#9597 = VERTEX_POINT('',#9598);
#9598 = CARTESIAN_POINT('',(32.619172,-86.792989,-7.5E-02));
#9599 = LINE('',#9600,#9601);
#9600 = CARTESIAN_POINT('',(32.619172,-86.571333,-7.5E-02));
#9601 = VECTOR('',#9602,1.);
#9602 = DIRECTION('',(0.,-1.,0.));
#9603 = ORIENTED_EDGE('',*,*,#9604,.T.);
#9604 = EDGE_CURVE('',#9597,#9605,#9607,.T.);
#9605 = VERTEX_POINT('',#9606);
#9606 = CARTESIAN_POINT('',(32.847591,-86.9072,-7.5E-02));
#9607 = LINE('',#9608,#9609);
#9608 = CARTESIAN_POINT('',(32.619172,-86.792989,-7.5E-02));
#9609 = VECTOR('',#9610,1.);
#9610 = DIRECTION('',(0.894424841556,-0.447218294358,0.));
#9611 = ORIENTED_EDGE('',*,*,#9612,.T.);
#9612 = EDGE_CURVE('',#9605,#9613,#9615,.T.);
#9613 = VERTEX_POINT('',#9614);
#9614 = CARTESIAN_POINT('',(33.563981,-86.909863,-7.5E-02));
#9615 = LINE('',#9616,#9617);
#9616 = CARTESIAN_POINT('',(32.847591,-86.9072,-7.5E-02));
#9617 = VECTOR('',#9618,1.);
#9618 = DIRECTION('',(0.999993091102,-3.717223302394E-03,0.));
#9619 = ORIENTED_EDGE('',*,*,#9620,.T.);
#9620 = EDGE_CURVE('',#9613,#9621,#9623,.T.);
#9621 = VERTEX_POINT('',#9622);
#9622 = CARTESIAN_POINT('',(33.87587,-87.065807,-7.5E-02));
#9623 = LINE('',#9624,#9625);
#9624 = CARTESIAN_POINT('',(33.563981,-86.909863,-7.5E-02));
#9625 = VECTOR('',#9626,1.);
#9626 = DIRECTION('',(0.894427764554,-0.447212448389,0.));
#9627 = ORIENTED_EDGE('',*,*,#9628,.T.);
#9628 = EDGE_CURVE('',#9621,#9629,#9631,.T.);
#9629 = VERTEX_POINT('',#9630);
#9630 = CARTESIAN_POINT('',(33.896968,-87.091516,-7.5E-02));
#9631 = LINE('',#9632,#9633);
#9632 = CARTESIAN_POINT('',(33.87587,-87.065807,-7.5E-02));
#9633 = VECTOR('',#9634,1.);
#9634 = DIRECTION('',(0.634378352791,-0.773022706982,0.));
#9635 = ORIENTED_EDGE('',*,*,#9636,.T.);
#9636 = EDGE_CURVE('',#9629,#9637,#9639,.T.);
#9637 = VERTEX_POINT('',#9638);
#9638 = CARTESIAN_POINT('',(34.046302,-87.396139,-7.5E-02));
#9639 = LINE('',#9640,#9641);
#9640 = CARTESIAN_POINT('',(33.896968,-87.091516,-7.5E-02));
#9641 = VECTOR('',#9642,1.);
#9642 = DIRECTION('',(0.440178605812,-0.897910237711,0.));
#9643 = ORIENTED_EDGE('',*,*,#9644,.T.);
#9644 = EDGE_CURVE('',#9637,#9645,#9647,.T.);
#9645 = VERTEX_POINT('',#9646);
#9646 = CARTESIAN_POINT('',(34.04508,-87.716294,-7.5E-02));
#9647 = LINE('',#9648,#9649);
#9648 = CARTESIAN_POINT('',(34.046302,-87.396139,-7.5E-02));
#9649 = VECTOR('',#9650,1.);
#9650 = DIRECTION('',(-3.816873385076E-03,-0.999992715712,0.));
#9651 = ORIENTED_EDGE('',*,*,#9652,.T.);
#9652 = EDGE_CURVE('',#9645,#9653,#9655,.T.);
#9653 = VERTEX_POINT('',#9654);
#9654 = CARTESIAN_POINT('',(33.889136,-88.028184,-7.5E-02));
#9655 = LINE('',#9656,#9657);
#9656 = CARTESIAN_POINT('',(34.04508,-87.716294,-7.5E-02));
#9657 = VECTOR('',#9658,1.);
#9658 = DIRECTION('',(-0.447211301284,-0.894428338104,0.));
#9659 = ORIENTED_EDGE('',*,*,#9660,.T.);
#9660 = EDGE_CURVE('',#9653,#9661,#9663,.T.);
#9661 = VERTEX_POINT('',#9662);
#9662 = CARTESIAN_POINT('',(33.863427,-88.049282,-7.5E-02));
#9663 = LINE('',#9664,#9665);
#9664 = CARTESIAN_POINT('',(33.889136,-88.028184,-7.5E-02));
#9665 = VECTOR('',#9666,1.);
#9666 = DIRECTION('',(-0.773022706982,-0.634378352791,0.));
#9667 = ORIENTED_EDGE('',*,*,#9668,.T.);
#9668 = EDGE_CURVE('',#9661,#9669,#9671,.T.);
#9669 = VERTEX_POINT('',#9670);
#9670 = CARTESIAN_POINT('',(33.558804,-88.198616,-7.5E-02));
#9671 = LINE('',#9672,#9673);
#9672 = CARTESIAN_POINT('',(33.863427,-88.049282,-7.5E-02));
#9673 = VECTOR('',#9674,1.);
#9674 = DIRECTION('',(-0.897910237711,-0.440178605812,0.));
#9675 = ORIENTED_EDGE('',*,*,#9676,.T.);
#9676 = EDGE_CURVE('',#9669,#9677,#9679,.T.);
#9677 = VERTEX_POINT('',#9678);
#9678 = CARTESIAN_POINT('',(32.810077,-88.197394,-7.5E-02));
#9679 = LINE('',#9680,#9681);
#9680 = CARTESIAN_POINT('',(33.558804,-88.198616,-7.5E-02));
#9681 = VECTOR('',#9682,1.);
#9682 = DIRECTION('',(-0.999998668122,1.632101383339E-03,0.));
#9683 = ORIENTED_EDGE('',*,*,#9684,.T.);
#9684 = EDGE_CURVE('',#9677,#9685,#9687,.T.);
#9685 = VERTEX_POINT('',#9686);
#9686 = CARTESIAN_POINT('',(32.619172,-88.103552,-7.5E-02));
#9687 = LINE('',#9688,#9689);
#9688 = CARTESIAN_POINT('',(32.810077,-88.197394,-7.5E-02));
#9689 = VECTOR('',#9690,1.);
#9690 = DIRECTION('',(-0.897435036552,0.44114663681,0.));
#9691 = ORIENTED_EDGE('',*,*,#9692,.T.);
#9692 = EDGE_CURVE('',#9685,#9693,#9695,.T.);
#9693 = VERTEX_POINT('',#9694);
#9694 = CARTESIAN_POINT('',(32.617731,-88.139689,-7.5E-02));
#9695 = LINE('',#9696,#9697);
#9696 = CARTESIAN_POINT('',(32.619172,-88.103552,-7.5E-02));
#9697 = VECTOR('',#9698,1.);
#9698 = DIRECTION('',(-3.984436171214E-02,-0.999205898121,0.));
#9699 = ORIENTED_EDGE('',*,*,#9700,.T.);
#9700 = EDGE_CURVE('',#9693,#9701,#9703,.T.);
#9701 = VERTEX_POINT('',#9702);
#9702 = CARTESIAN_POINT('',(32.469172,-88.125057,-7.5E-02));
#9703 = CIRCLE('',#9704,7.500006711464E-02);
#9704 = AXIS2_PLACEMENT_3D('',#9705,#9706,#9707);
#9705 = CARTESIAN_POINT('',(32.544172067115,-88.12505706711,-7.5E-02));
#9706 = DIRECTION('',(-0.,0.,-1.));
#9707 = DIRECTION('',(0.980784894138,-0.195092263891,-0.));
#9708 = ORIENTED_EDGE('',*,*,#9709,.T.);
#9709 = EDGE_CURVE('',#9701,#9710,#9712,.T.);
#9710 = VERTEX_POINT('',#9711);
#9711 = CARTESIAN_POINT('',(32.471835,-86.533819,-7.5E-02));
#9712 = LINE('',#9713,#9714);
#9713 = CARTESIAN_POINT('',(32.469172,-88.125057,-7.5E-02));
#9714 = VECTOR('',#9715,1.);
#9715 = DIRECTION('',(1.673537378335E-03,0.999998599635,0.));
#9716 = ORIENTED_EDGE('',*,*,#9717,.T.);
#9717 = EDGE_CURVE('',#9710,#9718,#9720,.T.);
#9718 = VERTEX_POINT('',#9719);
#9719 = CARTESIAN_POINT('',(32.627779,-86.22193,-7.5E-02));
#9720 = LINE('',#9721,#9722);
#9721 = CARTESIAN_POINT('',(32.471835,-86.533819,-7.5E-02));
#9722 = VECTOR('',#9723,1.);
#9723 = DIRECTION('',(0.447212448389,0.894427764554,0.));
#9724 = ORIENTED_EDGE('',*,*,#9725,.T.);
#9725 = EDGE_CURVE('',#9718,#9537,#9726,.T.);
#9726 = LINE('',#9727,#9728);
#9727 = CARTESIAN_POINT('',(32.627779,-86.22193,-7.5E-02));
#9728 = VECTOR('',#9729,1.);
#9729 = DIRECTION('',(0.773022706982,0.634378352791,0.));
#9730 = FACE_BOUND('',#9731,.T.);
#9731 = EDGE_LOOP('',(#9732,#9742,#9750,#9758,#9766,#9774,#9782,#9791));
#9732 = ORIENTED_EDGE('',*,*,#9733,.T.);
#9733 = EDGE_CURVE('',#9734,#9736,#9738,.T.);
#9734 = VERTEX_POINT('',#9735);
#9735 = CARTESIAN_POINT('',(33.526467,-87.0572,-7.5E-02));
#9736 = VERTEX_POINT('',#9737);
#9737 = CARTESIAN_POINT('',(32.810076,-87.054537,-7.5E-02));
#9738 = LINE('',#9739,#9740);
#9739 = CARTESIAN_POINT('',(33.526467,-87.0572,-7.5E-02));
#9740 = VECTOR('',#9741,1.);
#9741 = DIRECTION('',(-0.999993091121,3.717218113646E-03,0.));
#9742 = ORIENTED_EDGE('',*,*,#9743,.T.);
#9743 = EDGE_CURVE('',#9736,#9744,#9746,.T.);
#9744 = VERTEX_POINT('',#9745);
#9745 = CARTESIAN_POINT('',(32.619172,-86.960695,-7.5E-02));
#9746 = LINE('',#9747,#9748);
#9747 = CARTESIAN_POINT('',(32.810076,-87.054537,-7.5E-02));
#9748 = VECTOR('',#9749,1.);
#9749 = DIRECTION('',(-0.897434121693,0.441148497925,0.));
#9750 = ORIENTED_EDGE('',*,*,#9751,.T.);
#9751 = EDGE_CURVE('',#9744,#9752,#9754,.T.);
#9752 = VERTEX_POINT('',#9753);
#9753 = CARTESIAN_POINT('',(32.619172,-87.935847,-7.5E-02));
#9754 = LINE('',#9755,#9756);
#9755 = CARTESIAN_POINT('',(32.619172,-86.960695,-7.5E-02));
#9756 = VECTOR('',#9757,1.);
#9757 = DIRECTION('',(0.,-1.,0.));
#9758 = ORIENTED_EDGE('',*,*,#9759,.T.);
#9759 = EDGE_CURVE('',#9752,#9760,#9762,.T.);
#9760 = VERTEX_POINT('',#9761);
#9761 = CARTESIAN_POINT('',(32.847591,-88.050057,-7.5E-02));
#9762 = LINE('',#9763,#9764);
#9763 = CARTESIAN_POINT('',(32.619172,-87.935847,-7.5E-02));
#9764 = VECTOR('',#9765,1.);
#9765 = DIRECTION('',(0.894426407853,-0.44721516179,0.));
#9766 = ORIENTED_EDGE('',*,*,#9767,.T.);
#9767 = EDGE_CURVE('',#9760,#9768,#9770,.T.);
#9768 = VERTEX_POINT('',#9769);
#9769 = CARTESIAN_POINT('',(33.526467,-88.050057,-7.5E-02));
#9770 = LINE('',#9771,#9772);
#9771 = CARTESIAN_POINT('',(32.847591,-88.050057,-7.5E-02));
#9772 = VECTOR('',#9773,1.);
#9773 = DIRECTION('',(1.,0.,0.));
#9774 = ORIENTED_EDGE('',*,*,#9775,.T.);
#9775 = EDGE_CURVE('',#9768,#9776,#9778,.T.);
#9776 = VERTEX_POINT('',#9777);
#9777 = CARTESIAN_POINT('',(33.773984,-87.926298,-7.5E-02));
#9778 = LINE('',#9779,#9780);
#9779 = CARTESIAN_POINT('',(33.526467,-88.050057,-7.5E-02));
#9780 = VECTOR('',#9781,1.);
#9781 = DIRECTION('',(0.89442646828,0.447215040938,0.));
#9782 = ORIENTED_EDGE('',*,*,#9783,.T.);
#9783 = EDGE_CURVE('',#9776,#9784,#9786,.T.);
#9784 = VERTEX_POINT('',#9785);
#9785 = CARTESIAN_POINT('',(33.773984,-87.180958,-7.5E-02));
#9786 = CIRCLE('',#9787,0.573523140079);
#9787 = AXIS2_PLACEMENT_3D('',#9788,#9789,#9790);
#9788 = CARTESIAN_POINT('',(33.3380415,-87.553628,-7.5E-02));
#9789 = DIRECTION('',(0.,-0.,1.));
#9790 = DIRECTION('',(0.76011318382,-0.649790695365,-0.));
#9791 = ORIENTED_EDGE('',*,*,#9792,.T.);
#9792 = EDGE_CURVE('',#9784,#9734,#9793,.T.);
#9793 = LINE('',#9794,#9795);
#9794 = CARTESIAN_POINT('',(33.773984,-87.180958,-7.5E-02));
#9795 = VECTOR('',#9796,1.);
#9796 = DIRECTION('',(-0.894427913719,0.447212150059,0.));
#9797 = PLANE('',#9798);
#9798 = AXIS2_PLACEMENT_3D('',#9799,#9800,#9801);
#9799 = CARTESIAN_POINT('',(0.,0.,-7.5E-02));
#9800 = DIRECTION('',(-0.,-0.,-1.));
#9801 = DIRECTION('',(-1.,0.,0.));
#9802 = SHELL_BASED_SURFACE_MODEL('',(#9803));
#9803 = OPEN_SHELL('',(#9804));
#9804 = ADVANCED_FACE('',(#9805,#9889),#9959,.T.);
#9805 = FACE_BOUND('',#9806,.T.);
#9806 = EDGE_LOOP('',(#9807,#9818,#9826,#9834,#9842,#9850,#9859,#9867,
    #9875,#9883));
#9807 = ORIENTED_EDGE('',*,*,#9808,.T.);
#9808 = EDGE_CURVE('',#9809,#9811,#9813,.T.);
#9809 = VERTEX_POINT('',#9810);
#9810 = CARTESIAN_POINT('',(36.790045,-86.204796,-7.5E-02));
#9811 = VERTEX_POINT('',#9812);
#9812 = CARTESIAN_POINT('',(38.03586,-86.37093,-7.5E-02));
#9813 = CIRCLE('',#9814,0.887434181142);
#9814 = AXIS2_PLACEMENT_3D('',#9815,#9816,#9817);
#9815 = CARTESIAN_POINT('',(37.330126516121,-86.90896315473,-7.5E-02));
#9816 = DIRECTION('',(0.,0.,-1.));
#9817 = DIRECTION('',(-0.608587687513,0.793486626609,0.));
#9818 = ORIENTED_EDGE('',*,*,#9819,.T.);
#9819 = EDGE_CURVE('',#9811,#9820,#9822,.T.);
#9820 = VERTEX_POINT('',#9821);
#9821 = CARTESIAN_POINT('',(38.189159,-86.681853,-7.5E-02));
#9822 = LINE('',#9823,#9824);
#9823 = CARTESIAN_POINT('',(38.03586,-86.37093,-7.5E-02));
#9824 = VECTOR('',#9825,1.);
#9825 = DIRECTION('',(0.442216164967,-0.896908503383,0.));
#9826 = ORIENTED_EDGE('',*,*,#9827,.T.);
#9827 = EDGE_CURVE('',#9820,#9828,#9830,.T.);
#9828 = VERTEX_POINT('',#9829);
#9829 = CARTESIAN_POINT('',(38.187937,-87.573437,-7.5E-02));
#9830 = LINE('',#9831,#9832);
#9831 = CARTESIAN_POINT('',(38.189159,-86.681853,-7.5E-02));
#9832 = VECTOR('',#9833,1.);
#9833 = DIRECTION('',(-1.370593070556E-03,-0.999999060737,0.));
#9834 = ORIENTED_EDGE('',*,*,#9835,.T.);
#9835 = EDGE_CURVE('',#9828,#9836,#9838,.T.);
#9836 = VERTEX_POINT('',#9837);
#9837 = CARTESIAN_POINT('',(38.030494,-87.886625,-7.5E-02));
#9838 = LINE('',#9839,#9840);
#9839 = CARTESIAN_POINT('',(38.187937,-87.573437,-7.5E-02));
#9840 = VECTOR('',#9841,1.);
#9841 = DIRECTION('',(-0.449150153931,-0.893456288368,0.));
#9842 = ORIENTED_EDGE('',*,*,#9843,.T.);
#9843 = EDGE_CURVE('',#9836,#9844,#9846,.T.);
#9844 = VERTEX_POINT('',#9845);
#9845 = CARTESIAN_POINT('',(37.869726,-88.045317,-7.5E-02));
#9846 = LINE('',#9847,#9848);
#9847 = CARTESIAN_POINT('',(38.030494,-87.886625,-7.5E-02));
#9848 = VECTOR('',#9849,1.);
#9849 = DIRECTION('',(-0.711686863545,-0.70249683861,0.));
#9850 = ORIENTED_EDGE('',*,*,#9851,.T.);
#9851 = EDGE_CURVE('',#9844,#9852,#9854,.T.);
#9852 = VERTEX_POINT('',#9853);
#9853 = CARTESIAN_POINT('',(36.62391,-87.879179,-7.5E-02));
#9854 = CIRCLE('',#9855,0.887009623037);
#9855 = AXIS2_PLACEMENT_3D('',#9856,#9857,#9858);
#9856 = CARTESIAN_POINT('',(37.329566275463,-87.34174501125,-7.5E-02));
#9857 = DIRECTION('',(-0.,0.,-1.));
#9858 = DIRECTION('',(0.608967152676,-0.793195440583,-0.));
#9859 = ORIENTED_EDGE('',*,*,#9860,.T.);
#9860 = EDGE_CURVE('',#9852,#9861,#9863,.T.);
#9861 = VERTEX_POINT('',#9862);
#9862 = CARTESIAN_POINT('',(36.470612,-87.56826,-7.5E-02));
#9863 = LINE('',#9864,#9865);
#9864 = CARTESIAN_POINT('',(36.62391,-87.879179,-7.5E-02));
#9865 = VECTOR('',#9866,1.);
#9866 = DIRECTION('',(-0.442218420987,0.896907391061,0.));
#9867 = ORIENTED_EDGE('',*,*,#9868,.T.);
#9868 = EDGE_CURVE('',#9861,#9869,#9871,.T.);
#9869 = VERTEX_POINT('',#9870);
#9870 = CARTESIAN_POINT('',(36.471834,-86.676675,-7.5E-02));
#9871 = LINE('',#9872,#9873);
#9872 = CARTESIAN_POINT('',(36.470612,-87.56826,-7.5E-02));
#9873 = VECTOR('',#9874,1.);
#9874 = DIRECTION('',(1.370591533305E-03,0.999999060739,0.));
#9875 = ORIENTED_EDGE('',*,*,#9876,.T.);
#9876 = EDGE_CURVE('',#9869,#9877,#9879,.T.);
#9877 = VERTEX_POINT('',#9878);
#9878 = CARTESIAN_POINT('',(36.629277,-86.363487,-7.5E-02));
#9879 = LINE('',#9880,#9881);
#9880 = CARTESIAN_POINT('',(36.471834,-86.676675,-7.5E-02));
#9881 = VECTOR('',#9882,1.);
#9882 = DIRECTION('',(0.449150153931,0.893456288368,0.));
#9883 = ORIENTED_EDGE('',*,*,#9884,.T.);
#9884 = EDGE_CURVE('',#9877,#9809,#9885,.T.);
#9885 = LINE('',#9886,#9887);
#9886 = CARTESIAN_POINT('',(36.629277,-86.363487,-7.5E-02));
#9887 = VECTOR('',#9888,1.);
#9888 = DIRECTION('',(0.711689076759,0.702494596437,0.));
#9889 = FACE_BOUND('',#9890,.T.);
#9890 = EDGE_LOOP('',(#9891,#9902,#9910,#9919,#9927,#9936,#9944,#9953));
#9891 = ORIENTED_EDGE('',*,*,#9892,.T.);
#9892 = EDGE_CURVE('',#9893,#9895,#9897,.T.);
#9893 = VERTEX_POINT('',#9894);
#9894 = CARTESIAN_POINT('',(37.785459,-86.329553,-7.5E-02));
#9895 = VERTEX_POINT('',#9896);
#9896 = CARTESIAN_POINT('',(36.874313,-86.329553,-7.5E-02));
#9897 = CIRCLE('',#9898,0.743365702172);
#9898 = AXIS2_PLACEMENT_3D('',#9899,#9900,#9901);
#9899 = CARTESIAN_POINT('',(37.329886,-86.916959,-7.5E-02));
#9900 = DIRECTION('',(0.,0.,1.));
#9901 = DIRECTION('',(0.612851788385,0.790197877416,-0.));
#9902 = ORIENTED_EDGE('',*,*,#9903,.T.);
#9903 = EDGE_CURVE('',#9895,#9904,#9906,.T.);
#9904 = VERTEX_POINT('',#9905);
#9905 = CARTESIAN_POINT('',(36.748668,-86.455197,-7.5E-02));
#9906 = LINE('',#9907,#9908);
#9907 = CARTESIAN_POINT('',(36.874313,-86.329553,-7.5E-02));
#9908 = VECTOR('',#9909,1.);
#9909 = DIRECTION('',(-0.7071095951,-0.707103967262,0.));
#9910 = ORIENTED_EDGE('',*,*,#9911,.T.);
#9911 = EDGE_CURVE('',#9904,#9912,#9914,.T.);
#9912 = VERTEX_POINT('',#9913);
#9913 = CARTESIAN_POINT('',(36.748668,-87.794916,-7.5E-02));
#9914 = CIRCLE('',#9915,1.216927915431);
#9915 = AXIS2_PLACEMENT_3D('',#9916,#9917,#9918);
#9916 = CARTESIAN_POINT('',(37.764641327216,-87.1250565,-7.5E-02));
#9917 = DIRECTION('',(0.,0.,1.));
#9918 = DIRECTION('',(-0.834867303423,0.550451256402,0.));
#9919 = ORIENTED_EDGE('',*,*,#9920,.T.);
#9920 = EDGE_CURVE('',#9912,#9921,#9923,.T.);
#9921 = VERTEX_POINT('',#9922);
#9922 = CARTESIAN_POINT('',(36.874313,-87.920561,-7.5E-02));
#9923 = LINE('',#9924,#9925);
#9924 = CARTESIAN_POINT('',(36.748668,-87.794916,-7.5E-02));
#9925 = VECTOR('',#9926,1.);
#9926 = DIRECTION('',(0.707106781187,-0.707106781187,0.));
#9927 = ORIENTED_EDGE('',*,*,#9928,.T.);
#9928 = EDGE_CURVE('',#9921,#9929,#9931,.T.);
#9929 = VERTEX_POINT('',#9930);
#9930 = CARTESIAN_POINT('',(37.785458,-87.920561,-7.5E-02));
#9931 = CIRCLE('',#9932,0.743364605548);
#9932 = AXIS2_PLACEMENT_3D('',#9933,#9934,#9935);
#9933 = CARTESIAN_POINT('',(37.3298855,-87.333156,-7.5E-02));
#9934 = DIRECTION('',(0.,0.,1.));
#9935 = DIRECTION('',(-0.612852019857,-0.790197697894,0.));
#9936 = ORIENTED_EDGE('',*,*,#9937,.T.);
#9937 = EDGE_CURVE('',#9929,#9938,#9940,.T.);
#9938 = VERTEX_POINT('',#9939);
#9939 = CARTESIAN_POINT('',(37.911103,-87.794915,-7.5E-02));
#9940 = LINE('',#9941,#9942);
#9941 = CARTESIAN_POINT('',(37.785458,-87.920561,-7.5E-02));
#9942 = VECTOR('',#9943,1.);
#9943 = DIRECTION('',(0.707103967285,0.707109595077,0.));
#9944 = ORIENTED_EDGE('',*,*,#9945,.T.);
#9945 = EDGE_CURVE('',#9938,#9946,#9948,.T.);
#9946 = VERTEX_POINT('',#9947);
#9947 = CARTESIAN_POINT('',(37.911104,-86.455198,-7.5E-02));
#9948 = CIRCLE('',#9949,1.21692473006);
#9949 = AXIS2_PLACEMENT_3D('',#9950,#9951,#9952);
#9950 = CARTESIAN_POINT('',(36.895133328878,-87.12505574165,-7.5E-02));
#9951 = DIRECTION('',(0.,-0.,1.));
#9952 = DIRECTION('',(0.834866484365,-0.550452498663,-0.));
#9953 = ORIENTED_EDGE('',*,*,#9954,.T.);
#9954 = EDGE_CURVE('',#9946,#9893,#9955,.T.);
#9955 = LINE('',#9956,#9957);
#9956 = CARTESIAN_POINT('',(37.911104,-86.455198,-7.5E-02));
#9957 = VECTOR('',#9958,1.);
#9958 = DIRECTION('',(-0.707106781187,0.707106781187,0.));
#9959 = PLANE('',#9960);
#9960 = AXIS2_PLACEMENT_3D('',#9961,#9962,#9963);
#9961 = CARTESIAN_POINT('',(0.,0.,-7.5E-02));
#9962 = DIRECTION('',(-0.,-0.,-1.));
#9963 = DIRECTION('',(-1.,0.,0.));
#9964 = SHELL_BASED_SURFACE_MODEL('',(#9965));
#9965 = OPEN_SHELL('',(#9966));
#9966 = ADVANCED_FACE('',(#9967),#10141,.T.);
#9967 = FACE_BOUND('',#9968,.T.);
#9968 = EDGE_LOOP('',(#9969,#9980,#9988,#9996,#10005,#10013,#10021,
    #10029,#10037,#10045,#10053,#10062,#10070,#10078,#10086,#10094,
    #10102,#10111,#10119,#10127,#10135));
#9969 = ORIENTED_EDGE('',*,*,#9970,.T.);
#9970 = EDGE_CURVE('',#9971,#9973,#9975,.T.);
#9971 = VERTEX_POINT('',#9972);
#9972 = CARTESIAN_POINT('',(39.645361,-85.062697,-7.5E-02));
#9973 = VERTEX_POINT('',#9974);
#9974 = CARTESIAN_POINT('',(39.762029,-85.125057,-7.5E-02));
#9975 = CIRCLE('',#9976,7.500000000003E-02);
#9976 = AXIS2_PLACEMENT_3D('',#9977,#9978,#9979);
#9977 = CARTESIAN_POINT('',(39.687029,-85.12505706555,-7.5E-02));
#9978 = DIRECTION('',(0.,0.,-1.));
#9979 = DIRECTION('',(-0.555573333333,0.831467540731,0.));
#9980 = ORIENTED_EDGE('',*,*,#9981,.T.);
#9981 = EDGE_CURVE('',#9973,#9982,#9984,.T.);
#9982 = VERTEX_POINT('',#9983);
#9983 = CARTESIAN_POINT('',(39.762029,-86.050057,-7.5E-02));
#9984 = LINE('',#9985,#9986);
#9985 = CARTESIAN_POINT('',(39.762029,-85.125057,-7.5E-02));
#9986 = VECTOR('',#9987,1.);
#9987 = DIRECTION('',(0.,-1.,0.));
#9988 = ORIENTED_EDGE('',*,*,#9989,.T.);
#9989 = EDGE_CURVE('',#9982,#9990,#9992,.T.);
#9990 = VERTEX_POINT('',#9991);
#9991 = CARTESIAN_POINT('',(40.130232,-86.051498,-7.5E-02));
#9992 = LINE('',#9993,#9994);
#9993 = CARTESIAN_POINT('',(39.762029,-86.050057,-7.5E-02));
#9994 = VECTOR('',#9995,1.);
#9995 = DIRECTION('',(0.999992341948,-3.913572037019E-03,0.));
#9996 = ORIENTED_EDGE('',*,*,#9997,.T.);
#9997 = EDGE_CURVE('',#9990,#9998,#10000,.T.);
#9998 = VERTEX_POINT('',#9999);
#9999 = CARTESIAN_POINT('',(40.1156,-86.200057,-7.5E-02));
#10000 = CIRCLE('',#10001,7.500006711464E-02);
#10001 = AXIS2_PLACEMENT_3D('',#10002,#10003,#10004);
#10002 = CARTESIAN_POINT('',(40.115600067115,-86.12505693288,-7.5E-02));
#10003 = DIRECTION('',(0.,0.,-1.));
#10004 = DIRECTION('',(0.195092263891,0.980784894138,0.));
#10005 = ORIENTED_EDGE('',*,*,#10006,.T.);
#10006 = EDGE_CURVE('',#9998,#10007,#10009,.T.);
#10007 = VERTEX_POINT('',#10008);
#10008 = CARTESIAN_POINT('',(39.762029,-86.200057,-7.5E-02));
#10009 = LINE('',#10010,#10011);
#10010 = CARTESIAN_POINT('',(40.1156,-86.200057,-7.5E-02));
#10011 = VECTOR('',#10012,1.);
#10012 = DIRECTION('',(-1.,0.,0.));
#10013 = ORIENTED_EDGE('',*,*,#10014,.T.);
#10014 = EDGE_CURVE('',#10007,#10015,#10017,.T.);
#10015 = VERTEX_POINT('',#10016);
#10016 = CARTESIAN_POINT('',(39.759366,-87.716294,-7.5E-02));
#10017 = LINE('',#10018,#10019);
#10018 = CARTESIAN_POINT('',(39.762029,-86.200057,-7.5E-02));
#10019 = VECTOR('',#10020,1.);
#10020 = DIRECTION('',(-1.756319027154E-03,-0.999998457671,0.));
#10021 = ORIENTED_EDGE('',*,*,#10022,.T.);
#10022 = EDGE_CURVE('',#10015,#10023,#10025,.T.);
#10023 = VERTEX_POINT('',#10024);
#10024 = CARTESIAN_POINT('',(39.603422,-88.028184,-7.5E-02));
#10025 = LINE('',#10026,#10027);
#10026 = CARTESIAN_POINT('',(39.759366,-87.716294,-7.5E-02));
#10027 = VECTOR('',#10028,1.);
#10028 = DIRECTION('',(-0.447211301284,-0.894428338104,0.));
#10029 = ORIENTED_EDGE('',*,*,#10030,.T.);
#10030 = EDGE_CURVE('',#10023,#10031,#10033,.T.);
#10031 = VERTEX_POINT('',#10032);
#10032 = CARTESIAN_POINT('',(39.577713,-88.049282,-7.5E-02));
#10033 = LINE('',#10034,#10035);
#10034 = CARTESIAN_POINT('',(39.603422,-88.028184,-7.5E-02));
#10035 = VECTOR('',#10036,1.);
#10036 = DIRECTION('',(-0.773022706982,-0.634378352791,0.));
#10037 = ORIENTED_EDGE('',*,*,#10038,.T.);
#10038 = EDGE_CURVE('',#10031,#10039,#10041,.T.);
#10039 = VERTEX_POINT('',#10040);
#10040 = CARTESIAN_POINT('',(39.273089,-88.198616,-7.5E-02));
#10041 = LINE('',#10042,#10043);
#10042 = CARTESIAN_POINT('',(39.577713,-88.049282,-7.5E-02));
#10043 = VECTOR('',#10044,1.);
#10044 = DIRECTION('',(-0.897910808829,-0.440177440798,0.));
#10045 = ORIENTED_EDGE('',*,*,#10046,.T.);
#10046 = EDGE_CURVE('',#10039,#10047,#10049,.T.);
#10047 = VERTEX_POINT('',#10048);
#10048 = CARTESIAN_POINT('',(38.958111,-88.198616,-7.5E-02));
#10049 = LINE('',#10050,#10051);
#10050 = CARTESIAN_POINT('',(39.273089,-88.198616,-7.5E-02));
#10051 = VECTOR('',#10052,1.);
#10052 = DIRECTION('',(-1.,0.,0.));
#10053 = ORIENTED_EDGE('',*,*,#10054,.T.);
#10054 = EDGE_CURVE('',#10047,#10055,#10057,.T.);
#10055 = VERTEX_POINT('',#10056);
#10056 = CARTESIAN_POINT('',(38.972743,-88.050057,-7.5E-02));
#10057 = CIRCLE('',#10058,7.500006711464E-02);
#10058 = AXIS2_PLACEMENT_3D('',#10059,#10060,#10061);
#10059 = CARTESIAN_POINT('',(38.972742932885,-88.12505706711,-7.5E-02));
#10060 = DIRECTION('',(0.,0.,-1.));
#10061 = DIRECTION('',(-0.195092263891,-0.980784894138,-0.));
#10062 = ORIENTED_EDGE('',*,*,#10063,.T.);
#10063 = EDGE_CURVE('',#10055,#10064,#10066,.T.);
#10064 = VERTEX_POINT('',#10065);
#10065 = CARTESIAN_POINT('',(39.240752,-88.050057,-7.5E-02));
#10066 = LINE('',#10067,#10068);
#10067 = CARTESIAN_POINT('',(38.972743,-88.050057,-7.5E-02));
#10068 = VECTOR('',#10069,1.);
#10069 = DIRECTION('',(1.,0.,0.));
#10070 = ORIENTED_EDGE('',*,*,#10071,.T.);
#10071 = EDGE_CURVE('',#10064,#10072,#10074,.T.);
#10072 = VERTEX_POINT('',#10073);
#10073 = CARTESIAN_POINT('',(39.48827,-87.926298,-7.5E-02));
#10074 = LINE('',#10075,#10076);
#10075 = CARTESIAN_POINT('',(39.240752,-88.050057,-7.5E-02));
#10076 = VECTOR('',#10077,1.);
#10077 = DIRECTION('',(0.894427191,0.4472135955,0.));
#10078 = ORIENTED_EDGE('',*,*,#10079,.T.);
#10079 = EDGE_CURVE('',#10072,#10080,#10082,.T.);
#10080 = VERTEX_POINT('',#10081);
#10081 = CARTESIAN_POINT('',(39.612029,-87.67878,-7.5E-02));
#10082 = LINE('',#10083,#10084);
#10083 = CARTESIAN_POINT('',(39.48827,-87.926298,-7.5E-02));
#10084 = VECTOR('',#10085,1.);
#10085 = DIRECTION('',(0.4472135955,0.894427191,0.));
#10086 = ORIENTED_EDGE('',*,*,#10087,.T.);
#10087 = EDGE_CURVE('',#10080,#10088,#10090,.T.);
#10088 = VERTEX_POINT('',#10089);
#10089 = CARTESIAN_POINT('',(39.612029,-86.200057,-7.5E-02));
#10090 = LINE('',#10091,#10092);
#10091 = CARTESIAN_POINT('',(39.612029,-87.67878,-7.5E-02));
#10092 = VECTOR('',#10093,1.);
#10093 = DIRECTION('',(0.,1.,0.));
#10094 = ORIENTED_EDGE('',*,*,#10095,.T.);
#10095 = EDGE_CURVE('',#10088,#10096,#10098,.T.);
#10096 = VERTEX_POINT('',#10097);
#10097 = CARTESIAN_POINT('',(38.958111,-86.198616,-7.5E-02));
#10098 = LINE('',#10099,#10100);
#10099 = CARTESIAN_POINT('',(39.612029,-86.200057,-7.5E-02));
#10100 = VECTOR('',#10101,1.);
#10101 = DIRECTION('',(-0.999997571994,2.203634861317E-03,0.));
#10102 = ORIENTED_EDGE('',*,*,#10103,.T.);
#10103 = EDGE_CURVE('',#10096,#10104,#10106,.T.);
#10104 = VERTEX_POINT('',#10105);
#10105 = CARTESIAN_POINT('',(38.972743,-86.050057,-7.5E-02));
#10106 = CIRCLE('',#10107,7.500006711464E-02);
#10107 = AXIS2_PLACEMENT_3D('',#10108,#10109,#10110);
#10108 = CARTESIAN_POINT('',(38.972742932885,-86.12505706711,-7.5E-02));
#10109 = DIRECTION('',(0.,0.,-1.));
#10110 = DIRECTION('',(-0.195092263891,-0.980784894138,-0.));
#10111 = ORIENTED_EDGE('',*,*,#10112,.T.);
#10112 = EDGE_CURVE('',#10104,#10113,#10115,.T.);
#10113 = VERTEX_POINT('',#10114);
#10114 = CARTESIAN_POINT('',(39.612029,-86.050057,-7.5E-02));
#10115 = LINE('',#10116,#10117);
#10116 = CARTESIAN_POINT('',(38.972743,-86.050057,-7.5E-02));
#10117 = VECTOR('',#10118,1.);
#10118 = DIRECTION('',(1.,0.,0.));
#10119 = ORIENTED_EDGE('',*,*,#10120,.T.);
#10120 = EDGE_CURVE('',#10113,#10121,#10123,.T.);
#10121 = VERTEX_POINT('',#10122);
#10122 = CARTESIAN_POINT('',(39.61347,-85.110425,-7.5E-02));
#10123 = LINE('',#10124,#10125);
#10124 = CARTESIAN_POINT('',(39.612029,-86.050057,-7.5E-02));
#10125 = VECTOR('',#10126,1.);
#10126 = DIRECTION('',(1.533577299926E-03,0.99999882407,0.));
#10127 = ORIENTED_EDGE('',*,*,#10128,.T.);
#10128 = EDGE_CURVE('',#10121,#10129,#10131,.T.);
#10129 = VERTEX_POINT('',#10130);
#10130 = CARTESIAN_POINT('',(39.624669,-85.083389,-7.5E-02));
#10131 = LINE('',#10132,#10133);
#10132 = CARTESIAN_POINT('',(39.61347,-85.110425,-7.5E-02));
#10133 = VECTOR('',#10134,1.);
#10134 = DIRECTION('',(0.38269282806,0.923875640631,0.));
#10135 = ORIENTED_EDGE('',*,*,#10136,.T.);
#10136 = EDGE_CURVE('',#10129,#9971,#10137,.T.);
#10137 = LINE('',#10138,#10139);
#10138 = CARTESIAN_POINT('',(39.624669,-85.083389,-7.5E-02));
#10139 = VECTOR('',#10140,1.);
#10140 = DIRECTION('',(0.707106781187,0.707106781186,0.));
#10141 = PLANE('',#10142);
#10142 = AXIS2_PLACEMENT_3D('',#10143,#10144,#10145);
#10143 = CARTESIAN_POINT('',(0.,0.,-7.5E-02));
#10144 = DIRECTION('',(-0.,-0.,-1.));
#10145 = DIRECTION('',(-1.,0.,0.));
#10146 = SHELL_BASED_SURFACE_MODEL('',(#10147));
#10147 = OPEN_SHELL('',(#10148));
#10148 = ADVANCED_FACE('',(#10149),#10411,.T.);
#10149 = FACE_BOUND('',#10150,.T.);
#10150 = EDGE_LOOP('',(#10151,#10162,#10170,#10178,#10186,#10194,#10202,
    #10210,#10218,#10226,#10234,#10242,#10250,#10259,#10267,#10275,
    #10283,#10292,#10300,#10308,#10316,#10324,#10332,#10340,#10348,
    #10356,#10364,#10372,#10380,#10389,#10397,#10405));
#10151 = ORIENTED_EDGE('',*,*,#10152,.T.);
#10152 = EDGE_CURVE('',#10153,#10155,#10157,.T.);
#10153 = VERTEX_POINT('',#10154);
#10154 = CARTESIAN_POINT('',(41.135409,-86.340251,-7.5E-02));
#10155 = VERTEX_POINT('',#10156);
#10156 = CARTESIAN_POINT('',(41.082059,-86.200832,-7.5E-02));
#10157 = CIRCLE('',#10158,7.500005272361E-02);
#10158 = AXIS2_PLACEMENT_3D('',#10159,#10160,#10161);
#10159 = CARTESIAN_POINT('',(41.11559955676,-86.26791432972,-7.5E-02));
#10160 = DIRECTION('',(0.,0.,-1.));
#10161 = DIRECTION('',(0.264125724196,-0.964488259036,0.));
#10162 = ORIENTED_EDGE('',*,*,#10163,.T.);
#10163 = EDGE_CURVE('',#10155,#10164,#10166,.T.);
#10164 = VERTEX_POINT('',#10165);
#10165 = CARTESIAN_POINT('',(41.386682,-86.051498,-7.5E-02));
#10166 = LINE('',#10167,#10168);
#10167 = CARTESIAN_POINT('',(41.082059,-86.200832,-7.5E-02));
#10168 = VECTOR('',#10169,1.);
#10169 = DIRECTION('',(0.897910237711,0.440178605812,0.));
#10170 = ORIENTED_EDGE('',*,*,#10171,.T.);
#10171 = EDGE_CURVE('',#10164,#10172,#10174,.T.);
#10172 = VERTEX_POINT('',#10173);
#10173 = CARTESIAN_POINT('',(41.844518,-86.051498,-7.5E-02));
#10174 = LINE('',#10175,#10176);
#10175 = CARTESIAN_POINT('',(41.386682,-86.051498,-7.5E-02));
#10176 = VECTOR('',#10177,1.);
#10177 = DIRECTION('',(1.,0.,0.));
#10178 = ORIENTED_EDGE('',*,*,#10179,.T.);
#10179 = EDGE_CURVE('',#10172,#10180,#10182,.T.);
#10180 = VERTEX_POINT('',#10181);
#10181 = CARTESIAN_POINT('',(42.161584,-86.208664,-7.5E-02));
#10182 = LINE('',#10183,#10184);
#10183 = CARTESIAN_POINT('',(41.844518,-86.051498,-7.5E-02));
#10184 = VECTOR('',#10185,1.);
#10185 = DIRECTION('',(0.89596700311,-0.444120624762,0.));
#10186 = ORIENTED_EDGE('',*,*,#10187,.T.);
#10187 = EDGE_CURVE('',#10180,#10188,#10190,.T.);
#10188 = VERTEX_POINT('',#10189);
#10189 = CARTESIAN_POINT('',(42.182682,-86.234373,-7.5E-02));
#10190 = LINE('',#10191,#10192);
#10191 = CARTESIAN_POINT('',(42.161584,-86.208664,-7.5E-02));
#10192 = VECTOR('',#10193,1.);
#10193 = DIRECTION('',(0.634378352791,-0.773022706982,0.));
#10194 = ORIENTED_EDGE('',*,*,#10195,.T.);
#10195 = EDGE_CURVE('',#10188,#10196,#10198,.T.);
#10196 = VERTEX_POINT('',#10197);
#10197 = CARTESIAN_POINT('',(42.332016,-86.538996,-7.5E-02));
#10198 = LINE('',#10199,#10200);
#10199 = CARTESIAN_POINT('',(42.182682,-86.234373,-7.5E-02));
#10200 = VECTOR('',#10201,1.);
#10201 = DIRECTION('',(0.440178605812,-0.897910237711,0.));
#10202 = ORIENTED_EDGE('',*,*,#10203,.T.);
#10203 = EDGE_CURVE('',#10196,#10204,#10206,.T.);
#10204 = VERTEX_POINT('',#10205);
#10205 = CARTESIAN_POINT('',(42.330794,-86.716294,-7.5E-02));
#10206 = LINE('',#10207,#10208);
#10207 = CARTESIAN_POINT('',(42.332016,-86.538996,-7.5E-02));
#10208 = VECTOR('',#10209,1.);
#10209 = DIRECTION('',(-6.892187028568E-03,-0.999976248597,0.));
#10210 = ORIENTED_EDGE('',*,*,#10211,.T.);
#10211 = EDGE_CURVE('',#10204,#10212,#10214,.T.);
#10212 = VERTEX_POINT('',#10213);
#10213 = CARTESIAN_POINT('',(42.17485,-87.028184,-7.5E-02));
#10214 = LINE('',#10215,#10216);
#10215 = CARTESIAN_POINT('',(42.330794,-86.716294,-7.5E-02));
#10216 = VECTOR('',#10217,1.);
#10217 = DIRECTION('',(-0.447211301284,-0.894428338104,0.));
#10218 = ORIENTED_EDGE('',*,*,#10219,.T.);
#10219 = EDGE_CURVE('',#10212,#10220,#10222,.T.);
#10220 = VERTEX_POINT('',#10221);
#10221 = CARTESIAN_POINT('',(42.149141,-87.049282,-7.5E-02));
#10222 = LINE('',#10223,#10224);
#10223 = CARTESIAN_POINT('',(42.17485,-87.028184,-7.5E-02));
#10224 = VECTOR('',#10225,1.);
#10225 = DIRECTION('',(-0.773022706982,-0.634378352791,0.));
#10226 = ORIENTED_EDGE('',*,*,#10227,.T.);
#10227 = EDGE_CURVE('',#10220,#10228,#10230,.T.);
#10228 = VERTEX_POINT('',#10229);
#10229 = CARTESIAN_POINT('',(41.844518,-87.198616,-7.5E-02));
#10230 = LINE('',#10231,#10232);
#10231 = CARTESIAN_POINT('',(42.149141,-87.049282,-7.5E-02));
#10232 = VECTOR('',#10233,1.);
#10233 = DIRECTION('',(-0.897910237711,-0.440178605812,0.));
#10234 = ORIENTED_EDGE('',*,*,#10235,.T.);
#10235 = EDGE_CURVE('',#10228,#10236,#10238,.T.);
#10236 = VERTEX_POINT('',#10237);
#10237 = CARTESIAN_POINT('',(41.419019,-87.200057,-7.5E-02));
#10238 = LINE('',#10239,#10240);
#10239 = CARTESIAN_POINT('',(41.844518,-87.198616,-7.5E-02));
#10240 = VECTOR('',#10241,1.);
#10241 = DIRECTION('',(-0.999994265479,-3.386592533837E-03,0.));
#10242 = ORIENTED_EDGE('',*,*,#10243,.T.);
#10243 = EDGE_CURVE('',#10236,#10244,#10246,.T.);
#10244 = VERTEX_POINT('',#10245);
#10245 = CARTESIAN_POINT('',(41.171501,-87.323815,-7.5E-02));
#10246 = LINE('',#10247,#10248);
#10247 = CARTESIAN_POINT('',(41.419019,-87.200057,-7.5E-02));
#10248 = VECTOR('',#10249,1.);
#10249 = DIRECTION('',(-0.894428636431,-0.447210704625,0.));
#10250 = ORIENTED_EDGE('',*,*,#10251,.T.);
#10251 = EDGE_CURVE('',#10244,#10252,#10254,.T.);
#10252 = VERTEX_POINT('',#10253);
#10253 = CARTESIAN_POINT('',(41.171501,-87.926298,-7.5E-02));
#10254 = CIRCLE('',#10255,0.420294570505);
#10255 = AXIS2_PLACEMENT_3D('',#10256,#10257,#10258);
#10256 = CARTESIAN_POINT('',(41.464589868219,-87.6250565,-7.5E-02));
#10257 = DIRECTION('',(0.,0.,1.));
#10258 = DIRECTION('',(-0.697341552299,0.716738975805,0.));
#10259 = ORIENTED_EDGE('',*,*,#10260,.T.);
#10260 = EDGE_CURVE('',#10252,#10261,#10263,.T.);
#10261 = VERTEX_POINT('',#10262);
#10262 = CARTESIAN_POINT('',(41.419019,-88.050057,-7.5E-02));
#10263 = LINE('',#10264,#10265);
#10264 = CARTESIAN_POINT('',(41.171501,-87.926298,-7.5E-02));
#10265 = VECTOR('',#10266,1.);
#10266 = DIRECTION('',(0.894427191,-0.4472135955,0.));
#10267 = ORIENTED_EDGE('',*,*,#10268,.T.);
#10268 = EDGE_CURVE('',#10261,#10269,#10271,.T.);
#10269 = VERTEX_POINT('',#10270);
#10270 = CARTESIAN_POINT('',(41.955038,-88.050057,-7.5E-02));
#10271 = LINE('',#10272,#10273);
#10272 = CARTESIAN_POINT('',(41.419019,-88.050057,-7.5E-02));
#10273 = VECTOR('',#10274,1.);
#10274 = DIRECTION('',(1.,0.,0.));
#10275 = ORIENTED_EDGE('',*,*,#10276,.T.);
#10276 = EDGE_CURVE('',#10269,#10277,#10279,.T.);
#10277 = VERTEX_POINT('',#10278);
#10278 = CARTESIAN_POINT('',(42.238648,-87.909863,-7.5E-02));
#10279 = LINE('',#10280,#10281);
#10280 = CARTESIAN_POINT('',(41.955038,-88.050057,-7.5E-02));
#10281 = VECTOR('',#10282,1.);
#10282 = DIRECTION('',(0.89645477953,0.443135225702,0.));
#10283 = ORIENTED_EDGE('',*,*,#10284,.T.);
#10284 = EDGE_CURVE('',#10277,#10285,#10287,.T.);
#10285 = VERTEX_POINT('',#10286);
#10286 = CARTESIAN_POINT('',(42.291998,-88.049282,-7.5E-02));
#10287 = CIRCLE('',#10288,7.500005272362E-02);
#10288 = AXIS2_PLACEMENT_3D('',#10289,#10290,#10291);
#10289 = CARTESIAN_POINT('',(42.25845744324,-87.98219967027,-7.5E-02));
#10290 = DIRECTION('',(0.,0.,-1.));
#10291 = DIRECTION('',(-0.264125724196,0.964488259036,-0.));
#10292 = ORIENTED_EDGE('',*,*,#10293,.T.);
#10293 = EDGE_CURVE('',#10285,#10294,#10296,.T.);
#10294 = VERTEX_POINT('',#10295);
#10295 = CARTESIAN_POINT('',(41.987375,-88.198616,-7.5E-02));
#10296 = LINE('',#10297,#10298);
#10297 = CARTESIAN_POINT('',(42.291998,-88.049282,-7.5E-02));
#10298 = VECTOR('',#10299,1.);
#10299 = DIRECTION('',(-0.897910237711,-0.440178605812,0.));
#10300 = ORIENTED_EDGE('',*,*,#10301,.T.);
#10301 = EDGE_CURVE('',#10294,#10302,#10304,.T.);
#10302 = VERTEX_POINT('',#10303);
#10303 = CARTESIAN_POINT('',(41.381505,-88.197394,-7.5E-02));
#10304 = LINE('',#10305,#10306);
#10305 = CARTESIAN_POINT('',(41.987375,-88.198616,-7.5E-02));
#10306 = VECTOR('',#10307,1.);
#10307 = DIRECTION('',(-0.999997965994,2.016930223387E-03,0.));
#10308 = ORIENTED_EDGE('',*,*,#10309,.T.);
#10309 = EDGE_CURVE('',#10302,#10310,#10312,.T.);
#10310 = VERTEX_POINT('',#10311);
#10311 = CARTESIAN_POINT('',(41.069616,-88.04145,-7.5E-02));
#10312 = LINE('',#10313,#10314);
#10313 = CARTESIAN_POINT('',(41.381505,-88.197394,-7.5E-02));
#10314 = VECTOR('',#10315,1.);
#10315 = DIRECTION('',(-0.894427764554,0.447212448389,0.));
#10316 = ORIENTED_EDGE('',*,*,#10317,.T.);
#10317 = EDGE_CURVE('',#10310,#10318,#10320,.T.);
#10318 = VERTEX_POINT('',#10319);
#10319 = CARTESIAN_POINT('',(41.048518,-88.015741,-7.5E-02));
#10320 = LINE('',#10321,#10322);
#10321 = CARTESIAN_POINT('',(41.069616,-88.04145,-7.5E-02));
#10322 = VECTOR('',#10323,1.);
#10323 = DIRECTION('',(-0.634378352791,0.773022706982,0.));
#10324 = ORIENTED_EDGE('',*,*,#10325,.T.);
#10325 = EDGE_CURVE('',#10318,#10326,#10328,.T.);
#10326 = VERTEX_POINT('',#10327);
#10327 = CARTESIAN_POINT('',(40.899184,-87.711117,-7.5E-02));
#10328 = LINE('',#10329,#10330);
#10329 = CARTESIAN_POINT('',(41.048518,-88.015741,-7.5E-02));
#10330 = VECTOR('',#10331,1.);
#10331 = DIRECTION('',(-0.440177440798,0.897910808829,0.));
#10332 = ORIENTED_EDGE('',*,*,#10333,.T.);
#10333 = EDGE_CURVE('',#10326,#10334,#10336,.T.);
#10334 = VERTEX_POINT('',#10335);
#10335 = CARTESIAN_POINT('',(40.900406,-87.533819,-7.5E-02));
#10336 = LINE('',#10337,#10338);
#10337 = CARTESIAN_POINT('',(40.899184,-87.711117,-7.5E-02));
#10338 = VECTOR('',#10339,1.);
#10339 = DIRECTION('',(6.892187028528E-03,0.999976248597,0.));
#10340 = ORIENTED_EDGE('',*,*,#10341,.T.);
#10341 = EDGE_CURVE('',#10334,#10342,#10344,.T.);
#10342 = VERTEX_POINT('',#10343);
#10343 = CARTESIAN_POINT('',(41.05635,-87.22193,-7.5E-02));
#10344 = LINE('',#10345,#10346);
#10345 = CARTESIAN_POINT('',(40.900406,-87.533819,-7.5E-02));
#10346 = VECTOR('',#10347,1.);
#10347 = DIRECTION('',(0.447212448389,0.894427764554,0.));
#10348 = ORIENTED_EDGE('',*,*,#10349,.T.);
#10349 = EDGE_CURVE('',#10342,#10350,#10352,.T.);
#10350 = VERTEX_POINT('',#10351);
#10351 = CARTESIAN_POINT('',(41.082059,-87.200832,-7.5E-02));
#10352 = LINE('',#10353,#10354);
#10353 = CARTESIAN_POINT('',(41.05635,-87.22193,-7.5E-02));
#10354 = VECTOR('',#10355,1.);
#10355 = DIRECTION('',(0.773022706982,0.634378352791,0.));
#10356 = ORIENTED_EDGE('',*,*,#10357,.T.);
#10357 = EDGE_CURVE('',#10350,#10358,#10360,.T.);
#10358 = VERTEX_POINT('',#10359);
#10359 = CARTESIAN_POINT('',(41.386682,-87.051498,-7.5E-02));
#10360 = LINE('',#10361,#10362);
#10361 = CARTESIAN_POINT('',(41.082059,-87.200832,-7.5E-02));
#10362 = VECTOR('',#10363,1.);
#10363 = DIRECTION('',(0.897910237711,0.440178605812,0.));
#10364 = ORIENTED_EDGE('',*,*,#10365,.T.);
#10365 = EDGE_CURVE('',#10358,#10366,#10368,.T.);
#10366 = VERTEX_POINT('',#10367);
#10367 = CARTESIAN_POINT('',(41.812181,-87.050057,-7.5E-02));
#10368 = LINE('',#10369,#10370);
#10369 = CARTESIAN_POINT('',(41.386682,-87.051498,-7.5E-02));
#10370 = VECTOR('',#10371,1.);
#10371 = DIRECTION('',(0.999994265479,3.386592533837E-03,0.));
#10372 = ORIENTED_EDGE('',*,*,#10373,.T.);
#10373 = EDGE_CURVE('',#10366,#10374,#10376,.T.);
#10374 = VERTEX_POINT('',#10375);
#10375 = CARTESIAN_POINT('',(42.059698,-86.926298,-7.5E-02));
#10376 = LINE('',#10377,#10378);
#10377 = CARTESIAN_POINT('',(41.812181,-87.050057,-7.5E-02));
#10378 = VECTOR('',#10379,1.);
#10379 = DIRECTION('',(0.89442646828,0.447215040938,0.));
#10380 = ORIENTED_EDGE('',*,*,#10381,.T.);
#10381 = EDGE_CURVE('',#10374,#10382,#10384,.T.);
#10382 = VERTEX_POINT('',#10383);
#10383 = CARTESIAN_POINT('',(42.059698,-86.323815,-7.5E-02));
#10384 = CIRCLE('',#10385,0.420292221713);
#10385 = AXIS2_PLACEMENT_3D('',#10386,#10387,#10388);
#10386 = CARTESIAN_POINT('',(41.7666125,-86.6250565,-7.5E-02));
#10387 = DIRECTION('',(0.,-0.,1.));
#10388 = DIRECTION('',(0.697337435381,-0.716742981281,-0.));
#10389 = ORIENTED_EDGE('',*,*,#10390,.T.);
#10390 = EDGE_CURVE('',#10382,#10391,#10393,.T.);
#10391 = VERTEX_POINT('',#10392);
#10392 = CARTESIAN_POINT('',(41.812181,-86.200057,-7.5E-02));
#10393 = LINE('',#10394,#10395);
#10394 = CARTESIAN_POINT('',(42.059698,-86.323815,-7.5E-02));
#10395 = VECTOR('',#10396,1.);
#10396 = DIRECTION('',(-0.894427913719,0.447212150059,0.));
#10397 = ORIENTED_EDGE('',*,*,#10398,.T.);
#10398 = EDGE_CURVE('',#10391,#10399,#10401,.T.);
#10399 = VERTEX_POINT('',#10400);
#10400 = CARTESIAN_POINT('',(41.419019,-86.200057,-7.5E-02));
#10401 = LINE('',#10402,#10403);
#10402 = CARTESIAN_POINT('',(41.812181,-86.200057,-7.5E-02));
#10403 = VECTOR('',#10404,1.);
#10404 = DIRECTION('',(-1.,0.,0.));
#10405 = ORIENTED_EDGE('',*,*,#10406,.T.);
#10406 = EDGE_CURVE('',#10399,#10153,#10407,.T.);
#10407 = LINE('',#10408,#10409);
#10408 = CARTESIAN_POINT('',(41.419019,-86.200057,-7.5E-02));
#10409 = VECTOR('',#10410,1.);
#10410 = DIRECTION('',(-0.89645477953,-0.443135225702,0.));
#10411 = PLANE('',#10412);
#10412 = AXIS2_PLACEMENT_3D('',#10413,#10414,#10415);
#10413 = CARTESIAN_POINT('',(0.,0.,-7.5E-02));
#10414 = DIRECTION('',(-0.,-0.,-1.));
#10415 = DIRECTION('',(-1.,0.,0.));
#10416 = SHELL_BASED_SURFACE_MODEL('',(#10417));
#10417 = OPEN_SHELL('',(#10418));
#10418 = ADVANCED_FACE('',(#10419,#10503),#10573,.T.);
#10419 = FACE_BOUND('',#10420,.T.);
#10420 = EDGE_LOOP('',(#10421,#10432,#10440,#10448,#10456,#10464,#10473,
    #10481,#10489,#10497));
#10421 = ORIENTED_EDGE('',*,*,#10422,.T.);
#10422 = EDGE_CURVE('',#10423,#10425,#10427,.T.);
#10423 = VERTEX_POINT('',#10424);
#10424 = CARTESIAN_POINT('',(43.647188,-86.204796,-7.5E-02));
#10425 = VERTEX_POINT('',#10426);
#10426 = CARTESIAN_POINT('',(44.893003,-86.37093,-7.5E-02));
#10427 = CIRCLE('',#10428,0.887434181142);
#10428 = AXIS2_PLACEMENT_3D('',#10429,#10430,#10431);
#10429 = CARTESIAN_POINT('',(44.187269516121,-86.90896315473,-7.5E-02));
#10430 = DIRECTION('',(0.,0.,-1.));
#10431 = DIRECTION('',(-0.608587687513,0.793486626609,0.));
#10432 = ORIENTED_EDGE('',*,*,#10433,.T.);
#10433 = EDGE_CURVE('',#10425,#10434,#10436,.T.);
#10434 = VERTEX_POINT('',#10435);
#10435 = CARTESIAN_POINT('',(45.046302,-86.681853,-7.5E-02));
#10436 = LINE('',#10437,#10438);
#10437 = CARTESIAN_POINT('',(44.893003,-86.37093,-7.5E-02));
#10438 = VECTOR('',#10439,1.);
#10439 = DIRECTION('',(0.442216164967,-0.896908503383,0.));
#10440 = ORIENTED_EDGE('',*,*,#10441,.T.);
#10441 = EDGE_CURVE('',#10434,#10442,#10444,.T.);
#10442 = VERTEX_POINT('',#10443);
#10443 = CARTESIAN_POINT('',(45.04508,-87.573437,-7.5E-02));
#10444 = LINE('',#10445,#10446);
#10445 = CARTESIAN_POINT('',(45.046302,-86.681853,-7.5E-02));
#10446 = VECTOR('',#10447,1.);
#10447 = DIRECTION('',(-1.370593070556E-03,-0.999999060737,0.));
#10448 = ORIENTED_EDGE('',*,*,#10449,.T.);
#10449 = EDGE_CURVE('',#10442,#10450,#10452,.T.);
#10450 = VERTEX_POINT('',#10451);
#10451 = CARTESIAN_POINT('',(44.887637,-87.886625,-7.5E-02));
#10452 = LINE('',#10453,#10454);
#10453 = CARTESIAN_POINT('',(45.04508,-87.573437,-7.5E-02));
#10454 = VECTOR('',#10455,1.);
#10455 = DIRECTION('',(-0.449150153931,-0.893456288368,0.));
#10456 = ORIENTED_EDGE('',*,*,#10457,.T.);
#10457 = EDGE_CURVE('',#10450,#10458,#10460,.T.);
#10458 = VERTEX_POINT('',#10459);
#10459 = CARTESIAN_POINT('',(44.726869,-88.045317,-7.5E-02));
#10460 = LINE('',#10461,#10462);
#10461 = CARTESIAN_POINT('',(44.887637,-87.886625,-7.5E-02));
#10462 = VECTOR('',#10463,1.);
#10463 = DIRECTION('',(-0.711686863545,-0.70249683861,0.));
#10464 = ORIENTED_EDGE('',*,*,#10465,.T.);
#10465 = EDGE_CURVE('',#10458,#10466,#10468,.T.);
#10466 = VERTEX_POINT('',#10467);
#10467 = CARTESIAN_POINT('',(43.481053,-87.879179,-7.5E-02));
#10468 = CIRCLE('',#10469,0.887009623037);
#10469 = AXIS2_PLACEMENT_3D('',#10470,#10471,#10472);
#10470 = CARTESIAN_POINT('',(44.186709275463,-87.34174501125,-7.5E-02));
#10471 = DIRECTION('',(-0.,0.,-1.));
#10472 = DIRECTION('',(0.608967152676,-0.793195440583,-0.));
#10473 = ORIENTED_EDGE('',*,*,#10474,.T.);
#10474 = EDGE_CURVE('',#10466,#10475,#10477,.T.);
#10475 = VERTEX_POINT('',#10476);
#10476 = CARTESIAN_POINT('',(43.327755,-87.56826,-7.5E-02));
#10477 = LINE('',#10478,#10479);
#10478 = CARTESIAN_POINT('',(43.481053,-87.879179,-7.5E-02));
#10479 = VECTOR('',#10480,1.);
#10480 = DIRECTION('',(-0.442218420987,0.896907391061,0.));
#10481 = ORIENTED_EDGE('',*,*,#10482,.T.);
#10482 = EDGE_CURVE('',#10475,#10483,#10485,.T.);
#10483 = VERTEX_POINT('',#10484);
#10484 = CARTESIAN_POINT('',(43.328977,-86.676675,-7.5E-02));
#10485 = LINE('',#10486,#10487);
#10486 = CARTESIAN_POINT('',(43.327755,-87.56826,-7.5E-02));
#10487 = VECTOR('',#10488,1.);
#10488 = DIRECTION('',(1.370591533305E-03,0.999999060739,0.));
#10489 = ORIENTED_EDGE('',*,*,#10490,.T.);
#10490 = EDGE_CURVE('',#10483,#10491,#10493,.T.);
#10491 = VERTEX_POINT('',#10492);
#10492 = CARTESIAN_POINT('',(43.48642,-86.363487,-7.5E-02));
#10493 = LINE('',#10494,#10495);
#10494 = CARTESIAN_POINT('',(43.328977,-86.676675,-7.5E-02));
#10495 = VECTOR('',#10496,1.);
#10496 = DIRECTION('',(0.449150153931,0.893456288368,0.));
#10497 = ORIENTED_EDGE('',*,*,#10498,.T.);
#10498 = EDGE_CURVE('',#10491,#10423,#10499,.T.);
#10499 = LINE('',#10500,#10501);
#10500 = CARTESIAN_POINT('',(43.48642,-86.363487,-7.5E-02));
#10501 = VECTOR('',#10502,1.);
#10502 = DIRECTION('',(0.711689076759,0.702494596437,0.));
#10503 = FACE_BOUND('',#10504,.T.);
#10504 = EDGE_LOOP('',(#10505,#10516,#10524,#10533,#10541,#10550,#10558,
    #10567));
#10505 = ORIENTED_EDGE('',*,*,#10506,.T.);
#10506 = EDGE_CURVE('',#10507,#10509,#10511,.T.);
#10507 = VERTEX_POINT('',#10508);
#10508 = CARTESIAN_POINT('',(44.642602,-86.329553,-7.5E-02));
#10509 = VERTEX_POINT('',#10510);
#10510 = CARTESIAN_POINT('',(43.731456,-86.329553,-7.5E-02));
#10511 = CIRCLE('',#10512,0.743365702172);
#10512 = AXIS2_PLACEMENT_3D('',#10513,#10514,#10515);
#10513 = CARTESIAN_POINT('',(44.187029,-86.916959,-7.5E-02));
#10514 = DIRECTION('',(0.,0.,1.));
#10515 = DIRECTION('',(0.612851788385,0.790197877416,-0.));
#10516 = ORIENTED_EDGE('',*,*,#10517,.T.);
#10517 = EDGE_CURVE('',#10509,#10518,#10520,.T.);
#10518 = VERTEX_POINT('',#10519);
#10519 = CARTESIAN_POINT('',(43.605811,-86.455197,-7.5E-02));
#10520 = LINE('',#10521,#10522);
#10521 = CARTESIAN_POINT('',(43.731456,-86.329553,-7.5E-02));
#10522 = VECTOR('',#10523,1.);
#10523 = DIRECTION('',(-0.7071095951,-0.707103967262,0.));
#10524 = ORIENTED_EDGE('',*,*,#10525,.T.);
#10525 = EDGE_CURVE('',#10518,#10526,#10528,.T.);
#10526 = VERTEX_POINT('',#10527);
#10527 = CARTESIAN_POINT('',(43.605811,-87.794916,-7.5E-02));
#10528 = CIRCLE('',#10529,1.216927915431);
#10529 = AXIS2_PLACEMENT_3D('',#10530,#10531,#10532);
#10530 = CARTESIAN_POINT('',(44.621784327216,-87.1250565,-7.5E-02));
#10531 = DIRECTION('',(0.,0.,1.));
#10532 = DIRECTION('',(-0.834867303423,0.550451256402,0.));
#10533 = ORIENTED_EDGE('',*,*,#10534,.T.);
#10534 = EDGE_CURVE('',#10526,#10535,#10537,.T.);
#10535 = VERTEX_POINT('',#10536);
#10536 = CARTESIAN_POINT('',(43.731456,-87.920561,-7.5E-02));
#10537 = LINE('',#10538,#10539);
#10538 = CARTESIAN_POINT('',(43.605811,-87.794916,-7.5E-02));
#10539 = VECTOR('',#10540,1.);
#10540 = DIRECTION('',(0.707106781187,-0.707106781187,0.));
#10541 = ORIENTED_EDGE('',*,*,#10542,.T.);
#10542 = EDGE_CURVE('',#10535,#10543,#10545,.T.);
#10543 = VERTEX_POINT('',#10544);
#10544 = CARTESIAN_POINT('',(44.642601,-87.920561,-7.5E-02));
#10545 = CIRCLE('',#10546,0.743364605548);
#10546 = AXIS2_PLACEMENT_3D('',#10547,#10548,#10549);
#10547 = CARTESIAN_POINT('',(44.1870285,-87.333156,-7.5E-02));
#10548 = DIRECTION('',(0.,0.,1.));
#10549 = DIRECTION('',(-0.612852019857,-0.790197697894,0.));
#10550 = ORIENTED_EDGE('',*,*,#10551,.T.);
#10551 = EDGE_CURVE('',#10543,#10552,#10554,.T.);
#10552 = VERTEX_POINT('',#10553);
#10553 = CARTESIAN_POINT('',(44.768246,-87.794915,-7.5E-02));
#10554 = LINE('',#10555,#10556);
#10555 = CARTESIAN_POINT('',(44.642601,-87.920561,-7.5E-02));
#10556 = VECTOR('',#10557,1.);
#10557 = DIRECTION('',(0.707103967285,0.707109595077,0.));
#10558 = ORIENTED_EDGE('',*,*,#10559,.T.);
#10559 = EDGE_CURVE('',#10552,#10560,#10562,.T.);
#10560 = VERTEX_POINT('',#10561);
#10561 = CARTESIAN_POINT('',(44.768247,-86.455198,-7.5E-02));
#10562 = CIRCLE('',#10563,1.21692473006);
#10563 = AXIS2_PLACEMENT_3D('',#10564,#10565,#10566);
#10564 = CARTESIAN_POINT('',(43.752276328878,-87.12505574165,-7.5E-02));
#10565 = DIRECTION('',(0.,-0.,1.));
#10566 = DIRECTION('',(0.834866484365,-0.550452498663,-0.));
#10567 = ORIENTED_EDGE('',*,*,#10568,.T.);
#10568 = EDGE_CURVE('',#10560,#10507,#10569,.T.);
#10569 = LINE('',#10570,#10571);
#10570 = CARTESIAN_POINT('',(44.768247,-86.455198,-7.5E-02));
#10571 = VECTOR('',#10572,1.);
#10572 = DIRECTION('',(-0.707106781187,0.707106781187,0.));
#10573 = PLANE('',#10574);
#10574 = AXIS2_PLACEMENT_3D('',#10575,#10576,#10577);
#10575 = CARTESIAN_POINT('',(0.,0.,-7.5E-02));
#10576 = DIRECTION('',(-0.,-0.,-1.));
#10577 = DIRECTION('',(-1.,0.,0.));
#10578 = SHELL_BASED_SURFACE_MODEL('',(#10579));
#10579 = OPEN_SHELL('',(#10580));
#10580 = ADVANCED_FACE('',(#10581),#10829,.T.);
#10581 = FACE_BOUND('',#10582,.T.);
#10582 = EDGE_LOOP('',(#10583,#10593,#10601,#10609,#10617,#10625,#10633,
    #10641,#10650,#10658,#10666,#10675,#10683,#10692,#10700,#10708,
    #10716,#10724,#10732,#10740,#10748,#10757,#10765,#10773,#10782,
    #10790,#10798,#10807,#10815,#10823));
#10583 = ORIENTED_EDGE('',*,*,#10584,.T.);
#10584 = EDGE_CURVE('',#10585,#10587,#10589,.T.);
#10585 = VERTEX_POINT('',#10586);
#10586 = CARTESIAN_POINT('',(49.51063,-86.200832,-7.5E-02));
#10587 = VERTEX_POINT('',#10588);
#10588 = CARTESIAN_POINT('',(49.815254,-86.051498,-7.5E-02));
#10589 = LINE('',#10590,#10591);
#10590 = CARTESIAN_POINT('',(49.51063,-86.200832,-7.5E-02));
#10591 = VECTOR('',#10592,1.);
#10592 = DIRECTION('',(0.897910808829,0.440177440798,0.));
#10593 = ORIENTED_EDGE('',*,*,#10594,.T.);
#10594 = EDGE_CURVE('',#10587,#10595,#10597,.T.);
#10595 = VERTEX_POINT('',#10596);
#10596 = CARTESIAN_POINT('',(50.273089,-86.051498,-7.5E-02));
#10597 = LINE('',#10598,#10599);
#10598 = CARTESIAN_POINT('',(49.815254,-86.051498,-7.5E-02));
#10599 = VECTOR('',#10600,1.);
#10600 = DIRECTION('',(1.,0.,0.));
#10601 = ORIENTED_EDGE('',*,*,#10602,.T.);
#10602 = EDGE_CURVE('',#10595,#10603,#10605,.T.);
#10603 = VERTEX_POINT('',#10604);
#10604 = CARTESIAN_POINT('',(50.590155,-86.208664,-7.5E-02));
#10605 = LINE('',#10606,#10607);
#10606 = CARTESIAN_POINT('',(50.273089,-86.051498,-7.5E-02));
#10607 = VECTOR('',#10608,1.);
#10608 = DIRECTION('',(0.89596700311,-0.444120624762,0.));
#10609 = ORIENTED_EDGE('',*,*,#10610,.T.);
#10610 = EDGE_CURVE('',#10603,#10611,#10613,.T.);
#10611 = VERTEX_POINT('',#10612);
#10612 = CARTESIAN_POINT('',(50.611253,-86.234373,-7.5E-02));
#10613 = LINE('',#10614,#10615);
#10614 = CARTESIAN_POINT('',(50.590155,-86.208664,-7.5E-02));
#10615 = VECTOR('',#10616,1.);
#10616 = DIRECTION('',(0.634378352791,-0.773022706982,0.));
#10617 = ORIENTED_EDGE('',*,*,#10618,.T.);
#10618 = EDGE_CURVE('',#10611,#10619,#10621,.T.);
#10619 = VERTEX_POINT('',#10620);
#10620 = CARTESIAN_POINT('',(50.687028,-86.385923,-7.5E-02));
#10621 = LINE('',#10622,#10623);
#10622 = CARTESIAN_POINT('',(50.611253,-86.234373,-7.5E-02));
#10623 = VECTOR('',#10624,1.);
#10624 = DIRECTION('',(0.4472135955,-0.894427191,0.));
#10625 = ORIENTED_EDGE('',*,*,#10626,.T.);
#10626 = EDGE_CURVE('',#10619,#10627,#10629,.T.);
#10627 = VERTEX_POINT('',#10628);
#10628 = CARTESIAN_POINT('',(50.770636,-86.22193,-7.5E-02));
#10629 = LINE('',#10630,#10631);
#10630 = CARTESIAN_POINT('',(50.687028,-86.385923,-7.5E-02));
#10631 = VECTOR('',#10632,1.);
#10632 = DIRECTION('',(0.454203511229,0.890897957337,0.));
#10633 = ORIENTED_EDGE('',*,*,#10634,.T.);
#10634 = EDGE_CURVE('',#10627,#10635,#10637,.T.);
#10635 = VERTEX_POINT('',#10636);
#10636 = CARTESIAN_POINT('',(50.796345,-86.200832,-7.5E-02));
#10637 = LINE('',#10638,#10639);
#10638 = CARTESIAN_POINT('',(50.770636,-86.22193,-7.5E-02));
#10639 = VECTOR('',#10640,1.);
#10640 = DIRECTION('',(0.773022706982,0.634378352791,0.));
#10641 = ORIENTED_EDGE('',*,*,#10642,.T.);
#10642 = EDGE_CURVE('',#10635,#10643,#10645,.T.);
#10643 = VERTEX_POINT('',#10644);
#10644 = CARTESIAN_POINT('',(51.877169,-86.210162,-7.5E-02));
#10645 = CIRCLE('',#10646,0.884380976255);
#10646 = AXIS2_PLACEMENT_3D('',#10647,#10648,#10649);
#10647 = CARTESIAN_POINT('',(51.33071422588,-86.90551578837,-7.5E-02));
#10648 = DIRECTION('',(0.,0.,-1.));
#10649 = DIRECTION('',(-0.604229670501,0.796810206565,0.));
#10650 = ORIENTED_EDGE('',*,*,#10651,.T.);
#10651 = EDGE_CURVE('',#10643,#10652,#10654,.T.);
#10652 = VERTEX_POINT('',#10653);
#10653 = CARTESIAN_POINT('',(51.897743,-86.229705,-7.5E-02));
#10654 = LINE('',#10655,#10656);
#10655 = CARTESIAN_POINT('',(51.877169,-86.210162,-7.5E-02));
#10656 = VECTOR('',#10657,1.);
#10657 = DIRECTION('',(0.725039905767,-0.688706857121,0.));
#10658 = ORIENTED_EDGE('',*,*,#10659,.T.);
#10659 = EDGE_CURVE('',#10652,#10660,#10662,.T.);
#10660 = VERTEX_POINT('',#10661);
#10661 = CARTESIAN_POINT('',(51.899184,-86.110425,-7.5E-02));
#10662 = LINE('',#10663,#10664);
#10663 = CARTESIAN_POINT('',(51.897743,-86.229705,-7.5E-02));
#10664 = VECTOR('',#10665,1.);
#10665 = DIRECTION('',(1.20799367647E-02,0.999927034902,0.));
#10666 = ORIENTED_EDGE('',*,*,#10667,.T.);
#10667 = EDGE_CURVE('',#10660,#10668,#10670,.T.);
#10668 = VERTEX_POINT('',#10669);
#10669 = CARTESIAN_POINT('',(52.047743,-86.125057,-7.5E-02));
#10670 = CIRCLE('',#10671,7.500006711464E-02);
#10671 = AXIS2_PLACEMENT_3D('',#10672,#10673,#10674);
#10672 = CARTESIAN_POINT('',(51.972742932885,-86.12505693288,-7.5E-02));
#10673 = DIRECTION('',(0.,0.,-1.));
#10674 = DIRECTION('',(-0.980784894138,0.195092263891,0.));
#10675 = ORIENTED_EDGE('',*,*,#10676,.T.);
#10676 = EDGE_CURVE('',#10668,#10677,#10679,.T.);
#10677 = VERTEX_POINT('',#10678);
#10678 = CARTESIAN_POINT('',(52.046302,-88.139689,-7.5E-02));
#10679 = LINE('',#10680,#10681);
#10680 = CARTESIAN_POINT('',(52.047743,-86.125057,-7.5E-02));
#10681 = VECTOR('',#10682,1.);
#10682 = DIRECTION('',(-7.152669228857E-04,-0.999999744197,0.));
#10683 = ORIENTED_EDGE('',*,*,#10684,.T.);
#10684 = EDGE_CURVE('',#10677,#10685,#10687,.T.);
#10685 = VERTEX_POINT('',#10686);
#10686 = CARTESIAN_POINT('',(51.897743,-88.125057,-7.5E-02));
#10687 = CIRCLE('',#10688,7.500006711464E-02);
#10688 = AXIS2_PLACEMENT_3D('',#10689,#10690,#10691);
#10689 = CARTESIAN_POINT('',(51.972743067115,-88.12505706711,-7.5E-02));
#10690 = DIRECTION('',(-0.,0.,-1.));
#10691 = DIRECTION('',(0.980784894138,-0.195092263891,-0.));
#10692 = ORIENTED_EDGE('',*,*,#10693,.T.);
#10693 = EDGE_CURVE('',#10685,#10694,#10696,.T.);
#10694 = VERTEX_POINT('',#10695);
#10695 = CARTESIAN_POINT('',(51.897743,-86.441837,-7.5E-02));
#10696 = LINE('',#10697,#10698);
#10697 = CARTESIAN_POINT('',(51.897743,-88.125057,-7.5E-02));
#10698 = VECTOR('',#10699,1.);
#10699 = DIRECTION('',(0.,1.,0.));
#10700 = ORIENTED_EDGE('',*,*,#10701,.T.);
#10701 = EDGE_CURVE('',#10694,#10702,#10704,.T.);
#10702 = VERTEX_POINT('',#10703);
#10703 = CARTESIAN_POINT('',(51.785459,-86.329553,-7.5E-02));
#10704 = LINE('',#10705,#10706);
#10705 = CARTESIAN_POINT('',(51.897743,-86.441837,-7.5E-02));
#10706 = VECTOR('',#10707,1.);
#10707 = DIRECTION('',(-0.707106781187,0.707106781187,0.));
#10708 = ORIENTED_EDGE('',*,*,#10709,.T.);
#10709 = EDGE_CURVE('',#10702,#10710,#10712,.T.);
#10710 = VERTEX_POINT('',#10711);
#10711 = CARTESIAN_POINT('',(51.526466,-86.200057,-7.5E-02));
#10712 = LINE('',#10713,#10714);
#10713 = CARTESIAN_POINT('',(51.785459,-86.329553,-7.5E-02));
#10714 = VECTOR('',#10715,1.);
#10715 = DIRECTION('',(-0.894427881695,0.447212214106,0.));
#10716 = ORIENTED_EDGE('',*,*,#10717,.T.);
#10717 = EDGE_CURVE('',#10710,#10718,#10720,.T.);
#10718 = VERTEX_POINT('',#10719);
#10719 = CARTESIAN_POINT('',(51.133305,-86.200057,-7.5E-02));
#10720 = LINE('',#10721,#10722);
#10721 = CARTESIAN_POINT('',(51.526466,-86.200057,-7.5E-02));
#10722 = VECTOR('',#10723,1.);
#10723 = DIRECTION('',(-1.,0.,0.));
#10724 = ORIENTED_EDGE('',*,*,#10725,.T.);
#10725 = EDGE_CURVE('',#10718,#10726,#10728,.T.);
#10726 = VERTEX_POINT('',#10727);
#10727 = CARTESIAN_POINT('',(50.885787,-86.323815,-7.5E-02));
#10728 = LINE('',#10729,#10730);
#10729 = CARTESIAN_POINT('',(51.133305,-86.200057,-7.5E-02));
#10730 = VECTOR('',#10731,1.);
#10731 = DIRECTION('',(-0.894428636431,-0.447210704625,0.));
#10732 = ORIENTED_EDGE('',*,*,#10733,.T.);
#10733 = EDGE_CURVE('',#10726,#10734,#10736,.T.);
#10734 = VERTEX_POINT('',#10735);
#10735 = CARTESIAN_POINT('',(50.762029,-86.571333,-7.5E-02));
#10736 = LINE('',#10737,#10738);
#10737 = CARTESIAN_POINT('',(50.885787,-86.323815,-7.5E-02));
#10738 = VECTOR('',#10739,1.);
#10739 = DIRECTION('',(-0.447210704625,-0.894428636431,0.));
#10740 = ORIENTED_EDGE('',*,*,#10741,.T.);
#10741 = EDGE_CURVE('',#10734,#10742,#10744,.T.);
#10742 = VERTEX_POINT('',#10743);
#10743 = CARTESIAN_POINT('',(50.760588,-88.139689,-7.5E-02));
#10744 = LINE('',#10745,#10746);
#10745 = CARTESIAN_POINT('',(50.762029,-86.571333,-7.5E-02));
#10746 = VECTOR('',#10747,1.);
#10747 = DIRECTION('',(-9.18796109916E-04,-0.999999577907,0.));
#10748 = ORIENTED_EDGE('',*,*,#10749,.T.);
#10749 = EDGE_CURVE('',#10742,#10750,#10752,.T.);
#10750 = VERTEX_POINT('',#10751);
#10751 = CARTESIAN_POINT('',(50.612029,-88.125057,-7.5E-02));
#10752 = CIRCLE('',#10753,7.500006711464E-02);
#10753 = AXIS2_PLACEMENT_3D('',#10754,#10755,#10756);
#10754 = CARTESIAN_POINT('',(50.687029067115,-88.12505706711,-7.5E-02));
#10755 = DIRECTION('',(-0.,0.,-1.));
#10756 = DIRECTION('',(0.980784894138,-0.195092263891,-0.));
#10757 = ORIENTED_EDGE('',*,*,#10758,.T.);
#10758 = EDGE_CURVE('',#10750,#10759,#10761,.T.);
#10759 = VERTEX_POINT('',#10760);
#10760 = CARTESIAN_POINT('',(50.612029,-86.571333,-7.5E-02));
#10761 = LINE('',#10762,#10763);
#10762 = CARTESIAN_POINT('',(50.612029,-88.125057,-7.5E-02));
#10763 = VECTOR('',#10764,1.);
#10764 = DIRECTION('',(0.,1.,0.));
#10765 = ORIENTED_EDGE('',*,*,#10766,.T.);
#10766 = EDGE_CURVE('',#10759,#10767,#10769,.T.);
#10767 = VERTEX_POINT('',#10768);
#10768 = CARTESIAN_POINT('',(50.488269,-86.323815,-7.5E-02));
#10769 = LINE('',#10770,#10771);
#10770 = CARTESIAN_POINT('',(50.612029,-86.571333,-7.5E-02));
#10771 = VECTOR('',#10772,1.);
#10772 = DIRECTION('',(-0.44721648636,0.894425745564,0.));
#10773 = ORIENTED_EDGE('',*,*,#10774,.T.);
#10774 = EDGE_CURVE('',#10767,#10775,#10777,.T.);
#10775 = VERTEX_POINT('',#10776);
#10776 = CARTESIAN_POINT('',(49.600072,-86.323815,-7.5E-02));
#10777 = CIRCLE('',#10778,0.729545798214);
#10778 = AXIS2_PLACEMENT_3D('',#10779,#10780,#10781);
#10779 = CARTESIAN_POINT('',(50.0441705,-86.90261858843,-7.5E-02));
#10780 = DIRECTION('',(0.,0.,1.));
#10781 = DIRECTION('',(0.60873285966,0.793375261506,-0.));
#10782 = ORIENTED_EDGE('',*,*,#10783,.T.);
#10783 = EDGE_CURVE('',#10775,#10784,#10786,.T.);
#10784 = VERTEX_POINT('',#10785);
#10785 = CARTESIAN_POINT('',(49.476314,-86.571333,-7.5E-02));
#10786 = LINE('',#10787,#10788);
#10787 = CARTESIAN_POINT('',(49.600072,-86.323815,-7.5E-02));
#10788 = VECTOR('',#10789,1.);
#10789 = DIRECTION('',(-0.447210704625,-0.894428636431,0.));
#10790 = ORIENTED_EDGE('',*,*,#10791,.T.);
#10791 = EDGE_CURVE('',#10784,#10792,#10794,.T.);
#10792 = VERTEX_POINT('',#10793);
#10793 = CARTESIAN_POINT('',(49.474873,-88.139689,-7.5E-02));
#10794 = LINE('',#10795,#10796);
#10795 = CARTESIAN_POINT('',(49.476314,-86.571333,-7.5E-02));
#10796 = VECTOR('',#10797,1.);
#10797 = DIRECTION('',(-9.18796109916E-04,-0.999999577907,0.));
#10798 = ORIENTED_EDGE('',*,*,#10799,.T.);
#10799 = EDGE_CURVE('',#10792,#10800,#10802,.T.);
#10800 = VERTEX_POINT('',#10801);
#10801 = CARTESIAN_POINT('',(49.326314,-88.125057,-7.5E-02));
#10802 = CIRCLE('',#10803,7.500006711464E-02);
#10803 = AXIS2_PLACEMENT_3D('',#10804,#10805,#10806);
#10804 = CARTESIAN_POINT('',(49.401314067115,-88.12505706711,-7.5E-02));
#10805 = DIRECTION('',(-0.,0.,-1.));
#10806 = DIRECTION('',(0.980784894138,-0.195092263891,-0.));
#10807 = ORIENTED_EDGE('',*,*,#10808,.T.);
#10808 = EDGE_CURVE('',#10800,#10809,#10811,.T.);
#10809 = VERTEX_POINT('',#10810);
#10810 = CARTESIAN_POINT('',(49.328977,-86.533819,-7.5E-02));
#10811 = LINE('',#10812,#10813);
#10812 = CARTESIAN_POINT('',(49.326314,-88.125057,-7.5E-02));
#10813 = VECTOR('',#10814,1.);
#10814 = DIRECTION('',(1.673537378335E-03,0.999998599635,0.));
#10815 = ORIENTED_EDGE('',*,*,#10816,.T.);
#10816 = EDGE_CURVE('',#10809,#10817,#10819,.T.);
#10817 = VERTEX_POINT('',#10818);
#10818 = CARTESIAN_POINT('',(49.484921,-86.22193,-7.5E-02));
#10819 = LINE('',#10820,#10821);
#10820 = CARTESIAN_POINT('',(49.328977,-86.533819,-7.5E-02));
#10821 = VECTOR('',#10822,1.);
#10822 = DIRECTION('',(0.447212448389,0.894427764554,0.));
#10823 = ORIENTED_EDGE('',*,*,#10824,.T.);
#10824 = EDGE_CURVE('',#10817,#10585,#10825,.T.);
#10825 = LINE('',#10826,#10827);
#10826 = CARTESIAN_POINT('',(49.484921,-86.22193,-7.5E-02));
#10827 = VECTOR('',#10828,1.);
#10828 = DIRECTION('',(0.773022706982,0.634378352791,0.));
#10829 = PLANE('',#10830);
#10830 = AXIS2_PLACEMENT_3D('',#10831,#10832,#10833);
#10831 = CARTESIAN_POINT('',(0.,0.,-7.5E-02));
#10832 = DIRECTION('',(-0.,-0.,-1.));
#10833 = DIRECTION('',(-1.,0.,0.));
#10834 = SHELL_BASED_SURFACE_MODEL('',(#10835));
#10835 = OPEN_SHELL('',(#10836));
#10836 = ADVANCED_FACE('',(#10837,#10921),#10991,.T.);
#10837 = FACE_BOUND('',#10838,.T.);
#10838 = EDGE_LOOP('',(#10839,#10850,#10858,#10866,#10874,#10882,#10891,
    #10899,#10907,#10915));
#10839 = ORIENTED_EDGE('',*,*,#10840,.T.);
#10840 = EDGE_CURVE('',#10841,#10843,#10845,.T.);
#10841 = VERTEX_POINT('',#10842);
#10842 = CARTESIAN_POINT('',(53.504331,-86.204796,-7.5E-02));
#10843 = VERTEX_POINT('',#10844);
#10844 = CARTESIAN_POINT('',(54.750146,-86.37093,-7.5E-02));
#10845 = CIRCLE('',#10846,0.887434181142);
#10846 = AXIS2_PLACEMENT_3D('',#10847,#10848,#10849);
#10847 = CARTESIAN_POINT('',(54.044412516121,-86.90896315473,-7.5E-02));
#10848 = DIRECTION('',(0.,0.,-1.));
#10849 = DIRECTION('',(-0.608587687513,0.793486626609,0.));
#10850 = ORIENTED_EDGE('',*,*,#10851,.T.);
#10851 = EDGE_CURVE('',#10843,#10852,#10854,.T.);
#10852 = VERTEX_POINT('',#10853);
#10853 = CARTESIAN_POINT('',(54.903445,-86.681853,-7.5E-02));
#10854 = LINE('',#10855,#10856);
#10855 = CARTESIAN_POINT('',(54.750146,-86.37093,-7.5E-02));
#10856 = VECTOR('',#10857,1.);
#10857 = DIRECTION('',(0.442216164967,-0.896908503383,0.));
#10858 = ORIENTED_EDGE('',*,*,#10859,.T.);
#10859 = EDGE_CURVE('',#10852,#10860,#10862,.T.);
#10860 = VERTEX_POINT('',#10861);
#10861 = CARTESIAN_POINT('',(54.902223,-87.573437,-7.5E-02));
#10862 = LINE('',#10863,#10864);
#10863 = CARTESIAN_POINT('',(54.903445,-86.681853,-7.5E-02));
#10864 = VECTOR('',#10865,1.);
#10865 = DIRECTION('',(-1.370593070556E-03,-0.999999060737,0.));
#10866 = ORIENTED_EDGE('',*,*,#10867,.T.);
#10867 = EDGE_CURVE('',#10860,#10868,#10870,.T.);
#10868 = VERTEX_POINT('',#10869);
#10869 = CARTESIAN_POINT('',(54.74478,-87.886625,-7.5E-02));
#10870 = LINE('',#10871,#10872);
#10871 = CARTESIAN_POINT('',(54.902223,-87.573437,-7.5E-02));
#10872 = VECTOR('',#10873,1.);
#10873 = DIRECTION('',(-0.449150153931,-0.893456288368,0.));
#10874 = ORIENTED_EDGE('',*,*,#10875,.T.);
#10875 = EDGE_CURVE('',#10868,#10876,#10878,.T.);
#10876 = VERTEX_POINT('',#10877);
#10877 = CARTESIAN_POINT('',(54.584012,-88.045317,-7.5E-02));
#10878 = LINE('',#10879,#10880);
#10879 = CARTESIAN_POINT('',(54.74478,-87.886625,-7.5E-02));
#10880 = VECTOR('',#10881,1.);
#10881 = DIRECTION('',(-0.711686863545,-0.70249683861,0.));
#10882 = ORIENTED_EDGE('',*,*,#10883,.T.);
#10883 = EDGE_CURVE('',#10876,#10884,#10886,.T.);
#10884 = VERTEX_POINT('',#10885);
#10885 = CARTESIAN_POINT('',(53.338196,-87.879179,-7.5E-02));
#10886 = CIRCLE('',#10887,0.887009623037);
#10887 = AXIS2_PLACEMENT_3D('',#10888,#10889,#10890);
#10888 = CARTESIAN_POINT('',(54.043852275463,-87.34174501125,-7.5E-02));
#10889 = DIRECTION('',(-0.,0.,-1.));
#10890 = DIRECTION('',(0.608967152676,-0.793195440583,-0.));
#10891 = ORIENTED_EDGE('',*,*,#10892,.T.);
#10892 = EDGE_CURVE('',#10884,#10893,#10895,.T.);
#10893 = VERTEX_POINT('',#10894);
#10894 = CARTESIAN_POINT('',(53.184898,-87.56826,-7.5E-02));
#10895 = LINE('',#10896,#10897);
#10896 = CARTESIAN_POINT('',(53.338196,-87.879179,-7.5E-02));
#10897 = VECTOR('',#10898,1.);
#10898 = DIRECTION('',(-0.442218420987,0.896907391061,0.));
#10899 = ORIENTED_EDGE('',*,*,#10900,.T.);
#10900 = EDGE_CURVE('',#10893,#10901,#10903,.T.);
#10901 = VERTEX_POINT('',#10902);
#10902 = CARTESIAN_POINT('',(53.18612,-86.676675,-7.5E-02));
#10903 = LINE('',#10904,#10905);
#10904 = CARTESIAN_POINT('',(53.184898,-87.56826,-7.5E-02));
#10905 = VECTOR('',#10906,1.);
#10906 = DIRECTION('',(1.370591533313E-03,0.999999060739,0.));
#10907 = ORIENTED_EDGE('',*,*,#10908,.T.);
#10908 = EDGE_CURVE('',#10901,#10909,#10911,.T.);
#10909 = VERTEX_POINT('',#10910);
#10910 = CARTESIAN_POINT('',(53.343563,-86.363487,-7.5E-02));
#10911 = LINE('',#10912,#10913);
#10912 = CARTESIAN_POINT('',(53.18612,-86.676675,-7.5E-02));
#10913 = VECTOR('',#10914,1.);
#10914 = DIRECTION('',(0.449150153931,0.893456288368,0.));
#10915 = ORIENTED_EDGE('',*,*,#10916,.T.);
#10916 = EDGE_CURVE('',#10909,#10841,#10917,.T.);
#10917 = LINE('',#10918,#10919);
#10918 = CARTESIAN_POINT('',(53.343563,-86.363487,-7.5E-02));
#10919 = VECTOR('',#10920,1.);
#10920 = DIRECTION('',(0.711689076759,0.702494596437,0.));
#10921 = FACE_BOUND('',#10922,.T.);
#10922 = EDGE_LOOP('',(#10923,#10934,#10942,#10951,#10959,#10968,#10976,
    #10985));
#10923 = ORIENTED_EDGE('',*,*,#10924,.T.);
#10924 = EDGE_CURVE('',#10925,#10927,#10929,.T.);
#10925 = VERTEX_POINT('',#10926);
#10926 = CARTESIAN_POINT('',(54.499745,-86.329553,-7.5E-02));
#10927 = VERTEX_POINT('',#10928);
#10928 = CARTESIAN_POINT('',(53.588599,-86.329553,-7.5E-02));
#10929 = CIRCLE('',#10930,0.743365702172);
#10930 = AXIS2_PLACEMENT_3D('',#10931,#10932,#10933);
#10931 = CARTESIAN_POINT('',(54.044172,-86.916959,-7.5E-02));
#10932 = DIRECTION('',(0.,0.,1.));
#10933 = DIRECTION('',(0.612851788385,0.790197877416,-0.));
#10934 = ORIENTED_EDGE('',*,*,#10935,.T.);
#10935 = EDGE_CURVE('',#10927,#10936,#10938,.T.);
#10936 = VERTEX_POINT('',#10937);
#10937 = CARTESIAN_POINT('',(53.462954,-86.455197,-7.5E-02));
#10938 = LINE('',#10939,#10940);
#10939 = CARTESIAN_POINT('',(53.588599,-86.329553,-7.5E-02));
#10940 = VECTOR('',#10941,1.);
#10941 = DIRECTION('',(-0.7071095951,-0.707103967262,0.));
#10942 = ORIENTED_EDGE('',*,*,#10943,.T.);
#10943 = EDGE_CURVE('',#10936,#10944,#10946,.T.);
#10944 = VERTEX_POINT('',#10945);
#10945 = CARTESIAN_POINT('',(53.462954,-87.794916,-7.5E-02));
#10946 = CIRCLE('',#10947,1.216927915431);
#10947 = AXIS2_PLACEMENT_3D('',#10948,#10949,#10950);
#10948 = CARTESIAN_POINT('',(54.478927327216,-87.1250565,-7.5E-02));
#10949 = DIRECTION('',(0.,0.,1.));
#10950 = DIRECTION('',(-0.834867303423,0.550451256402,0.));
#10951 = ORIENTED_EDGE('',*,*,#10952,.T.);
#10952 = EDGE_CURVE('',#10944,#10953,#10955,.T.);
#10953 = VERTEX_POINT('',#10954);
#10954 = CARTESIAN_POINT('',(53.588599,-87.920561,-7.5E-02));
#10955 = LINE('',#10956,#10957);
#10956 = CARTESIAN_POINT('',(53.462954,-87.794916,-7.5E-02));
#10957 = VECTOR('',#10958,1.);
#10958 = DIRECTION('',(0.707106781187,-0.707106781187,0.));
#10959 = ORIENTED_EDGE('',*,*,#10960,.T.);
#10960 = EDGE_CURVE('',#10953,#10961,#10963,.T.);
#10961 = VERTEX_POINT('',#10962);
#10962 = CARTESIAN_POINT('',(54.499744,-87.920561,-7.5E-02));
#10963 = CIRCLE('',#10964,0.743364605548);
#10964 = AXIS2_PLACEMENT_3D('',#10965,#10966,#10967);
#10965 = CARTESIAN_POINT('',(54.0441715,-87.333156,-7.5E-02));
#10966 = DIRECTION('',(0.,0.,1.));
#10967 = DIRECTION('',(-0.612852019857,-0.790197697894,0.));
#10968 = ORIENTED_EDGE('',*,*,#10969,.T.);
#10969 = EDGE_CURVE('',#10961,#10970,#10972,.T.);
#10970 = VERTEX_POINT('',#10971);
#10971 = CARTESIAN_POINT('',(54.625389,-87.794915,-7.5E-02));
#10972 = LINE('',#10973,#10974);
#10973 = CARTESIAN_POINT('',(54.499744,-87.920561,-7.5E-02));
#10974 = VECTOR('',#10975,1.);
#10975 = DIRECTION('',(0.707103967285,0.707109595077,0.));
#10976 = ORIENTED_EDGE('',*,*,#10977,.T.);
#10977 = EDGE_CURVE('',#10970,#10978,#10980,.T.);
#10978 = VERTEX_POINT('',#10979);
#10979 = CARTESIAN_POINT('',(54.62539,-86.455198,-7.5E-02));
#10980 = CIRCLE('',#10981,1.21692473006);
#10981 = AXIS2_PLACEMENT_3D('',#10982,#10983,#10984);
#10982 = CARTESIAN_POINT('',(53.609419328878,-87.12505574165,-7.5E-02));
#10983 = DIRECTION('',(0.,-0.,1.));
#10984 = DIRECTION('',(0.834866484365,-0.550452498663,-0.));
#10985 = ORIENTED_EDGE('',*,*,#10986,.T.);
#10986 = EDGE_CURVE('',#10978,#10925,#10987,.T.);
#10987 = LINE('',#10988,#10989);
#10988 = CARTESIAN_POINT('',(54.62539,-86.455198,-7.5E-02));
#10989 = VECTOR('',#10990,1.);
#10990 = DIRECTION('',(-0.707106781187,0.707106781187,0.));
#10991 = PLANE('',#10992);
#10992 = AXIS2_PLACEMENT_3D('',#10993,#10994,#10995);
#10993 = CARTESIAN_POINT('',(0.,0.,-7.5E-02));
#10994 = DIRECTION('',(-0.,-0.,-1.));
#10995 = DIRECTION('',(-1.,0.,0.));
#10996 = SHELL_BASED_SURFACE_MODEL('',(#10997));
#10997 = OPEN_SHELL('',(#10998));
#10998 = ADVANCED_FACE('',(#10999),#11143,.T.);
#10999 = FACE_BOUND('',#11000,.T.);
#11000 = EDGE_LOOP('',(#11001,#11012,#11020,#11028,#11036,#11044,#11052,
    #11061,#11069,#11078,#11086,#11094,#11103,#11111,#11120,#11128,
    #11136));
#11001 = ORIENTED_EDGE('',*,*,#11002,.T.);
#11002 = EDGE_CURVE('',#11003,#11005,#11007,.T.);
#11003 = VERTEX_POINT('',#11004);
#11004 = CARTESIAN_POINT('',(55.939203,-86.200832,-7.5E-02));
#11005 = VERTEX_POINT('',#11006);
#11006 = CARTESIAN_POINT('',(57.162884,-86.210162,-7.5E-02));
#11007 = CIRCLE('',#11008,1.0445465394);
#11008 = AXIS2_PLACEMENT_3D('',#11009,#11010,#11011);
#11009 = CARTESIAN_POINT('',(56.544588866308,-87.05205783715,-7.5E-02));
#11010 = DIRECTION('',(0.,0.,-1.));
#11011 = DIRECTION('',(-0.579568112548,0.814923801909,0.));
#11012 = ORIENTED_EDGE('',*,*,#11013,.T.);
#11013 = EDGE_CURVE('',#11005,#11014,#11016,.T.);
#11014 = VERTEX_POINT('',#11015);
#11015 = CARTESIAN_POINT('',(57.321575,-86.37093,-7.5E-02));
#11016 = LINE('',#11017,#11018);
#11017 = CARTESIAN_POINT('',(57.162884,-86.210162,-7.5E-02));
#11018 = VECTOR('',#11019,1.);
#11019 = DIRECTION('',(0.702494596436,-0.711689076759,0.));
#11020 = ORIENTED_EDGE('',*,*,#11021,.T.);
#11021 = EDGE_CURVE('',#11014,#11022,#11024,.T.);
#11022 = VERTEX_POINT('',#11023);
#11023 = CARTESIAN_POINT('',(57.474874,-86.681853,-7.5E-02));
#11024 = LINE('',#11025,#11026);
#11025 = CARTESIAN_POINT('',(57.321575,-86.37093,-7.5E-02));
#11026 = VECTOR('',#11027,1.);
#11027 = DIRECTION('',(0.442216164967,-0.896908503383,0.));
#11028 = ORIENTED_EDGE('',*,*,#11029,.T.);
#11029 = EDGE_CURVE('',#11022,#11030,#11032,.T.);
#11030 = VERTEX_POINT('',#11031);
#11031 = CARTESIAN_POINT('',(57.473652,-87.573437,-7.5E-02));
#11032 = LINE('',#11033,#11034);
#11033 = CARTESIAN_POINT('',(57.474874,-86.681853,-7.5E-02));
#11034 = VECTOR('',#11035,1.);
#11035 = DIRECTION('',(-1.370593070556E-03,-0.999999060737,0.));
#11036 = ORIENTED_EDGE('',*,*,#11037,.T.);
#11037 = EDGE_CURVE('',#11030,#11038,#11040,.T.);
#11038 = VERTEX_POINT('',#11039);
#11039 = CARTESIAN_POINT('',(57.316209,-87.886625,-7.5E-02));
#11040 = LINE('',#11041,#11042);
#11041 = CARTESIAN_POINT('',(57.473652,-87.573437,-7.5E-02));
#11042 = VECTOR('',#11043,1.);
#11043 = DIRECTION('',(-0.449150153931,-0.893456288368,0.));
#11044 = ORIENTED_EDGE('',*,*,#11045,.T.);
#11045 = EDGE_CURVE('',#11038,#11046,#11048,.T.);
#11046 = VERTEX_POINT('',#11047);
#11047 = CARTESIAN_POINT('',(57.155441,-88.045317,-7.5E-02));
#11048 = LINE('',#11049,#11050);
#11049 = CARTESIAN_POINT('',(57.316209,-87.886625,-7.5E-02));
#11050 = VECTOR('',#11051,1.);
#11051 = DIRECTION('',(-0.711686863545,-0.70249683861,0.));
#11052 = ORIENTED_EDGE('',*,*,#11053,.T.);
#11053 = EDGE_CURVE('',#11046,#11054,#11056,.T.);
#11054 = VERTEX_POINT('',#11055);
#11055 = CARTESIAN_POINT('',(55.92676,-88.04145,-7.5E-02));
#11056 = CIRCLE('',#11057,1.046113636656);
#11057 = AXIS2_PLACEMENT_3D('',#11058,#11059,#11060);
#11058 = CARTESIAN_POINT('',(56.543765351409,-87.19666710651,-7.5E-02));
#11059 = DIRECTION('',(-0.,0.,-1.));
#11060 = DIRECTION('',(0.584712431956,-0.811240637491,-0.));
#11061 = ORIENTED_EDGE('',*,*,#11062,.T.);
#11062 = EDGE_CURVE('',#11054,#11063,#11065,.T.);
#11063 = VERTEX_POINT('',#11064);
#11064 = CARTESIAN_POINT('',(55.907587,-88.019342,-7.5E-02));
#11065 = LINE('',#11066,#11067);
#11066 = CARTESIAN_POINT('',(55.92676,-88.04145,-7.5E-02));
#11067 = VECTOR('',#11068,1.);
#11068 = DIRECTION('',(-0.655178986933,0.755473689205,0.));
#11069 = ORIENTED_EDGE('',*,*,#11070,.T.);
#11070 = EDGE_CURVE('',#11063,#11071,#11073,.T.);
#11071 = VERTEX_POINT('',#11072);
#11072 = CARTESIAN_POINT('',(56.006285,-87.915118,-7.5E-02));
#11073 = CIRCLE('',#11074,7.499954050662E-02);
#11074 = AXIS2_PLACEMENT_3D('',#11075,#11076,#11077);
#11075 = CARTESIAN_POINT('',(55.972743288962,-87.9821991799,-7.5E-02));
#11076 = DIRECTION('',(0.,0.,-1.));
#11077 = DIRECTION('',(-0.868755841989,-0.495240635459,-0.));
#11078 = ORIENTED_EDGE('',*,*,#11079,.T.);
#11079 = EDGE_CURVE('',#11071,#11080,#11082,.T.);
#11080 = VERTEX_POINT('',#11081);
#11081 = CARTESIAN_POINT('',(56.276163,-88.050057,-7.5E-02));
#11082 = LINE('',#11083,#11084);
#11083 = CARTESIAN_POINT('',(56.006285,-87.915118,-7.5E-02));
#11084 = VECTOR('',#11085,1.);
#11085 = DIRECTION('',(0.894427191,-0.4472135955,0.));
#11086 = ORIENTED_EDGE('',*,*,#11087,.T.);
#11087 = EDGE_CURVE('',#11080,#11088,#11090,.T.);
#11088 = VERTEX_POINT('',#11089);
#11089 = CARTESIAN_POINT('',(56.812181,-88.050057,-7.5E-02));
#11090 = LINE('',#11091,#11092);
#11091 = CARTESIAN_POINT('',(56.276163,-88.050057,-7.5E-02));
#11092 = VECTOR('',#11093,1.);
#11093 = DIRECTION('',(1.,0.,0.));
#11094 = ORIENTED_EDGE('',*,*,#11095,.T.);
#11095 = EDGE_CURVE('',#11088,#11096,#11098,.T.);
#11096 = VERTEX_POINT('',#11097);
#11097 = CARTESIAN_POINT('',(57.326315,-87.535923,-7.5E-02));
#11098 = CIRCLE('',#11099,0.729801053726);
#11099 = AXIS2_PLACEMENT_3D('',#11100,#11101,#11102);
#11100 = CARTESIAN_POINT('',(56.621787,-87.345529,-7.5E-02));
#11101 = DIRECTION('',(0.,0.,1.));
#11102 = DIRECTION('',(0.26088479734,-0.965369940757,0.));
#11103 = ORIENTED_EDGE('',*,*,#11104,.T.);
#11104 = EDGE_CURVE('',#11096,#11105,#11107,.T.);
#11105 = VERTEX_POINT('',#11106);
#11106 = CARTESIAN_POINT('',(57.326315,-86.71419,-7.5E-02));
#11107 = LINE('',#11108,#11109);
#11108 = CARTESIAN_POINT('',(57.326315,-87.535923,-7.5E-02));
#11109 = VECTOR('',#11110,1.);
#11110 = DIRECTION('',(0.,1.,0.));
#11111 = ORIENTED_EDGE('',*,*,#11112,.T.);
#11112 = EDGE_CURVE('',#11105,#11113,#11115,.T.);
#11113 = VERTEX_POINT('',#11114);
#11114 = CARTESIAN_POINT('',(56.812181,-86.200057,-7.5E-02));
#11115 = CIRCLE('',#11116,0.729798050508);
#11116 = AXIS2_PLACEMENT_3D('',#11117,#11118,#11119);
#11117 = CARTESIAN_POINT('',(56.621789740632,-86.90458262968,-7.5E-02));
#11118 = DIRECTION('',(0.,0.,1.));
#11119 = DIRECTION('',(0.965370158056,0.260883993252,-0.));
#11120 = ORIENTED_EDGE('',*,*,#11121,.T.);
#11121 = EDGE_CURVE('',#11113,#11122,#11124,.T.);
#11122 = VERTEX_POINT('',#11123);
#11123 = CARTESIAN_POINT('',(56.276163,-86.200057,-7.5E-02));
#11124 = LINE('',#11125,#11126);
#11125 = CARTESIAN_POINT('',(56.812181,-86.200057,-7.5E-02));
#11126 = VECTOR('',#11127,1.);
#11127 = DIRECTION('',(-1.,0.,0.));
#11128 = ORIENTED_EDGE('',*,*,#11129,.T.);
#11129 = EDGE_CURVE('',#11122,#11130,#11132,.T.);
#11130 = VERTEX_POINT('',#11131);
#11131 = CARTESIAN_POINT('',(55.992553,-86.340251,-7.5E-02));
#11132 = LINE('',#11133,#11134);
#11133 = CARTESIAN_POINT('',(56.276163,-86.200057,-7.5E-02));
#11134 = VECTOR('',#11135,1.);
#11135 = DIRECTION('',(-0.89645477953,-0.443135225702,0.));
#11136 = ORIENTED_EDGE('',*,*,#11137,.T.);
#11137 = EDGE_CURVE('',#11130,#11003,#11138,.T.);
#11138 = CIRCLE('',#11139,7.500005272361E-02);
#11139 = AXIS2_PLACEMENT_3D('',#11140,#11141,#11142);
#11140 = CARTESIAN_POINT('',(55.97274355676,-86.26791432972,-7.5E-02));
#11141 = DIRECTION('',(0.,0.,-1.));
#11142 = DIRECTION('',(0.264125724196,-0.964488259036,0.));
#11143 = PLANE('',#11144);
#11144 = AXIS2_PLACEMENT_3D('',#11145,#11146,#11147);
#11145 = CARTESIAN_POINT('',(0.,0.,-7.5E-02));
#11146 = DIRECTION('',(-0.,-0.,-1.));
#11147 = DIRECTION('',(-1.,0.,0.));
#11148 = SHELL_BASED_SURFACE_MODEL('',(#11149));
#11149 = OPEN_SHELL('',(#11150));
#11150 = ADVANCED_FACE('',(#11151),#11259,.T.);
#11151 = FACE_BOUND('',#11152,.T.);
#11152 = EDGE_LOOP('',(#11153,#11163,#11171,#11179,#11187,#11195,#11204,
    #11212,#11221,#11229,#11237,#11245,#11253));
#11153 = ORIENTED_EDGE('',*,*,#11154,.T.);
#11154 = EDGE_CURVE('',#11155,#11157,#11159,.T.);
#11155 = VERTEX_POINT('',#11156);
#11156 = CARTESIAN_POINT('',(58.645362,-87.776981,-7.5E-02));
#11157 = VERTEX_POINT('',#11158);
#11158 = CARTESIAN_POINT('',(58.672397,-87.765783,-7.5E-02));
#11159 = LINE('',#11160,#11161);
#11160 = CARTESIAN_POINT('',(58.645362,-87.776981,-7.5E-02));
#11161 = VECTOR('',#11162,1.);
#11162 = DIRECTION('',(0.923882718053,0.382675741697,0.));
#11163 = ORIENTED_EDGE('',*,*,#11164,.T.);
#11164 = EDGE_CURVE('',#11157,#11165,#11167,.T.);
#11165 = VERTEX_POINT('',#11166);
#11166 = CARTESIAN_POINT('',(58.701661,-87.765783,-7.5E-02));
#11167 = LINE('',#11168,#11169);
#11168 = CARTESIAN_POINT('',(58.672397,-87.765783,-7.5E-02));
#11169 = VECTOR('',#11170,1.);
#11170 = DIRECTION('',(1.,0.,0.));
#11171 = ORIENTED_EDGE('',*,*,#11172,.T.);
#11172 = EDGE_CURVE('',#11165,#11173,#11175,.T.);
#11173 = VERTEX_POINT('',#11174);
#11174 = CARTESIAN_POINT('',(58.711948,-87.770044,-7.5E-02));
#11175 = LINE('',#11176,#11177);
#11176 = CARTESIAN_POINT('',(58.701661,-87.765783,-7.5E-02));
#11177 = VECTOR('',#11178,1.);
#11178 = DIRECTION('',(0.923880006139,-0.382682288924,0.));
#11179 = ORIENTED_EDGE('',*,*,#11180,.T.);
#11180 = EDGE_CURVE('',#11173,#11181,#11183,.T.);
#11181 = VERTEX_POINT('',#11182);
#11182 = CARTESIAN_POINT('',(58.740062,-87.786309,-7.5E-02));
#11183 = LINE('',#11184,#11185);
#11184 = CARTESIAN_POINT('',(58.711948,-87.770044,-7.5E-02));
#11185 = VECTOR('',#11186,1.);
#11186 = DIRECTION('',(0.86558012191,-0.500770458948,0.));
#11187 = ORIENTED_EDGE('',*,*,#11188,.T.);
#11188 = EDGE_CURVE('',#11181,#11189,#11191,.T.);
#11189 = VERTEX_POINT('',#11190);
#11190 = CARTESIAN_POINT('',(58.892247,-87.940533,-7.5E-02));
#11191 = LINE('',#11192,#11193);
#11192 = CARTESIAN_POINT('',(58.740062,-87.786309,-7.5E-02));
#11193 = VECTOR('',#11194,1.);
#11194 = DIRECTION('',(0.702385784588,-0.711796466421,0.));
#11195 = ORIENTED_EDGE('',*,*,#11196,.T.);
#11196 = EDGE_CURVE('',#11189,#11197,#11199,.T.);
#11197 = VERTEX_POINT('',#11198);
#11198 = CARTESIAN_POINT('',(58.882919,-88.035233,-7.5E-02));
#11199 = CIRCLE('',#11200,7.500097510412E-02);
#11200 = AXIS2_PLACEMENT_3D('',#11201,#11202,#11203);
#11201 = CARTESIAN_POINT('',(58.82988489739,-87.98219970642,-7.5E-02));
#11202 = DIRECTION('',(0.,0.,-1.));
#11203 = DIRECTION('',(0.831483891018,0.555548862818,0.));
#11204 = ORIENTED_EDGE('',*,*,#11205,.T.);
#11205 = EDGE_CURVE('',#11197,#11206,#11208,.T.);
#11206 = VERTEX_POINT('',#11207);
#11207 = CARTESIAN_POINT('',(58.728697,-88.187417,-7.5E-02));
#11208 = LINE('',#11209,#11210);
#11209 = CARTESIAN_POINT('',(58.882919,-88.035233,-7.5E-02));
#11210 = VECTOR('',#11211,1.);
#11211 = DIRECTION('',(-0.711794219943,-0.702388061157,0.));
#11212 = ORIENTED_EDGE('',*,*,#11213,.T.);
#11213 = EDGE_CURVE('',#11206,#11214,#11216,.T.);
#11214 = VERTEX_POINT('',#11215);
#11215 = CARTESIAN_POINT('',(58.633996,-88.17809,-7.5E-02));
#11216 = CIRCLE('',#11217,7.499999203859E-02);
#11217 = AXIS2_PLACEMENT_3D('',#11218,#11219,#11220);
#11218 = CARTESIAN_POINT('',(58.687028969991,-88.12505696407,-7.5E-02));
#11219 = DIRECTION('',(-0.,0.,-1.));
#11220 = DIRECTION('',(0.555573792431,-0.831467233969,-0.));
#11221 = ORIENTED_EDGE('',*,*,#11222,.T.);
#11222 = EDGE_CURVE('',#11214,#11223,#11225,.T.);
#11223 = VERTEX_POINT('',#11224);
#11224 = CARTESIAN_POINT('',(58.481812,-88.023868,-7.5E-02));
#11225 = LINE('',#11226,#11227);
#11226 = CARTESIAN_POINT('',(58.633996,-88.17809,-7.5E-02));
#11227 = VECTOR('',#11228,1.);
#11228 = DIRECTION('',(-0.702388061157,0.711794219943,0.));
#11229 = ORIENTED_EDGE('',*,*,#11230,.T.);
#11230 = EDGE_CURVE('',#11223,#11231,#11233,.T.);
#11231 = VERTEX_POINT('',#11232);
#11232 = CARTESIAN_POINT('',(58.470613,-87.996831,-7.5E-02));
#11233 = LINE('',#11234,#11235);
#11234 = CARTESIAN_POINT('',(58.481812,-88.023868,-7.5E-02));
#11235 = VECTOR('',#11236,1.);
#11236 = DIRECTION('',(-0.382680746517,0.923880645021,0.));
#11237 = ORIENTED_EDGE('',*,*,#11238,.T.);
#11238 = EDGE_CURVE('',#11231,#11239,#11241,.T.);
#11239 = VERTEX_POINT('',#11240);
#11240 = CARTESIAN_POINT('',(58.472758,-87.962391,-7.5E-02));
#11241 = LINE('',#11242,#11243);
#11242 = CARTESIAN_POINT('',(58.470613,-87.996831,-7.5E-02));
#11243 = VECTOR('',#11244,1.);
#11244 = DIRECTION('',(6.216178151657E-02,0.998066086449,0.));
#11245 = ORIENTED_EDGE('',*,*,#11246,.T.);
#11246 = EDGE_CURVE('',#11239,#11247,#11249,.T.);
#11247 = VERTEX_POINT('',#11248);
#11248 = CARTESIAN_POINT('',(58.491139,-87.929167,-7.5E-02));
#11249 = LINE('',#11250,#11251);
#11250 = CARTESIAN_POINT('',(58.472758,-87.962391,-7.5E-02));
#11251 = VECTOR('',#11252,1.);
#11252 = DIRECTION('',(0.484096996522,0.875014341573,0.));
#11253 = ORIENTED_EDGE('',*,*,#11254,.T.);
#11254 = EDGE_CURVE('',#11247,#11155,#11255,.T.);
#11255 = LINE('',#11256,#11257);
#11256 = CARTESIAN_POINT('',(58.491139,-87.929167,-7.5E-02));
#11257 = VECTOR('',#11258,1.);
#11258 = DIRECTION('',(0.71179188198,0.702390430422,0.));
#11259 = PLANE('',#11260);
#11260 = AXIS2_PLACEMENT_3D('',#11261,#11262,#11263);
#11261 = CARTESIAN_POINT('',(0.,0.,-7.5E-02));
#11262 = DIRECTION('',(-0.,-0.,-1.));
#11263 = DIRECTION('',(-1.,0.,0.));
#11264 = SHELL_BASED_SURFACE_MODEL('',(#11265));
#11265 = OPEN_SHELL('',(#11266));
#11266 = ADVANCED_FACE('',(#11267,#11415),#11483,.T.);
#11267 = FACE_BOUND('',#11268,.T.);
#11268 = EDGE_LOOP('',(#11269,#11280,#11288,#11297,#11305,#11313,#11321,
    #11329,#11337,#11345,#11353,#11361,#11369,#11377,#11385,#11393,
    #11401,#11409));
#11269 = ORIENTED_EDGE('',*,*,#11270,.T.);
#11270 = EDGE_CURVE('',#11271,#11273,#11275,.T.);
#11271 = VERTEX_POINT('',#11272);
#11272 = CARTESIAN_POINT('',(61.359647,-85.062697,-7.5E-02));
#11273 = VERTEX_POINT('',#11274);
#11274 = CARTESIAN_POINT('',(61.476315,-85.125057,-7.5E-02));
#11275 = CIRCLE('',#11276,7.500000000003E-02);
#11276 = AXIS2_PLACEMENT_3D('',#11277,#11278,#11279);
#11277 = CARTESIAN_POINT('',(61.401315,-85.12505706555,-7.5E-02));
#11278 = DIRECTION('',(0.,0.,-1.));
#11279 = DIRECTION('',(-0.555573333333,0.831467540731,0.));
#11280 = ORIENTED_EDGE('',*,*,#11281,.T.);
#11281 = EDGE_CURVE('',#11273,#11282,#11284,.T.);
#11282 = VERTEX_POINT('',#11283);
#11283 = CARTESIAN_POINT('',(61.474874,-88.139689,-7.5E-02));
#11284 = LINE('',#11285,#11286);
#11285 = CARTESIAN_POINT('',(61.476315,-85.125057,-7.5E-02));
#11286 = VECTOR('',#11287,1.);
#11287 = DIRECTION('',(-4.780019038396E-04,-0.999999885757,0.));
#11288 = ORIENTED_EDGE('',*,*,#11289,.T.);
#11289 = EDGE_CURVE('',#11282,#11290,#11292,.T.);
#11290 = VERTEX_POINT('',#11291);
#11291 = CARTESIAN_POINT('',(61.326315,-88.125057,-7.5E-02));
#11292 = CIRCLE('',#11293,7.500006711464E-02);
#11293 = AXIS2_PLACEMENT_3D('',#11294,#11295,#11296);
#11294 = CARTESIAN_POINT('',(61.401315067115,-88.12505706711,-7.5E-02));
#11295 = DIRECTION('',(-0.,0.,-1.));
#11296 = DIRECTION('',(0.980784894138,-0.195092263891,-0.));
#11297 = ORIENTED_EDGE('',*,*,#11298,.T.);
#11298 = EDGE_CURVE('',#11290,#11299,#11301,.T.);
#11299 = VERTEX_POINT('',#11300);
#11300 = CARTESIAN_POINT('',(61.326315,-88.103552,-7.5E-02));
#11301 = LINE('',#11302,#11303);
#11302 = CARTESIAN_POINT('',(61.326315,-88.125057,-7.5E-02));
#11303 = VECTOR('',#11304,1.);
#11304 = DIRECTION('',(0.,1.,0.));
#11305 = ORIENTED_EDGE('',*,*,#11306,.T.);
#11306 = EDGE_CURVE('',#11299,#11307,#11309,.T.);
#11307 = VERTEX_POINT('',#11308);
#11308 = CARTESIAN_POINT('',(61.130233,-88.198616,-7.5E-02));
#11309 = LINE('',#11310,#11311);
#11310 = CARTESIAN_POINT('',(61.326315,-88.103552,-7.5E-02));
#11311 = VECTOR('',#11312,1.);
#11312 = DIRECTION('',(-0.899825025039,-0.436250987751,0.));
#11313 = ORIENTED_EDGE('',*,*,#11314,.T.);
#11314 = EDGE_CURVE('',#11307,#11315,#11317,.T.);
#11315 = VERTEX_POINT('',#11316);
#11316 = CARTESIAN_POINT('',(60.524363,-88.197394,-7.5E-02));
#11317 = LINE('',#11318,#11319);
#11318 = CARTESIAN_POINT('',(61.130233,-88.198616,-7.5E-02));
#11319 = VECTOR('',#11320,1.);
#11320 = DIRECTION('',(-0.999997965994,2.016930223387E-03,0.));
#11321 = ORIENTED_EDGE('',*,*,#11322,.T.);
#11322 = EDGE_CURVE('',#11315,#11323,#11325,.T.);
#11323 = VERTEX_POINT('',#11324);
#11324 = CARTESIAN_POINT('',(60.211174,-88.039951,-7.5E-02));
#11325 = LINE('',#11326,#11327);
#11326 = CARTESIAN_POINT('',(60.524363,-88.197394,-7.5E-02));
#11327 = VECTOR('',#11328,1.);
#11328 = DIRECTION('',(-0.893456863873,0.449149009125,0.));
#11329 = ORIENTED_EDGE('',*,*,#11330,.T.);
#11330 = EDGE_CURVE('',#11323,#11331,#11333,.T.);
#11331 = VERTEX_POINT('',#11332);
#11332 = CARTESIAN_POINT('',(60.052482,-87.879179,-7.5E-02));
#11333 = LINE('',#11334,#11335);
#11334 = CARTESIAN_POINT('',(60.211174,-88.039951,-7.5E-02));
#11335 = VECTOR('',#11336,1.);
#11336 = DIRECTION('',(-0.702487985827,0.711695601904,0.));
#11337 = ORIENTED_EDGE('',*,*,#11338,.T.);
#11338 = EDGE_CURVE('',#11331,#11339,#11341,.T.);
#11339 = VERTEX_POINT('',#11340);
#11340 = CARTESIAN_POINT('',(59.899184,-87.56826,-7.5E-02));
#11341 = LINE('',#11342,#11343);
#11342 = CARTESIAN_POINT('',(60.052482,-87.879179,-7.5E-02));
#11343 = VECTOR('',#11344,1.);
#11344 = DIRECTION('',(-0.442218420987,0.896907391061,0.));
#11345 = ORIENTED_EDGE('',*,*,#11346,.T.);
#11346 = EDGE_CURVE('',#11339,#11347,#11349,.T.);
#11347 = VERTEX_POINT('',#11348);
#11348 = CARTESIAN_POINT('',(59.900406,-86.676675,-7.5E-02));
#11349 = LINE('',#11350,#11351);
#11350 = CARTESIAN_POINT('',(59.899184,-87.56826,-7.5E-02));
#11351 = VECTOR('',#11352,1.);
#11352 = DIRECTION('',(1.370591533305E-03,0.999999060739,0.));
#11353 = ORIENTED_EDGE('',*,*,#11354,.T.);
#11354 = EDGE_CURVE('',#11347,#11355,#11357,.T.);
#11355 = VERTEX_POINT('',#11356);
#11356 = CARTESIAN_POINT('',(60.057849,-86.363487,-7.5E-02));
#11357 = LINE('',#11358,#11359);
#11358 = CARTESIAN_POINT('',(59.900406,-86.676675,-7.5E-02));
#11359 = VECTOR('',#11360,1.);
#11360 = DIRECTION('',(0.449150153931,0.893456288368,0.));
#11361 = ORIENTED_EDGE('',*,*,#11362,.T.);
#11362 = EDGE_CURVE('',#11355,#11363,#11365,.T.);
#11363 = VERTEX_POINT('',#11364);
#11364 = CARTESIAN_POINT('',(60.218617,-86.204796,-7.5E-02));
#11365 = LINE('',#11366,#11367);
#11366 = CARTESIAN_POINT('',(60.057849,-86.363487,-7.5E-02));
#11367 = VECTOR('',#11368,1.);
#11368 = DIRECTION('',(0.711689076759,0.702494596436,0.));
#11369 = ORIENTED_EDGE('',*,*,#11370,.T.);
#11370 = EDGE_CURVE('',#11363,#11371,#11373,.T.);
#11371 = VERTEX_POINT('',#11372);
#11372 = CARTESIAN_POINT('',(60.52954,-86.051498,-7.5E-02));
#11373 = LINE('',#11374,#11375);
#11374 = CARTESIAN_POINT('',(60.218617,-86.204796,-7.5E-02));
#11375 = VECTOR('',#11376,1.);
#11376 = DIRECTION('',(0.896909647519,0.44221384441,0.));
#11377 = ORIENTED_EDGE('',*,*,#11378,.T.);
#11378 = EDGE_CURVE('',#11371,#11379,#11381,.T.);
#11379 = VERTEX_POINT('',#11380);
#11380 = CARTESIAN_POINT('',(61.13541,-86.05272,-7.5E-02));
#11381 = LINE('',#11382,#11383);
#11382 = CARTESIAN_POINT('',(60.52954,-86.051498,-7.5E-02));
#11383 = VECTOR('',#11384,1.);
#11384 = DIRECTION('',(0.999997965994,-2.016930223387E-03,0.));
#11385 = ORIENTED_EDGE('',*,*,#11386,.T.);
#11386 = EDGE_CURVE('',#11379,#11387,#11389,.T.);
#11387 = VERTEX_POINT('',#11388);
#11388 = CARTESIAN_POINT('',(61.326315,-86.146561,-7.5E-02));
#11389 = LINE('',#11390,#11391);
#11390 = CARTESIAN_POINT('',(61.13541,-86.05272,-7.5E-02));
#11391 = VECTOR('',#11392,1.);
#11392 = DIRECTION('',(0.897436897657,-0.441142850701,0.));
#11393 = ORIENTED_EDGE('',*,*,#11394,.T.);
#11394 = EDGE_CURVE('',#11387,#11395,#11397,.T.);
#11395 = VERTEX_POINT('',#11396);
#11396 = CARTESIAN_POINT('',(61.327756,-85.110425,-7.5E-02));
#11397 = LINE('',#11398,#11399);
#11398 = CARTESIAN_POINT('',(61.326315,-86.146561,-7.5E-02));
#11399 = VECTOR('',#11400,1.);
#11400 = DIRECTION('',(1.390742727241E-03,0.999999032917,0.));
#11401 = ORIENTED_EDGE('',*,*,#11402,.T.);
#11402 = EDGE_CURVE('',#11395,#11403,#11405,.T.);
#11403 = VERTEX_POINT('',#11404);
#11404 = CARTESIAN_POINT('',(61.338955,-85.083389,-7.5E-02));
#11405 = LINE('',#11406,#11407);
#11406 = CARTESIAN_POINT('',(61.327756,-85.110425,-7.5E-02));
#11407 = VECTOR('',#11408,1.);
#11408 = DIRECTION('',(0.38269282806,0.923875640631,0.));
#11409 = ORIENTED_EDGE('',*,*,#11410,.T.);
#11410 = EDGE_CURVE('',#11403,#11271,#11411,.T.);
#11411 = LINE('',#11412,#11413);
#11412 = CARTESIAN_POINT('',(61.338955,-85.083389,-7.5E-02));
#11413 = VECTOR('',#11414,1.);
#11414 = DIRECTION('',(0.707106781187,0.707106781186,0.));
#11415 = FACE_BOUND('',#11416,.T.);
#11416 = EDGE_LOOP('',(#11417,#11427,#11435,#11444,#11452,#11461,#11469,
    #11477));
#11417 = ORIENTED_EDGE('',*,*,#11418,.T.);
#11418 = EDGE_CURVE('',#11419,#11421,#11423,.T.);
#11419 = VERTEX_POINT('',#11420);
#11420 = CARTESIAN_POINT('',(61.326315,-86.314266,-7.5E-02));
#11421 = VERTEX_POINT('',#11422);
#11422 = CARTESIAN_POINT('',(61.097896,-86.200057,-7.5E-02));
#11423 = LINE('',#11424,#11425);
#11424 = CARTESIAN_POINT('',(61.326315,-86.314266,-7.5E-02));
#11425 = VECTOR('',#11426,1.);
#11426 = DIRECTION('',(-0.894427974145,0.447212029206,0.));
#11427 = ORIENTED_EDGE('',*,*,#11428,.T.);
#11428 = EDGE_CURVE('',#11421,#11429,#11431,.T.);
#11429 = VERTEX_POINT('',#11430);
#11430 = CARTESIAN_POINT('',(60.561877,-86.200057,-7.5E-02));
#11431 = LINE('',#11432,#11433);
#11432 = CARTESIAN_POINT('',(61.097896,-86.200057,-7.5E-02));
#11433 = VECTOR('',#11434,1.);
#11434 = DIRECTION('',(-1.,0.,0.));
#11435 = ORIENTED_EDGE('',*,*,#11436,.T.);
#11436 = EDGE_CURVE('',#11429,#11437,#11439,.T.);
#11437 = VERTEX_POINT('',#11438);
#11438 = CARTESIAN_POINT('',(60.047743,-86.71419,-7.5E-02));
#11439 = CIRCLE('',#11440,0.729801865334);
#11440 = AXIS2_PLACEMENT_3D('',#11441,#11442,#11443);
#11441 = CARTESIAN_POINT('',(60.752271370322,-86.90458574064,-7.5E-02));
#11442 = DIRECTION('',(0.,0.,1.));
#11443 = DIRECTION('',(-0.260885014641,0.965369882033,0.));
#11444 = ORIENTED_EDGE('',*,*,#11445,.T.);
#11445 = EDGE_CURVE('',#11437,#11446,#11448,.T.);
#11446 = VERTEX_POINT('',#11447);
#11447 = CARTESIAN_POINT('',(60.047743,-87.535922,-7.5E-02));
#11448 = LINE('',#11449,#11450);
#11449 = CARTESIAN_POINT('',(60.047743,-86.71419,-7.5E-02));
#11450 = VECTOR('',#11451,1.);
#11451 = DIRECTION('',(0.,-1.,0.));
#11452 = ORIENTED_EDGE('',*,*,#11453,.T.);
#11453 = EDGE_CURVE('',#11446,#11454,#11456,.T.);
#11454 = VERTEX_POINT('',#11455);
#11455 = CARTESIAN_POINT('',(60.561877,-88.050057,-7.5E-02));
#11456 = CIRCLE('',#11457,0.729800991314);
#11457 = AXIS2_PLACEMENT_3D('',#11458,#11459,#11460);
#11458 = CARTESIAN_POINT('',(60.752271240637,-87.34552912968,-7.5E-02));
#11459 = DIRECTION('',(0.,0.,1.));
#11460 = DIRECTION('',(-0.965370353044,-0.26088327172,0.));
#11461 = ORIENTED_EDGE('',*,*,#11462,.T.);
#11462 = EDGE_CURVE('',#11454,#11463,#11465,.T.);
#11463 = VERTEX_POINT('',#11464);
#11464 = CARTESIAN_POINT('',(61.097896,-88.050057,-7.5E-02));
#11465 = LINE('',#11466,#11467);
#11466 = CARTESIAN_POINT('',(60.561877,-88.050057,-7.5E-02));
#11467 = VECTOR('',#11468,1.);
#11468 = DIRECTION('',(1.,0.,0.));
#11469 = ORIENTED_EDGE('',*,*,#11470,.T.);
#11470 = EDGE_CURVE('',#11463,#11471,#11473,.T.);
#11471 = VERTEX_POINT('',#11472);
#11472 = CARTESIAN_POINT('',(61.326315,-87.935847,-7.5E-02));
#11473 = LINE('',#11474,#11475);
#11474 = CARTESIAN_POINT('',(61.097896,-88.050057,-7.5E-02));
#11475 = VECTOR('',#11476,1.);
#11476 = DIRECTION('',(0.894426407853,0.44721516179,0.));
#11477 = ORIENTED_EDGE('',*,*,#11478,.T.);
#11478 = EDGE_CURVE('',#11471,#11419,#11479,.T.);
#11479 = LINE('',#11480,#11481);
#11480 = CARTESIAN_POINT('',(61.326315,-87.935847,-7.5E-02));
#11481 = VECTOR('',#11482,1.);
#11482 = DIRECTION('',(0.,1.,0.));
#11483 = PLANE('',#11484);
#11484 = AXIS2_PLACEMENT_3D('',#11485,#11486,#11487);
#11485 = CARTESIAN_POINT('',(0.,0.,-7.5E-02));
#11486 = DIRECTION('',(-0.,-0.,-1.));
#11487 = DIRECTION('',(-1.,0.,0.));
#11488 = SHELL_BASED_SURFACE_MODEL('',(#11489));
#11489 = OPEN_SHELL('',(#11490));
#11490 = ADVANCED_FACE('',(#11491),#11649,.T.);
#11491 = FACE_BOUND('',#11492,.T.);
#11492 = EDGE_LOOP('',(#11493,#11504,#11512,#11520,#11528,#11536,#11544,
    #11552,#11560,#11569,#11577,#11585,#11593,#11602,#11610,#11618,
    #11627,#11635,#11643));
#11493 = ORIENTED_EDGE('',*,*,#11494,.T.);
#11494 = EDGE_CURVE('',#11495,#11497,#11499,.T.);
#11495 = VERTEX_POINT('',#11496);
#11496 = CARTESIAN_POINT('',(62.788219,-86.062697,-7.5E-02));
#11497 = VERTEX_POINT('',#11498);
#11498 = CARTESIAN_POINT('',(62.904887,-86.125057,-7.5E-02));
#11499 = CIRCLE('',#11500,7.500000000003E-02);
#11500 = AXIS2_PLACEMENT_3D('',#11501,#11502,#11503);
#11501 = CARTESIAN_POINT('',(62.829887,-86.12505706555,-7.5E-02));
#11502 = DIRECTION('',(0.,0.,-1.));
#11503 = DIRECTION('',(-0.555573333333,0.831467540731,0.));
#11504 = ORIENTED_EDGE('',*,*,#11505,.T.);
#11505 = EDGE_CURVE('',#11497,#11506,#11508,.T.);
#11506 = VERTEX_POINT('',#11507);
#11507 = CARTESIAN_POINT('',(62.904887,-87.808276,-7.5E-02));
#11508 = LINE('',#11509,#11510);
#11509 = CARTESIAN_POINT('',(62.904887,-86.125057,-7.5E-02));
#11510 = VECTOR('',#11511,1.);
#11511 = DIRECTION('',(0.,-1.,0.));
#11512 = ORIENTED_EDGE('',*,*,#11513,.T.);
#11513 = EDGE_CURVE('',#11506,#11514,#11516,.T.);
#11514 = VERTEX_POINT('',#11515);
#11515 = CARTESIAN_POINT('',(63.017171,-87.920561,-7.5E-02));
#11516 = LINE('',#11517,#11518);
#11517 = CARTESIAN_POINT('',(62.904887,-87.808276,-7.5E-02));
#11518 = VECTOR('',#11519,1.);
#11519 = DIRECTION('',(0.707103632451,-0.707109929908,0.));
#11520 = ORIENTED_EDGE('',*,*,#11521,.T.);
#11521 = EDGE_CURVE('',#11514,#11522,#11524,.T.);
#11522 = VERTEX_POINT('',#11523);
#11523 = CARTESIAN_POINT('',(63.276163,-88.050057,-7.5E-02));
#11524 = LINE('',#11525,#11526);
#11525 = CARTESIAN_POINT('',(63.017171,-87.920561,-7.5E-02));
#11526 = VECTOR('',#11527,1.);
#11527 = DIRECTION('',(0.894427191,-0.4472135955,0.));
#11528 = ORIENTED_EDGE('',*,*,#11529,.T.);
#11529 = EDGE_CURVE('',#11522,#11530,#11532,.T.);
#11530 = VERTEX_POINT('',#11531);
#11531 = CARTESIAN_POINT('',(63.669324,-88.050057,-7.5E-02));
#11532 = LINE('',#11533,#11534);
#11533 = CARTESIAN_POINT('',(63.276163,-88.050057,-7.5E-02));
#11534 = VECTOR('',#11535,1.);
#11535 = DIRECTION('',(1.,0.,0.));
#11536 = ORIENTED_EDGE('',*,*,#11537,.T.);
#11537 = EDGE_CURVE('',#11530,#11538,#11540,.T.);
#11538 = VERTEX_POINT('',#11539);
#11539 = CARTESIAN_POINT('',(63.916842,-87.926298,-7.5E-02));
#11540 = LINE('',#11541,#11542);
#11541 = CARTESIAN_POINT('',(63.669324,-88.050057,-7.5E-02));
#11542 = VECTOR('',#11543,1.);
#11543 = DIRECTION('',(0.894427191,0.4472135955,0.));
#11544 = ORIENTED_EDGE('',*,*,#11545,.T.);
#11545 = EDGE_CURVE('',#11538,#11546,#11548,.T.);
#11546 = VERTEX_POINT('',#11547);
#11547 = CARTESIAN_POINT('',(64.040601,-87.67878,-7.5E-02));
#11548 = LINE('',#11549,#11550);
#11549 = CARTESIAN_POINT('',(63.916842,-87.926298,-7.5E-02));
#11550 = VECTOR('',#11551,1.);
#11551 = DIRECTION('',(0.4472135955,0.894427191,0.));
#11552 = ORIENTED_EDGE('',*,*,#11553,.T.);
#11553 = EDGE_CURVE('',#11546,#11554,#11556,.T.);
#11554 = VERTEX_POINT('',#11555);
#11555 = CARTESIAN_POINT('',(64.042042,-86.110425,-7.5E-02));
#11556 = LINE('',#11557,#11558);
#11557 = CARTESIAN_POINT('',(64.040601,-87.67878,-7.5E-02));
#11558 = VECTOR('',#11559,1.);
#11559 = DIRECTION('',(9.187966957498E-04,0.999999577906,0.));
#11560 = ORIENTED_EDGE('',*,*,#11561,.T.);
#11561 = EDGE_CURVE('',#11554,#11562,#11564,.T.);
#11562 = VERTEX_POINT('',#11563);
#11563 = CARTESIAN_POINT('',(64.190601,-86.125057,-7.5E-02));
#11564 = CIRCLE('',#11565,7.500006711464E-02);
#11565 = AXIS2_PLACEMENT_3D('',#11566,#11567,#11568);
#11566 = CARTESIAN_POINT('',(64.115600932885,-86.12505693288,-7.5E-02));
#11567 = DIRECTION('',(0.,0.,-1.));
#11568 = DIRECTION('',(-0.980784894138,0.195092263891,0.));
#11569 = ORIENTED_EDGE('',*,*,#11570,.T.);
#11570 = EDGE_CURVE('',#11562,#11571,#11573,.T.);
#11571 = VERTEX_POINT('',#11572);
#11572 = CARTESIAN_POINT('',(64.187938,-87.716294,-7.5E-02));
#11573 = LINE('',#11574,#11575);
#11574 = CARTESIAN_POINT('',(64.190601,-86.125057,-7.5E-02));
#11575 = VECTOR('',#11576,1.);
#11576 = DIRECTION('',(-1.673538430053E-03,-0.999998599634,0.));
#11577 = ORIENTED_EDGE('',*,*,#11578,.T.);
#11578 = EDGE_CURVE('',#11571,#11579,#11581,.T.);
#11579 = VERTEX_POINT('',#11580);
#11580 = CARTESIAN_POINT('',(64.031994,-88.028184,-7.5E-02));
#11581 = LINE('',#11582,#11583);
#11582 = CARTESIAN_POINT('',(64.187938,-87.716294,-7.5E-02));
#11583 = VECTOR('',#11584,1.);
#11584 = DIRECTION('',(-0.447211301284,-0.894428338104,0.));
#11585 = ORIENTED_EDGE('',*,*,#11586,.T.);
#11586 = EDGE_CURVE('',#11579,#11587,#11589,.T.);
#11587 = VERTEX_POINT('',#11588);
#11588 = CARTESIAN_POINT('',(64.006285,-88.049282,-7.5E-02));
#11589 = LINE('',#11590,#11591);
#11590 = CARTESIAN_POINT('',(64.031994,-88.028184,-7.5E-02));
#11591 = VECTOR('',#11592,1.);
#11592 = DIRECTION('',(-0.773022706982,-0.634378352791,0.));
#11593 = ORIENTED_EDGE('',*,*,#11594,.T.);
#11594 = EDGE_CURVE('',#11587,#11595,#11597,.T.);
#11595 = VERTEX_POINT('',#11596);
#11596 = CARTESIAN_POINT('',(62.92546,-88.039951,-7.5E-02));
#11597 = CIRCLE('',#11598,0.884381871176);
#11598 = AXIS2_PLACEMENT_3D('',#11599,#11600,#11601);
#11599 = CARTESIAN_POINT('',(63.471915922551,-87.34459697594,-7.5E-02));
#11600 = DIRECTION('',(-0.,0.,-1.));
#11601 = DIRECTION('',(0.604228891234,-0.796810797491,-0.));
#11602 = ORIENTED_EDGE('',*,*,#11603,.T.);
#11603 = EDGE_CURVE('',#11595,#11604,#11606,.T.);
#11604 = VERTEX_POINT('',#11605);
#11605 = CARTESIAN_POINT('',(62.904887,-88.020408,-7.5E-02));
#11606 = LINE('',#11607,#11608);
#11607 = CARTESIAN_POINT('',(62.92546,-88.039951,-7.5E-02));
#11608 = VECTOR('',#11609,1.);
#11609 = DIRECTION('',(-0.725023189911,0.688724454402,0.));
#11610 = ORIENTED_EDGE('',*,*,#11611,.T.);
#11611 = EDGE_CURVE('',#11604,#11612,#11614,.T.);
#11612 = VERTEX_POINT('',#11613);
#11613 = CARTESIAN_POINT('',(62.903446,-88.139689,-7.5E-02));
#11614 = LINE('',#11615,#11616);
#11615 = CARTESIAN_POINT('',(62.904887,-88.020408,-7.5E-02));
#11616 = VECTOR('',#11617,1.);
#11617 = DIRECTION('',(-1.207983550655E-02,-0.999927036125,0.));
#11618 = ORIENTED_EDGE('',*,*,#11619,.T.);
#11619 = EDGE_CURVE('',#11612,#11620,#11622,.T.);
#11620 = VERTEX_POINT('',#11621);
#11621 = CARTESIAN_POINT('',(62.754887,-88.125057,-7.5E-02));
#11622 = CIRCLE('',#11623,7.500006711465E-02);
#11623 = AXIS2_PLACEMENT_3D('',#11624,#11625,#11626);
#11624 = CARTESIAN_POINT('',(62.829887067115,-88.12505706711,-7.5E-02));
#11625 = DIRECTION('',(-0.,0.,-1.));
#11626 = DIRECTION('',(0.980784894138,-0.195092263891,-0.));
#11627 = ORIENTED_EDGE('',*,*,#11628,.T.);
#11628 = EDGE_CURVE('',#11620,#11629,#11631,.T.);
#11629 = VERTEX_POINT('',#11630);
#11630 = CARTESIAN_POINT('',(62.756328,-86.110425,-7.5E-02));
#11631 = LINE('',#11632,#11633);
#11632 = CARTESIAN_POINT('',(62.754887,-88.125057,-7.5E-02));
#11633 = VECTOR('',#11634,1.);
#11634 = DIRECTION('',(7.152669228892E-04,0.999999744197,0.));
#11635 = ORIENTED_EDGE('',*,*,#11636,.T.);
#11636 = EDGE_CURVE('',#11629,#11637,#11639,.T.);
#11637 = VERTEX_POINT('',#11638);
#11638 = CARTESIAN_POINT('',(62.767527,-86.083389,-7.5E-02));
#11639 = LINE('',#11640,#11641);
#11640 = CARTESIAN_POINT('',(62.756328,-86.110425,-7.5E-02));
#11641 = VECTOR('',#11642,1.);
#11642 = DIRECTION('',(0.38269282806,0.923875640631,0.));
#11643 = ORIENTED_EDGE('',*,*,#11644,.T.);
#11644 = EDGE_CURVE('',#11637,#11495,#11645,.T.);
#11645 = LINE('',#11646,#11647);
#11646 = CARTESIAN_POINT('',(62.767527,-86.083389,-7.5E-02));
#11647 = VECTOR('',#11648,1.);
#11648 = DIRECTION('',(0.707106781187,0.707106781187,0.));
#11649 = PLANE('',#11650);
#11650 = AXIS2_PLACEMENT_3D('',#11651,#11652,#11653);
#11651 = CARTESIAN_POINT('',(0.,0.,-7.5E-02));
#11652 = DIRECTION('',(-0.,-0.,-1.));
#11653 = DIRECTION('',(-1.,0.,0.));
#11654 = SHELL_BASED_SURFACE_MODEL('',(#11655));
#11655 = OPEN_SHELL('',(#11656));
#11656 = ADVANCED_FACE('',(#11657),#11815,.T.);
#11657 = FACE_BOUND('',#11658,.T.);
#11658 = EDGE_LOOP('',(#11659,#11670,#11678,#11687,#11695,#11703,#11711,
    #11719,#11727,#11735,#11743,#11752,#11760,#11768,#11776,#11785,
    #11793,#11801,#11809));
#11659 = ORIENTED_EDGE('',*,*,#11660,.T.);
#11660 = EDGE_CURVE('',#11661,#11663,#11665,.T.);
#11661 = VERTEX_POINT('',#11662);
#11662 = CARTESIAN_POINT('',(66.788219,-85.062697,-7.5E-02));
#11663 = VERTEX_POINT('',#11664);
#11664 = CARTESIAN_POINT('',(66.904887,-85.125057,-7.5E-02));
#11665 = CIRCLE('',#11666,7.500000000003E-02);
#11666 = AXIS2_PLACEMENT_3D('',#11667,#11668,#11669);
#11667 = CARTESIAN_POINT('',(66.829887,-85.12505706555,-7.5E-02));
#11668 = DIRECTION('',(0.,0.,-1.));
#11669 = DIRECTION('',(-0.555573333333,0.831467540731,0.));
#11670 = ORIENTED_EDGE('',*,*,#11671,.T.);
#11671 = EDGE_CURVE('',#11663,#11672,#11674,.T.);
#11672 = VERTEX_POINT('',#11673);
#11673 = CARTESIAN_POINT('',(66.903446,-88.139689,-7.5E-02));
#11674 = LINE('',#11675,#11676);
#11675 = CARTESIAN_POINT('',(66.904887,-85.125057,-7.5E-02));
#11676 = VECTOR('',#11677,1.);
#11677 = DIRECTION('',(-4.780019038396E-04,-0.999999885757,0.));
#11678 = ORIENTED_EDGE('',*,*,#11679,.T.);
#11679 = EDGE_CURVE('',#11672,#11680,#11682,.T.);
#11680 = VERTEX_POINT('',#11681);
#11681 = CARTESIAN_POINT('',(66.754887,-88.125057,-7.5E-02));
#11682 = CIRCLE('',#11683,7.500006711465E-02);
#11683 = AXIS2_PLACEMENT_3D('',#11684,#11685,#11686);
#11684 = CARTESIAN_POINT('',(66.829887067115,-88.12505706711,-7.5E-02));
#11685 = DIRECTION('',(-0.,0.,-1.));
#11686 = DIRECTION('',(0.980784894138,-0.195092263891,-0.));
#11687 = ORIENTED_EDGE('',*,*,#11688,.T.);
#11688 = EDGE_CURVE('',#11680,#11689,#11691,.T.);
#11689 = VERTEX_POINT('',#11690);
#11690 = CARTESIAN_POINT('',(66.754887,-86.441837,-7.5E-02));
#11691 = LINE('',#11692,#11693);
#11692 = CARTESIAN_POINT('',(66.754887,-88.125057,-7.5E-02));
#11693 = VECTOR('',#11694,1.);
#11694 = DIRECTION('',(0.,1.,0.));
#11695 = ORIENTED_EDGE('',*,*,#11696,.T.);
#11696 = EDGE_CURVE('',#11689,#11697,#11699,.T.);
#11697 = VERTEX_POINT('',#11698);
#11698 = CARTESIAN_POINT('',(66.642603,-86.329553,-7.5E-02));
#11699 = LINE('',#11700,#11701);
#11700 = CARTESIAN_POINT('',(66.754887,-86.441837,-7.5E-02));
#11701 = VECTOR('',#11702,1.);
#11702 = DIRECTION('',(-0.707106781187,0.707106781187,0.));
#11703 = ORIENTED_EDGE('',*,*,#11704,.T.);
#11704 = EDGE_CURVE('',#11697,#11705,#11707,.T.);
#11705 = VERTEX_POINT('',#11706);
#11706 = CARTESIAN_POINT('',(66.38361,-86.200057,-7.5E-02));
#11707 = LINE('',#11708,#11709);
#11708 = CARTESIAN_POINT('',(66.642603,-86.329553,-7.5E-02));
#11709 = VECTOR('',#11710,1.);
#11710 = DIRECTION('',(-0.894427881695,0.447212214106,0.));
#11711 = ORIENTED_EDGE('',*,*,#11712,.T.);
#11712 = EDGE_CURVE('',#11705,#11713,#11715,.T.);
#11713 = VERTEX_POINT('',#11714);
#11714 = CARTESIAN_POINT('',(65.990449,-86.200057,-7.5E-02));
#11715 = LINE('',#11716,#11717);
#11716 = CARTESIAN_POINT('',(66.38361,-86.200057,-7.5E-02));
#11717 = VECTOR('',#11718,1.);
#11718 = DIRECTION('',(-1.,0.,0.));
#11719 = ORIENTED_EDGE('',*,*,#11720,.T.);
#11720 = EDGE_CURVE('',#11713,#11721,#11723,.T.);
#11721 = VERTEX_POINT('',#11722);
#11722 = CARTESIAN_POINT('',(65.742931,-86.323815,-7.5E-02));
#11723 = LINE('',#11724,#11725);
#11724 = CARTESIAN_POINT('',(65.990449,-86.200057,-7.5E-02));
#11725 = VECTOR('',#11726,1.);
#11726 = DIRECTION('',(-0.894428636431,-0.447210704625,0.));
#11727 = ORIENTED_EDGE('',*,*,#11728,.T.);
#11728 = EDGE_CURVE('',#11721,#11729,#11731,.T.);
#11729 = VERTEX_POINT('',#11730);
#11730 = CARTESIAN_POINT('',(65.619173,-86.571333,-7.5E-02));
#11731 = LINE('',#11732,#11733);
#11732 = CARTESIAN_POINT('',(65.742931,-86.323815,-7.5E-02));
#11733 = VECTOR('',#11734,1.);
#11734 = DIRECTION('',(-0.447210704625,-0.894428636431,0.));
#11735 = ORIENTED_EDGE('',*,*,#11736,.T.);
#11736 = EDGE_CURVE('',#11729,#11737,#11739,.T.);
#11737 = VERTEX_POINT('',#11738);
#11738 = CARTESIAN_POINT('',(65.617732,-88.139689,-7.5E-02));
#11739 = LINE('',#11740,#11741);
#11740 = CARTESIAN_POINT('',(65.619173,-86.571333,-7.5E-02));
#11741 = VECTOR('',#11742,1.);
#11742 = DIRECTION('',(-9.18796109916E-04,-0.999999577907,0.));
#11743 = ORIENTED_EDGE('',*,*,#11744,.T.);
#11744 = EDGE_CURVE('',#11737,#11745,#11747,.T.);
#11745 = VERTEX_POINT('',#11746);
#11746 = CARTESIAN_POINT('',(65.469173,-88.125057,-7.5E-02));
#11747 = CIRCLE('',#11748,7.500006711464E-02);
#11748 = AXIS2_PLACEMENT_3D('',#11749,#11750,#11751);
#11749 = CARTESIAN_POINT('',(65.544173067115,-88.12505706711,-7.5E-02));
#11750 = DIRECTION('',(-0.,0.,-1.));
#11751 = DIRECTION('',(0.980784894138,-0.195092263891,-0.));
#11752 = ORIENTED_EDGE('',*,*,#11753,.T.);
#11753 = EDGE_CURVE('',#11745,#11754,#11756,.T.);
#11754 = VERTEX_POINT('',#11755);
#11755 = CARTESIAN_POINT('',(65.471836,-86.533819,-7.5E-02));
#11756 = LINE('',#11757,#11758);
#11757 = CARTESIAN_POINT('',(65.469173,-88.125057,-7.5E-02));
#11758 = VECTOR('',#11759,1.);
#11759 = DIRECTION('',(1.673537378335E-03,0.999998599635,0.));
#11760 = ORIENTED_EDGE('',*,*,#11761,.T.);
#11761 = EDGE_CURVE('',#11754,#11762,#11764,.T.);
#11762 = VERTEX_POINT('',#11763);
#11763 = CARTESIAN_POINT('',(65.62778,-86.22193,-7.5E-02));
#11764 = LINE('',#11765,#11766);
#11765 = CARTESIAN_POINT('',(65.471836,-86.533819,-7.5E-02));
#11766 = VECTOR('',#11767,1.);
#11767 = DIRECTION('',(0.447212448389,0.894427764554,0.));
#11768 = ORIENTED_EDGE('',*,*,#11769,.T.);
#11769 = EDGE_CURVE('',#11762,#11770,#11772,.T.);
#11770 = VERTEX_POINT('',#11771);
#11771 = CARTESIAN_POINT('',(65.653489,-86.200832,-7.5E-02));
#11772 = LINE('',#11773,#11774);
#11773 = CARTESIAN_POINT('',(65.62778,-86.22193,-7.5E-02));
#11774 = VECTOR('',#11775,1.);
#11775 = DIRECTION('',(0.773022706982,0.634378352791,0.));
#11776 = ORIENTED_EDGE('',*,*,#11777,.T.);
#11777 = EDGE_CURVE('',#11770,#11778,#11780,.T.);
#11778 = VERTEX_POINT('',#11779);
#11779 = CARTESIAN_POINT('',(66.734313,-86.210162,-7.5E-02));
#11780 = CIRCLE('',#11781,0.884380976255);
#11781 = AXIS2_PLACEMENT_3D('',#11782,#11783,#11784);
#11782 = CARTESIAN_POINT('',(66.18785822588,-86.90551578837,-7.5E-02));
#11783 = DIRECTION('',(0.,0.,-1.));
#11784 = DIRECTION('',(-0.604229670501,0.796810206565,0.));
#11785 = ORIENTED_EDGE('',*,*,#11786,.T.);
#11786 = EDGE_CURVE('',#11778,#11787,#11789,.T.);
#11787 = VERTEX_POINT('',#11788);
#11788 = CARTESIAN_POINT('',(66.754887,-86.229705,-7.5E-02));
#11789 = LINE('',#11790,#11791);
#11790 = CARTESIAN_POINT('',(66.734313,-86.210162,-7.5E-02));
#11791 = VECTOR('',#11792,1.);
#11792 = DIRECTION('',(0.725039905767,-0.688706857121,0.));
#11793 = ORIENTED_EDGE('',*,*,#11794,.T.);
#11794 = EDGE_CURVE('',#11787,#11795,#11797,.T.);
#11795 = VERTEX_POINT('',#11796);
#11796 = CARTESIAN_POINT('',(66.756328,-85.110425,-7.5E-02));
#11797 = LINE('',#11798,#11799);
#11798 = CARTESIAN_POINT('',(66.754887,-86.229705,-7.5E-02));
#11799 = VECTOR('',#11800,1.);
#11800 = DIRECTION('',(1.287433712548E-03,0.999999171257,0.));
#11801 = ORIENTED_EDGE('',*,*,#11802,.T.);
#11802 = EDGE_CURVE('',#11795,#11803,#11805,.T.);
#11803 = VERTEX_POINT('',#11804);
#11804 = CARTESIAN_POINT('',(66.767527,-85.083389,-7.5E-02));
#11805 = LINE('',#11806,#11807);
#11806 = CARTESIAN_POINT('',(66.756328,-85.110425,-7.5E-02));
#11807 = VECTOR('',#11808,1.);
#11808 = DIRECTION('',(0.38269282806,0.923875640631,0.));
#11809 = ORIENTED_EDGE('',*,*,#11810,.T.);
#11810 = EDGE_CURVE('',#11803,#11661,#11811,.T.);
#11811 = LINE('',#11812,#11813);
#11812 = CARTESIAN_POINT('',(66.767527,-85.083389,-7.5E-02));
#11813 = VECTOR('',#11814,1.);
#11814 = DIRECTION('',(0.707106781187,0.707106781187,0.));
#11815 = PLANE('',#11816);
#11816 = AXIS2_PLACEMENT_3D('',#11817,#11818,#11819);
#11817 = CARTESIAN_POINT('',(0.,0.,-7.5E-02));
#11818 = DIRECTION('',(-0.,-0.,-1.));
#11819 = DIRECTION('',(-1.,0.,0.));
#11820 = SHELL_BASED_SURFACE_MODEL('',(#11821));
#11821 = OPEN_SHELL('',(#11822));
#11822 = ADVANCED_FACE('',(#11823),#11997,.T.);
#11823 = FACE_BOUND('',#11824,.T.);
#11824 = EDGE_LOOP('',(#11825,#11836,#11844,#11852,#11861,#11869,#11877,
    #11885,#11893,#11901,#11909,#11918,#11926,#11934,#11942,#11950,
    #11958,#11967,#11975,#11983,#11991));
#11825 = ORIENTED_EDGE('',*,*,#11826,.T.);
#11826 = EDGE_CURVE('',#11827,#11829,#11831,.T.);
#11827 = VERTEX_POINT('',#11828);
#11828 = CARTESIAN_POINT('',(68.502505,-85.062697,-7.5E-02));
#11829 = VERTEX_POINT('',#11830);
#11830 = CARTESIAN_POINT('',(68.619173,-85.125057,-7.5E-02));
#11831 = CIRCLE('',#11832,7.500000000003E-02);
#11832 = AXIS2_PLACEMENT_3D('',#11833,#11834,#11835);
#11833 = CARTESIAN_POINT('',(68.544173,-85.12505706555,-7.5E-02));
#11834 = DIRECTION('',(0.,0.,-1.));
#11835 = DIRECTION('',(-0.555573333333,0.831467540731,0.));
#11836 = ORIENTED_EDGE('',*,*,#11837,.T.);
#11837 = EDGE_CURVE('',#11829,#11838,#11840,.T.);
#11838 = VERTEX_POINT('',#11839);
#11839 = CARTESIAN_POINT('',(68.619173,-86.050057,-7.5E-02));
#11840 = LINE('',#11841,#11842);
#11841 = CARTESIAN_POINT('',(68.619173,-85.125057,-7.5E-02));
#11842 = VECTOR('',#11843,1.);
#11843 = DIRECTION('',(0.,-1.,0.));
#11844 = ORIENTED_EDGE('',*,*,#11845,.T.);
#11845 = EDGE_CURVE('',#11838,#11846,#11848,.T.);
#11846 = VERTEX_POINT('',#11847);
#11847 = CARTESIAN_POINT('',(68.987376,-86.051498,-7.5E-02));
#11848 = LINE('',#11849,#11850);
#11849 = CARTESIAN_POINT('',(68.619173,-86.050057,-7.5E-02));
#11850 = VECTOR('',#11851,1.);
#11851 = DIRECTION('',(0.999992341948,-3.913572037019E-03,0.));
#11852 = ORIENTED_EDGE('',*,*,#11853,.T.);
#11853 = EDGE_CURVE('',#11846,#11854,#11856,.T.);
#11854 = VERTEX_POINT('',#11855);
#11855 = CARTESIAN_POINT('',(68.972744,-86.200057,-7.5E-02));
#11856 = CIRCLE('',#11857,7.500006711464E-02);
#11857 = AXIS2_PLACEMENT_3D('',#11858,#11859,#11860);
#11858 = CARTESIAN_POINT('',(68.972744067115,-86.12505693288,-7.5E-02));
#11859 = DIRECTION('',(0.,0.,-1.));
#11860 = DIRECTION('',(0.195092263891,0.980784894138,0.));
#11861 = ORIENTED_EDGE('',*,*,#11862,.T.);
#11862 = EDGE_CURVE('',#11854,#11863,#11865,.T.);
#11863 = VERTEX_POINT('',#11864);
#11864 = CARTESIAN_POINT('',(68.619173,-86.200057,-7.5E-02));
#11865 = LINE('',#11866,#11867);
#11866 = CARTESIAN_POINT('',(68.972744,-86.200057,-7.5E-02));
#11867 = VECTOR('',#11868,1.);
#11868 = DIRECTION('',(-1.,0.,0.));
#11869 = ORIENTED_EDGE('',*,*,#11870,.T.);
#11870 = EDGE_CURVE('',#11863,#11871,#11873,.T.);
#11871 = VERTEX_POINT('',#11872);
#11872 = CARTESIAN_POINT('',(68.61651,-87.716294,-7.5E-02));
#11873 = LINE('',#11874,#11875);
#11874 = CARTESIAN_POINT('',(68.619173,-86.200057,-7.5E-02));
#11875 = VECTOR('',#11876,1.);
#11876 = DIRECTION('',(-1.756319027154E-03,-0.999998457671,0.));
#11877 = ORIENTED_EDGE('',*,*,#11878,.T.);
#11878 = EDGE_CURVE('',#11871,#11879,#11881,.T.);
#11879 = VERTEX_POINT('',#11880);
#11880 = CARTESIAN_POINT('',(68.460566,-88.028184,-7.5E-02));
#11881 = LINE('',#11882,#11883);
#11882 = CARTESIAN_POINT('',(68.61651,-87.716294,-7.5E-02));
#11883 = VECTOR('',#11884,1.);
#11884 = DIRECTION('',(-0.447211301284,-0.894428338104,0.));
#11885 = ORIENTED_EDGE('',*,*,#11886,.T.);
#11886 = EDGE_CURVE('',#11879,#11887,#11889,.T.);
#11887 = VERTEX_POINT('',#11888);
#11888 = CARTESIAN_POINT('',(68.434857,-88.049282,-7.5E-02));
#11889 = LINE('',#11890,#11891);
#11890 = CARTESIAN_POINT('',(68.460566,-88.028184,-7.5E-02));
#11891 = VECTOR('',#11892,1.);
#11892 = DIRECTION('',(-0.773022706982,-0.634378352791,0.));
#11893 = ORIENTED_EDGE('',*,*,#11894,.T.);
#11894 = EDGE_CURVE('',#11887,#11895,#11897,.T.);
#11895 = VERTEX_POINT('',#11896);
#11896 = CARTESIAN_POINT('',(68.130233,-88.198616,-7.5E-02));
#11897 = LINE('',#11898,#11899);
#11898 = CARTESIAN_POINT('',(68.434857,-88.049282,-7.5E-02));
#11899 = VECTOR('',#11900,1.);
#11900 = DIRECTION('',(-0.897910808829,-0.440177440798,0.));
#11901 = ORIENTED_EDGE('',*,*,#11902,.T.);
#11902 = EDGE_CURVE('',#11895,#11903,#11905,.T.);
#11903 = VERTEX_POINT('',#11904);
#11904 = CARTESIAN_POINT('',(67.815255,-88.198616,-7.5E-02));
#11905 = LINE('',#11906,#11907);
#11906 = CARTESIAN_POINT('',(68.130233,-88.198616,-7.5E-02));
#11907 = VECTOR('',#11908,1.);
#11908 = DIRECTION('',(-1.,0.,0.));
#11909 = ORIENTED_EDGE('',*,*,#11910,.T.);
#11910 = EDGE_CURVE('',#11903,#11911,#11913,.T.);
#11911 = VERTEX_POINT('',#11912);
#11912 = CARTESIAN_POINT('',(67.829887,-88.050057,-7.5E-02));
#11913 = CIRCLE('',#11914,7.500006711463E-02);
#11914 = AXIS2_PLACEMENT_3D('',#11915,#11916,#11917);
#11915 = CARTESIAN_POINT('',(67.829886932885,-88.12505706711,-7.5E-02));
#11916 = DIRECTION('',(0.,0.,-1.));
#11917 = DIRECTION('',(-0.195092263891,-0.980784894138,-0.));
#11918 = ORIENTED_EDGE('',*,*,#11919,.T.);
#11919 = EDGE_CURVE('',#11911,#11920,#11922,.T.);
#11920 = VERTEX_POINT('',#11921);
#11921 = CARTESIAN_POINT('',(68.097896,-88.050057,-7.5E-02));
#11922 = LINE('',#11923,#11924);
#11923 = CARTESIAN_POINT('',(67.829887,-88.050057,-7.5E-02));
#11924 = VECTOR('',#11925,1.);
#11925 = DIRECTION('',(1.,0.,0.));
#11926 = ORIENTED_EDGE('',*,*,#11927,.T.);
#11927 = EDGE_CURVE('',#11920,#11928,#11930,.T.);
#11928 = VERTEX_POINT('',#11929);
#11929 = CARTESIAN_POINT('',(68.345414,-87.926298,-7.5E-02));
#11930 = LINE('',#11931,#11932);
#11931 = CARTESIAN_POINT('',(68.097896,-88.050057,-7.5E-02));
#11932 = VECTOR('',#11933,1.);
#11933 = DIRECTION('',(0.894427191,0.4472135955,0.));
#11934 = ORIENTED_EDGE('',*,*,#11935,.T.);
#11935 = EDGE_CURVE('',#11928,#11936,#11938,.T.);
#11936 = VERTEX_POINT('',#11937);
#11937 = CARTESIAN_POINT('',(68.469173,-87.67878,-7.5E-02));
#11938 = LINE('',#11939,#11940);
#11939 = CARTESIAN_POINT('',(68.345414,-87.926298,-7.5E-02));
#11940 = VECTOR('',#11941,1.);
#11941 = DIRECTION('',(0.4472135955,0.894427191,0.));
#11942 = ORIENTED_EDGE('',*,*,#11943,.T.);
#11943 = EDGE_CURVE('',#11936,#11944,#11946,.T.);
#11944 = VERTEX_POINT('',#11945);
#11945 = CARTESIAN_POINT('',(68.469173,-86.200057,-7.5E-02));
#11946 = LINE('',#11947,#11948);
#11947 = CARTESIAN_POINT('',(68.469173,-87.67878,-7.5E-02));
#11948 = VECTOR('',#11949,1.);
#11949 = DIRECTION('',(0.,1.,0.));
#11950 = ORIENTED_EDGE('',*,*,#11951,.T.);
#11951 = EDGE_CURVE('',#11944,#11952,#11954,.T.);
#11952 = VERTEX_POINT('',#11953);
#11953 = CARTESIAN_POINT('',(67.815255,-86.198616,-7.5E-02));
#11954 = LINE('',#11955,#11956);
#11955 = CARTESIAN_POINT('',(68.469173,-86.200057,-7.5E-02));
#11956 = VECTOR('',#11957,1.);
#11957 = DIRECTION('',(-0.999997571994,2.203634861317E-03,0.));
#11958 = ORIENTED_EDGE('',*,*,#11959,.T.);
#11959 = EDGE_CURVE('',#11952,#11960,#11962,.T.);
#11960 = VERTEX_POINT('',#11961);
#11961 = CARTESIAN_POINT('',(67.829887,-86.050057,-7.5E-02));
#11962 = CIRCLE('',#11963,7.500006711463E-02);
#11963 = AXIS2_PLACEMENT_3D('',#11964,#11965,#11966);
#11964 = CARTESIAN_POINT('',(67.829886932885,-86.12505706711,-7.5E-02));
#11965 = DIRECTION('',(0.,0.,-1.));
#11966 = DIRECTION('',(-0.195092263891,-0.980784894138,-0.));
#11967 = ORIENTED_EDGE('',*,*,#11968,.T.);
#11968 = EDGE_CURVE('',#11960,#11969,#11971,.T.);
#11969 = VERTEX_POINT('',#11970);
#11970 = CARTESIAN_POINT('',(68.469173,-86.050057,-7.5E-02));
#11971 = LINE('',#11972,#11973);
#11972 = CARTESIAN_POINT('',(67.829887,-86.050057,-7.5E-02));
#11973 = VECTOR('',#11974,1.);
#11974 = DIRECTION('',(1.,0.,0.));
#11975 = ORIENTED_EDGE('',*,*,#11976,.T.);
#11976 = EDGE_CURVE('',#11969,#11977,#11979,.T.);
#11977 = VERTEX_POINT('',#11978);
#11978 = CARTESIAN_POINT('',(68.470614,-85.110425,-7.5E-02));
#11979 = LINE('',#11980,#11981);
#11980 = CARTESIAN_POINT('',(68.469173,-86.050057,-7.5E-02));
#11981 = VECTOR('',#11982,1.);
#11982 = DIRECTION('',(1.533577299926E-03,0.99999882407,0.));
#11983 = ORIENTED_EDGE('',*,*,#11984,.T.);
#11984 = EDGE_CURVE('',#11977,#11985,#11987,.T.);
#11985 = VERTEX_POINT('',#11986);
#11986 = CARTESIAN_POINT('',(68.481813,-85.083389,-7.5E-02));
#11987 = LINE('',#11988,#11989);
#11988 = CARTESIAN_POINT('',(68.470614,-85.110425,-7.5E-02));
#11989 = VECTOR('',#11990,1.);
#11990 = DIRECTION('',(0.38269282806,0.923875640631,0.));
#11991 = ORIENTED_EDGE('',*,*,#11992,.T.);
#11992 = EDGE_CURVE('',#11985,#11827,#11993,.T.);
#11993 = LINE('',#11994,#11995);
#11994 = CARTESIAN_POINT('',(68.481813,-85.083389,-7.5E-02));
#11995 = VECTOR('',#11996,1.);
#11996 = DIRECTION('',(0.707106781187,0.707106781187,0.));
#11997 = PLANE('',#11998);
#11998 = AXIS2_PLACEMENT_3D('',#11999,#12000,#12001);
#11999 = CARTESIAN_POINT('',(0.,0.,-7.5E-02));
#12000 = DIRECTION('',(-0.,-0.,-1.));
#12001 = DIRECTION('',(-1.,0.,0.));
#12002 = SHELL_BASED_SURFACE_MODEL('',(#12003));
#12003 = OPEN_SHELL('',(#12004));
#12004 = ADVANCED_FACE('',(#12005),#12057,.T.);
#12005 = FACE_BOUND('',#12006,.T.);
#12006 = EDGE_LOOP('',(#12007,#12018,#12026,#12035,#12043,#12051));
#12007 = ORIENTED_EDGE('',*,*,#12008,.T.);
#12008 = EDGE_CURVE('',#12009,#12011,#12013,.T.);
#12009 = VERTEX_POINT('',#12010);
#12010 = CARTESIAN_POINT('',(69.931076,-86.062697,-7.5E-02));
#12011 = VERTEX_POINT('',#12012);
#12012 = CARTESIAN_POINT('',(70.047744,-86.125057,-7.5E-02));
#12013 = CIRCLE('',#12014,7.500000000001E-02);
#12014 = AXIS2_PLACEMENT_3D('',#12015,#12016,#12017);
#12015 = CARTESIAN_POINT('',(69.972744,-86.12505706555,-7.5E-02));
#12016 = DIRECTION('',(0.,0.,-1.));
#12017 = DIRECTION('',(-0.555573333333,0.831467540731,0.));
#12018 = ORIENTED_EDGE('',*,*,#12019,.T.);
#12019 = EDGE_CURVE('',#12011,#12020,#12022,.T.);
#12020 = VERTEX_POINT('',#12021);
#12021 = CARTESIAN_POINT('',(70.046303,-88.139689,-7.5E-02));
#12022 = LINE('',#12023,#12024);
#12023 = CARTESIAN_POINT('',(70.047744,-86.125057,-7.5E-02));
#12024 = VECTOR('',#12025,1.);
#12025 = DIRECTION('',(-7.152669228857E-04,-0.999999744197,0.));
#12026 = ORIENTED_EDGE('',*,*,#12027,.T.);
#12027 = EDGE_CURVE('',#12020,#12028,#12030,.T.);
#12028 = VERTEX_POINT('',#12029);
#12029 = CARTESIAN_POINT('',(69.897744,-88.125057,-7.5E-02));
#12030 = CIRCLE('',#12031,7.500006711464E-02);
#12031 = AXIS2_PLACEMENT_3D('',#12032,#12033,#12034);
#12032 = CARTESIAN_POINT('',(69.972744067115,-88.12505706711,-7.5E-02));
#12033 = DIRECTION('',(-0.,0.,-1.));
#12034 = DIRECTION('',(0.980784894138,-0.195092263891,-0.));
#12035 = ORIENTED_EDGE('',*,*,#12036,.T.);
#12036 = EDGE_CURVE('',#12028,#12037,#12039,.T.);
#12037 = VERTEX_POINT('',#12038);
#12038 = CARTESIAN_POINT('',(69.899185,-86.110425,-7.5E-02));
#12039 = LINE('',#12040,#12041);
#12040 = CARTESIAN_POINT('',(69.897744,-88.125057,-7.5E-02));
#12041 = VECTOR('',#12042,1.);
#12042 = DIRECTION('',(7.152669228857E-04,0.999999744197,0.));
#12043 = ORIENTED_EDGE('',*,*,#12044,.T.);
#12044 = EDGE_CURVE('',#12037,#12045,#12047,.T.);
#12045 = VERTEX_POINT('',#12046);
#12046 = CARTESIAN_POINT('',(69.910384,-86.083389,-7.5E-02));
#12047 = LINE('',#12048,#12049);
#12048 = CARTESIAN_POINT('',(69.899185,-86.110425,-7.5E-02));
#12049 = VECTOR('',#12050,1.);
#12050 = DIRECTION('',(0.38269282806,0.923875640631,0.));
#12051 = ORIENTED_EDGE('',*,*,#12052,.T.);
#12052 = EDGE_CURVE('',#12045,#12009,#12053,.T.);
#12053 = LINE('',#12054,#12055);
#12054 = CARTESIAN_POINT('',(69.910384,-86.083389,-7.5E-02));
#12055 = VECTOR('',#12056,1.);
#12056 = DIRECTION('',(0.707106781187,0.707106781186,0.));
#12057 = PLANE('',#12058);
#12058 = AXIS2_PLACEMENT_3D('',#12059,#12060,#12061);
#12059 = CARTESIAN_POINT('',(0.,0.,-7.5E-02));
#12060 = DIRECTION('',(-0.,-0.,-1.));
#12061 = DIRECTION('',(-1.,0.,0.));
#12062 = SHELL_BASED_SURFACE_MODEL('',(#12063));
#12063 = OPEN_SHELL('',(#12064));
#12064 = ADVANCED_FACE('',(#12065),#12135,.T.);
#12065 = FACE_BOUND('',#12066,.T.);
#12066 = EDGE_LOOP('',(#12067,#12078,#12086,#12095,#12103,#12112,#12120,
    #12129));
#12067 = ORIENTED_EDGE('',*,*,#12068,.T.);
#12068 = EDGE_CURVE('',#12069,#12071,#12073,.T.);
#12069 = VERTEX_POINT('',#12070);
#12070 = CARTESIAN_POINT('',(8.359646,-85.062697,-7.5E-02));
#12071 = VERTEX_POINT('',#12072);
#12072 = CARTESIAN_POINT('',(8.442982,-85.062697,-7.5E-02));
#12073 = CIRCLE('',#12074,7.499882881842E-02);
#12074 = AXIS2_PLACEMENT_3D('',#12075,#12076,#12077);
#12075 = CARTESIAN_POINT('',(8.401314,-85.12505565697,-7.5E-02));
#12076 = DIRECTION('',(0.,0.,-1.));
#12077 = DIRECTION('',(-0.555582009166,0.831461743613,0.));
#12078 = ORIENTED_EDGE('',*,*,#12079,.T.);
#12079 = EDGE_CURVE('',#12071,#12080,#12082,.T.);
#12080 = VERTEX_POINT('',#12081);
#12081 = CARTESIAN_POINT('',(8.606531,-85.226247,-7.5E-02));
#12082 = LINE('',#12083,#12084);
#12083 = CARTESIAN_POINT('',(8.442982,-85.062697,-7.5E-02));
#12084 = VECTOR('',#12085,1.);
#12085 = DIRECTION('',(0.707104619432,-0.707108942935,0.));
#12086 = ORIENTED_EDGE('',*,*,#12087,.T.);
#12087 = EDGE_CURVE('',#12080,#12088,#12090,.T.);
#12088 = VERTEX_POINT('',#12089);
#12089 = CARTESIAN_POINT('',(8.597204,-85.320947,-7.5E-02));
#12090 = CIRCLE('',#12091,7.49980126467E-02);
#12091 = AXIS2_PLACEMENT_3D('',#12092,#12093,#12094);
#12092 = CARTESIAN_POINT('',(8.544173111836,-85.26791468153,-7.5E-02));
#12093 = DIRECTION('',(0.,0.,-1.));
#12094 = DIRECTION('',(0.831460540929,0.55558380905,0.));
#12095 = ORIENTED_EDGE('',*,*,#12096,.T.);
#12096 = EDGE_CURVE('',#12088,#12097,#12099,.T.);
#12097 = VERTEX_POINT('',#12098);
#12098 = CARTESIAN_POINT('',(8.442982,-85.473131,-7.5E-02));
#12099 = LINE('',#12100,#12101);
#12100 = CARTESIAN_POINT('',(8.597204,-85.320947,-7.5E-02));
#12101 = VECTOR('',#12102,1.);
#12102 = DIRECTION('',(-0.711794219943,-0.702388061157,0.));
#12103 = ORIENTED_EDGE('',*,*,#12104,.T.);
#12104 = EDGE_CURVE('',#12097,#12105,#12107,.T.);
#12105 = VERTEX_POINT('',#12106);
#12106 = CARTESIAN_POINT('',(8.348281,-85.463804,-7.5E-02));
#12107 = CIRCLE('',#12108,7.49999920386E-02);
#12108 = AXIS2_PLACEMENT_3D('',#12109,#12110,#12111);
#12109 = CARTESIAN_POINT('',(8.401313969991,-85.41077096407,-7.5E-02));
#12110 = DIRECTION('',(-0.,0.,-1.));
#12111 = DIRECTION('',(0.555573792431,-0.831467233969,-0.));
#12112 = ORIENTED_EDGE('',*,*,#12113,.T.);
#12113 = EDGE_CURVE('',#12105,#12114,#12116,.T.);
#12114 = VERTEX_POINT('',#12115);
#12115 = CARTESIAN_POINT('',(8.196097,-85.309582,-7.5E-02));
#12116 = LINE('',#12117,#12118);
#12117 = CARTESIAN_POINT('',(8.348281,-85.463804,-7.5E-02));
#12118 = VECTOR('',#12119,1.);
#12119 = DIRECTION('',(-0.702388061157,0.711794219943,0.));
#12120 = ORIENTED_EDGE('',*,*,#12121,.T.);
#12121 = EDGE_CURVE('',#12114,#12122,#12124,.T.);
#12122 = VERTEX_POINT('',#12123);
#12123 = CARTESIAN_POINT('',(8.205424,-85.214881,-7.5E-02));
#12124 = CIRCLE('',#12125,7.499999203861E-02);
#12125 = AXIS2_PLACEMENT_3D('',#12126,#12127,#12128);
#12126 = CARTESIAN_POINT('',(8.258457035928,-85.26791396999,-7.5E-02));
#12127 = DIRECTION('',(0.,0.,-1.));
#12128 = DIRECTION('',(-0.831467233969,-0.555573792431,-0.));
#12129 = ORIENTED_EDGE('',*,*,#12130,.T.);
#12130 = EDGE_CURVE('',#12122,#12069,#12131,.T.);
#12131 = LINE('',#12132,#12133);
#12132 = CARTESIAN_POINT('',(8.205424,-85.214881,-7.5E-02));
#12133 = VECTOR('',#12134,1.);
#12134 = DIRECTION('',(0.711794219943,0.702388061157,0.));
#12135 = PLANE('',#12136);
#12136 = AXIS2_PLACEMENT_3D('',#12137,#12138,#12139);
#12137 = CARTESIAN_POINT('',(0.,0.,-7.5E-02));
#12138 = DIRECTION('',(-0.,-0.,-1.));
#12139 = DIRECTION('',(-1.,0.,0.));
#12140 = SHELL_BASED_SURFACE_MODEL('',(#12141));
#12141 = OPEN_SHELL('',(#12142));
#12142 = ADVANCED_FACE('',(#12143),#12213,.T.);
#12143 = FACE_BOUND('',#12144,.T.);
#12144 = EDGE_LOOP('',(#12145,#12156,#12164,#12173,#12181,#12190,#12198,
    #12207));
#12145 = ORIENTED_EDGE('',*,*,#12146,.T.);
#12146 = EDGE_CURVE('',#12147,#12149,#12151,.T.);
#12147 = VERTEX_POINT('',#12148);
#12148 = CARTESIAN_POINT('',(14.64536,-85.062697,-7.5E-02));
#12149 = VERTEX_POINT('',#12150);
#12150 = CARTESIAN_POINT('',(14.728696,-85.062697,-7.5E-02));
#12151 = CIRCLE('',#12152,7.499882881841E-02);
#12152 = AXIS2_PLACEMENT_3D('',#12153,#12154,#12155);
#12153 = CARTESIAN_POINT('',(14.687028,-85.12505565697,-7.5E-02));
#12154 = DIRECTION('',(0.,0.,-1.));
#12155 = DIRECTION('',(-0.555582009166,0.831461743613,0.));
#12156 = ORIENTED_EDGE('',*,*,#12157,.T.);
#12157 = EDGE_CURVE('',#12149,#12158,#12160,.T.);
#12158 = VERTEX_POINT('',#12159);
#12159 = CARTESIAN_POINT('',(14.892245,-85.226247,-7.5E-02));
#12160 = LINE('',#12161,#12162);
#12161 = CARTESIAN_POINT('',(14.728696,-85.062697,-7.5E-02));
#12162 = VECTOR('',#12163,1.);
#12163 = DIRECTION('',(0.707104619432,-0.707108942935,0.));
#12164 = ORIENTED_EDGE('',*,*,#12165,.T.);
#12165 = EDGE_CURVE('',#12158,#12166,#12168,.T.);
#12166 = VERTEX_POINT('',#12167);
#12167 = CARTESIAN_POINT('',(14.882918,-85.320947,-7.5E-02));
#12168 = CIRCLE('',#12169,7.49980126467E-02);
#12169 = AXIS2_PLACEMENT_3D('',#12170,#12171,#12172);
#12170 = CARTESIAN_POINT('',(14.829887111836,-85.26791468153,-7.5E-02));
#12171 = DIRECTION('',(0.,0.,-1.));
#12172 = DIRECTION('',(0.831460540929,0.55558380905,0.));
#12173 = ORIENTED_EDGE('',*,*,#12174,.T.);
#12174 = EDGE_CURVE('',#12166,#12175,#12177,.T.);
#12175 = VERTEX_POINT('',#12176);
#12176 = CARTESIAN_POINT('',(14.728696,-85.473131,-7.5E-02));
#12177 = LINE('',#12178,#12179);
#12178 = CARTESIAN_POINT('',(14.882918,-85.320947,-7.5E-02));
#12179 = VECTOR('',#12180,1.);
#12180 = DIRECTION('',(-0.711794219943,-0.702388061157,0.));
#12181 = ORIENTED_EDGE('',*,*,#12182,.T.);
#12182 = EDGE_CURVE('',#12175,#12183,#12185,.T.);
#12183 = VERTEX_POINT('',#12184);
#12184 = CARTESIAN_POINT('',(14.633995,-85.463804,-7.5E-02));
#12185 = CIRCLE('',#12186,7.49999920386E-02);
#12186 = AXIS2_PLACEMENT_3D('',#12187,#12188,#12189);
#12187 = CARTESIAN_POINT('',(14.687027969991,-85.41077096407,-7.5E-02));
#12188 = DIRECTION('',(-0.,0.,-1.));
#12189 = DIRECTION('',(0.555573792431,-0.831467233969,-0.));
#12190 = ORIENTED_EDGE('',*,*,#12191,.T.);
#12191 = EDGE_CURVE('',#12183,#12192,#12194,.T.);
#12192 = VERTEX_POINT('',#12193);
#12193 = CARTESIAN_POINT('',(14.481811,-85.309582,-7.5E-02));
#12194 = LINE('',#12195,#12196);
#12195 = CARTESIAN_POINT('',(14.633995,-85.463804,-7.5E-02));
#12196 = VECTOR('',#12197,1.);
#12197 = DIRECTION('',(-0.702388061157,0.711794219943,0.));
#12198 = ORIENTED_EDGE('',*,*,#12199,.T.);
#12199 = EDGE_CURVE('',#12192,#12200,#12202,.T.);
#12200 = VERTEX_POINT('',#12201);
#12201 = CARTESIAN_POINT('',(14.491138,-85.214881,-7.5E-02));
#12202 = CIRCLE('',#12203,7.499999203861E-02);
#12203 = AXIS2_PLACEMENT_3D('',#12204,#12205,#12206);
#12204 = CARTESIAN_POINT('',(14.544171035928,-85.26791396999,-7.5E-02));
#12205 = DIRECTION('',(0.,0.,-1.));
#12206 = DIRECTION('',(-0.831467233969,-0.555573792431,-0.));
#12207 = ORIENTED_EDGE('',*,*,#12208,.T.);
#12208 = EDGE_CURVE('',#12200,#12147,#12209,.T.);
#12209 = LINE('',#12210,#12211);
#12210 = CARTESIAN_POINT('',(14.491138,-85.214881,-7.5E-02));
#12211 = VECTOR('',#12212,1.);
#12212 = DIRECTION('',(0.711794219943,0.702388061157,0.));
#12213 = PLANE('',#12214);
#12214 = AXIS2_PLACEMENT_3D('',#12215,#12216,#12217);
#12215 = CARTESIAN_POINT('',(0.,0.,-7.5E-02));
#12216 = DIRECTION('',(-0.,-0.,-1.));
#12217 = DIRECTION('',(-1.,0.,0.));
#12218 = SHELL_BASED_SURFACE_MODEL('',(#12219));
#12219 = OPEN_SHELL('',(#12220));
#12220 = ADVANCED_FACE('',(#12221),#12291,.T.);
#12221 = FACE_BOUND('',#12222,.T.);
#12222 = EDGE_LOOP('',(#12223,#12234,#12242,#12251,#12259,#12268,#12276,
    #12285));
#12223 = ORIENTED_EDGE('',*,*,#12224,.T.);
#12224 = EDGE_CURVE('',#12225,#12227,#12229,.T.);
#12225 = VERTEX_POINT('',#12226);
#12226 = CARTESIAN_POINT('',(16.073931,-85.062697,-7.5E-02));
#12227 = VERTEX_POINT('',#12228);
#12228 = CARTESIAN_POINT('',(16.157267,-85.062697,-7.5E-02));
#12229 = CIRCLE('',#12230,7.499882881842E-02);
#12230 = AXIS2_PLACEMENT_3D('',#12231,#12232,#12233);
#12231 = CARTESIAN_POINT('',(16.115599,-85.12505565697,-7.5E-02));
#12232 = DIRECTION('',(0.,0.,-1.));
#12233 = DIRECTION('',(-0.555582009166,0.831461743613,0.));
#12234 = ORIENTED_EDGE('',*,*,#12235,.T.);
#12235 = EDGE_CURVE('',#12227,#12236,#12238,.T.);
#12236 = VERTEX_POINT('',#12237);
#12237 = CARTESIAN_POINT('',(16.320816,-85.226247,-7.5E-02));
#12238 = LINE('',#12239,#12240);
#12239 = CARTESIAN_POINT('',(16.157267,-85.062697,-7.5E-02));
#12240 = VECTOR('',#12241,1.);
#12241 = DIRECTION('',(0.707104619432,-0.707108942935,0.));
#12242 = ORIENTED_EDGE('',*,*,#12243,.T.);
#12243 = EDGE_CURVE('',#12236,#12244,#12246,.T.);
#12244 = VERTEX_POINT('',#12245);
#12245 = CARTESIAN_POINT('',(16.311489,-85.320947,-7.5E-02));
#12246 = CIRCLE('',#12247,7.499801264671E-02);
#12247 = AXIS2_PLACEMENT_3D('',#12248,#12249,#12250);
#12248 = CARTESIAN_POINT('',(16.258458111836,-85.26791468153,-7.5E-02));
#12249 = DIRECTION('',(0.,0.,-1.));
#12250 = DIRECTION('',(0.831460540929,0.55558380905,0.));
#12251 = ORIENTED_EDGE('',*,*,#12252,.T.);
#12252 = EDGE_CURVE('',#12244,#12253,#12255,.T.);
#12253 = VERTEX_POINT('',#12254);
#12254 = CARTESIAN_POINT('',(16.157267,-85.473131,-7.5E-02));
#12255 = LINE('',#12256,#12257);
#12256 = CARTESIAN_POINT('',(16.311489,-85.320947,-7.5E-02));
#12257 = VECTOR('',#12258,1.);
#12258 = DIRECTION('',(-0.711794219943,-0.702388061157,0.));
#12259 = ORIENTED_EDGE('',*,*,#12260,.T.);
#12260 = EDGE_CURVE('',#12253,#12261,#12263,.T.);
#12261 = VERTEX_POINT('',#12262);
#12262 = CARTESIAN_POINT('',(16.062566,-85.463804,-7.5E-02));
#12263 = CIRCLE('',#12264,7.49999920386E-02);
#12264 = AXIS2_PLACEMENT_3D('',#12265,#12266,#12267);
#12265 = CARTESIAN_POINT('',(16.115598969991,-85.41077096407,-7.5E-02));
#12266 = DIRECTION('',(-0.,0.,-1.));
#12267 = DIRECTION('',(0.555573792431,-0.831467233969,-0.));
#12268 = ORIENTED_EDGE('',*,*,#12269,.T.);
#12269 = EDGE_CURVE('',#12261,#12270,#12272,.T.);
#12270 = VERTEX_POINT('',#12271);
#12271 = CARTESIAN_POINT('',(15.910382,-85.309582,-7.5E-02));
#12272 = LINE('',#12273,#12274);
#12273 = CARTESIAN_POINT('',(16.062566,-85.463804,-7.5E-02));
#12274 = VECTOR('',#12275,1.);
#12275 = DIRECTION('',(-0.702388061157,0.711794219943,0.));
#12276 = ORIENTED_EDGE('',*,*,#12277,.T.);
#12277 = EDGE_CURVE('',#12270,#12278,#12280,.T.);
#12278 = VERTEX_POINT('',#12279);
#12279 = CARTESIAN_POINT('',(15.919709,-85.214881,-7.5E-02));
#12280 = CIRCLE('',#12281,7.499999203862E-02);
#12281 = AXIS2_PLACEMENT_3D('',#12282,#12283,#12284);
#12282 = CARTESIAN_POINT('',(15.972742035928,-85.26791396999,-7.5E-02));
#12283 = DIRECTION('',(0.,0.,-1.));
#12284 = DIRECTION('',(-0.831467233969,-0.555573792431,-0.));
#12285 = ORIENTED_EDGE('',*,*,#12286,.T.);
#12286 = EDGE_CURVE('',#12278,#12225,#12287,.T.);
#12287 = LINE('',#12288,#12289);
#12288 = CARTESIAN_POINT('',(15.919709,-85.214881,-7.5E-02));
#12289 = VECTOR('',#12290,1.);
#12290 = DIRECTION('',(0.711794219943,0.702388061157,0.));
#12291 = PLANE('',#12292);
#12292 = AXIS2_PLACEMENT_3D('',#12293,#12294,#12295);
#12293 = CARTESIAN_POINT('',(0.,0.,-7.5E-02));
#12294 = DIRECTION('',(-0.,-0.,-1.));
#12295 = DIRECTION('',(-1.,0.,0.));
#12296 = SHELL_BASED_SURFACE_MODEL('',(#12297));
#12297 = OPEN_SHELL('',(#12298));
#12298 = ADVANCED_FACE('',(#12299),#12369,.T.);
#12299 = FACE_BOUND('',#12300,.T.);
#12300 = EDGE_LOOP('',(#12301,#12312,#12320,#12329,#12337,#12346,#12354,
    #12363));
#12301 = ORIENTED_EDGE('',*,*,#12302,.T.);
#12302 = EDGE_CURVE('',#12303,#12305,#12307,.T.);
#12303 = VERTEX_POINT('',#12304);
#12304 = CARTESIAN_POINT('',(35.216789,-85.062697,-7.5E-02));
#12305 = VERTEX_POINT('',#12306);
#12306 = CARTESIAN_POINT('',(35.300125,-85.062697,-7.5E-02));
#12307 = CIRCLE('',#12308,7.499882881842E-02);
#12308 = AXIS2_PLACEMENT_3D('',#12309,#12310,#12311);
#12309 = CARTESIAN_POINT('',(35.258457,-85.12505565697,-7.5E-02));
#12310 = DIRECTION('',(0.,0.,-1.));
#12311 = DIRECTION('',(-0.555582009166,0.831461743613,0.));
#12312 = ORIENTED_EDGE('',*,*,#12313,.T.);
#12313 = EDGE_CURVE('',#12305,#12314,#12316,.T.);
#12314 = VERTEX_POINT('',#12315);
#12315 = CARTESIAN_POINT('',(35.463674,-85.226247,-7.5E-02));
#12316 = LINE('',#12317,#12318);
#12317 = CARTESIAN_POINT('',(35.300125,-85.062697,-7.5E-02));
#12318 = VECTOR('',#12319,1.);
#12319 = DIRECTION('',(0.707104619432,-0.707108942935,0.));
#12320 = ORIENTED_EDGE('',*,*,#12321,.T.);
#12321 = EDGE_CURVE('',#12314,#12322,#12324,.T.);
#12322 = VERTEX_POINT('',#12323);
#12323 = CARTESIAN_POINT('',(35.454347,-85.320947,-7.5E-02));
#12324 = CIRCLE('',#12325,7.499801264668E-02);
#12325 = AXIS2_PLACEMENT_3D('',#12326,#12327,#12328);
#12326 = CARTESIAN_POINT('',(35.401316111836,-85.26791468153,-7.5E-02));
#12327 = DIRECTION('',(0.,0.,-1.));
#12328 = DIRECTION('',(0.831460540928,0.55558380905,0.));
#12329 = ORIENTED_EDGE('',*,*,#12330,.T.);
#12330 = EDGE_CURVE('',#12322,#12331,#12333,.T.);
#12331 = VERTEX_POINT('',#12332);
#12332 = CARTESIAN_POINT('',(35.300125,-85.473131,-7.5E-02));
#12333 = LINE('',#12334,#12335);
#12334 = CARTESIAN_POINT('',(35.454347,-85.320947,-7.5E-02));
#12335 = VECTOR('',#12336,1.);
#12336 = DIRECTION('',(-0.711794219943,-0.702388061157,0.));
#12337 = ORIENTED_EDGE('',*,*,#12338,.T.);
#12338 = EDGE_CURVE('',#12331,#12339,#12341,.T.);
#12339 = VERTEX_POINT('',#12340);
#12340 = CARTESIAN_POINT('',(35.205424,-85.463804,-7.5E-02));
#12341 = CIRCLE('',#12342,7.499999203861E-02);
#12342 = AXIS2_PLACEMENT_3D('',#12343,#12344,#12345);
#12343 = CARTESIAN_POINT('',(35.258456969991,-85.41077096407,-7.5E-02));
#12344 = DIRECTION('',(-0.,0.,-1.));
#12345 = DIRECTION('',(0.555573792431,-0.831467233969,-0.));
#12346 = ORIENTED_EDGE('',*,*,#12347,.T.);
#12347 = EDGE_CURVE('',#12339,#12348,#12350,.T.);
#12348 = VERTEX_POINT('',#12349);
#12349 = CARTESIAN_POINT('',(35.05324,-85.309582,-7.5E-02));
#12350 = LINE('',#12351,#12352);
#12351 = CARTESIAN_POINT('',(35.205424,-85.463804,-7.5E-02));
#12352 = VECTOR('',#12353,1.);
#12353 = DIRECTION('',(-0.702388061157,0.711794219943,0.));
#12354 = ORIENTED_EDGE('',*,*,#12355,.T.);
#12355 = EDGE_CURVE('',#12348,#12356,#12358,.T.);
#12356 = VERTEX_POINT('',#12357);
#12357 = CARTESIAN_POINT('',(35.062567,-85.214881,-7.5E-02));
#12358 = CIRCLE('',#12359,7.49999920386E-02);
#12359 = AXIS2_PLACEMENT_3D('',#12360,#12361,#12362);
#12360 = CARTESIAN_POINT('',(35.115600035928,-85.26791396999,-7.5E-02));
#12361 = DIRECTION('',(0.,0.,-1.));
#12362 = DIRECTION('',(-0.831467233969,-0.555573792431,-0.));
#12363 = ORIENTED_EDGE('',*,*,#12364,.T.);
#12364 = EDGE_CURVE('',#12356,#12303,#12365,.T.);
#12365 = LINE('',#12366,#12367);
#12366 = CARTESIAN_POINT('',(35.062567,-85.214881,-7.5E-02));
#12367 = VECTOR('',#12368,1.);
#12368 = DIRECTION('',(0.711794219943,0.702388061157,0.));
#12369 = PLANE('',#12370);
#12370 = AXIS2_PLACEMENT_3D('',#12371,#12372,#12373);
#12371 = CARTESIAN_POINT('',(0.,0.,-7.5E-02));
#12372 = DIRECTION('',(-0.,-0.,-1.));
#12373 = DIRECTION('',(-1.,0.,0.));
#12374 = SHELL_BASED_SURFACE_MODEL('',(#12375));
#12375 = OPEN_SHELL('',(#12376));
#12376 = ADVANCED_FACE('',(#12377),#12447,.T.);
#12377 = FACE_BOUND('',#12378,.T.);
#12378 = EDGE_LOOP('',(#12379,#12390,#12398,#12407,#12415,#12424,#12432,
    #12441));
#12379 = ORIENTED_EDGE('',*,*,#12380,.T.);
#12380 = EDGE_CURVE('',#12381,#12383,#12385,.T.);
#12381 = VERTEX_POINT('',#12382);
#12382 = CARTESIAN_POINT('',(69.931076,-85.062697,-7.5E-02));
#12383 = VERTEX_POINT('',#12384);
#12384 = CARTESIAN_POINT('',(70.014412,-85.062697,-7.5E-02));
#12385 = CIRCLE('',#12386,7.499882881838E-02);
#12386 = AXIS2_PLACEMENT_3D('',#12387,#12388,#12389);
#12387 = CARTESIAN_POINT('',(69.972744,-85.12505565697,-7.5E-02));
#12388 = DIRECTION('',(0.,0.,-1.));
#12389 = DIRECTION('',(-0.555582009166,0.831461743613,0.));
#12390 = ORIENTED_EDGE('',*,*,#12391,.T.);
#12391 = EDGE_CURVE('',#12383,#12392,#12394,.T.);
#12392 = VERTEX_POINT('',#12393);
#12393 = CARTESIAN_POINT('',(70.177961,-85.226247,-7.5E-02));
#12394 = LINE('',#12395,#12396);
#12395 = CARTESIAN_POINT('',(70.014412,-85.062697,-7.5E-02));
#12396 = VECTOR('',#12397,1.);
#12397 = DIRECTION('',(0.707104619432,-0.707108942935,0.));
#12398 = ORIENTED_EDGE('',*,*,#12399,.T.);
#12399 = EDGE_CURVE('',#12392,#12400,#12402,.T.);
#12400 = VERTEX_POINT('',#12401);
#12401 = CARTESIAN_POINT('',(70.168634,-85.320947,-7.5E-02));
#12402 = CIRCLE('',#12403,7.499801264667E-02);
#12403 = AXIS2_PLACEMENT_3D('',#12404,#12405,#12406);
#12404 = CARTESIAN_POINT('',(70.115603111836,-85.26791468153,-7.5E-02));
#12405 = DIRECTION('',(0.,0.,-1.));
#12406 = DIRECTION('',(0.831460540928,0.55558380905,0.));
#12407 = ORIENTED_EDGE('',*,*,#12408,.T.);
#12408 = EDGE_CURVE('',#12400,#12409,#12411,.T.);
#12409 = VERTEX_POINT('',#12410);
#12410 = CARTESIAN_POINT('',(70.014412,-85.473131,-7.5E-02));
#12411 = LINE('',#12412,#12413);
#12412 = CARTESIAN_POINT('',(70.168634,-85.320947,-7.5E-02));
#12413 = VECTOR('',#12414,1.);
#12414 = DIRECTION('',(-0.711794219943,-0.702388061157,0.));
#12415 = ORIENTED_EDGE('',*,*,#12416,.T.);
#12416 = EDGE_CURVE('',#12409,#12417,#12419,.T.);
#12417 = VERTEX_POINT('',#12418);
#12418 = CARTESIAN_POINT('',(69.919711,-85.463804,-7.5E-02));
#12419 = CIRCLE('',#12420,7.499999203858E-02);
#12420 = AXIS2_PLACEMENT_3D('',#12421,#12422,#12423);
#12421 = CARTESIAN_POINT('',(69.972743969991,-85.41077096407,-7.5E-02));
#12422 = DIRECTION('',(-0.,0.,-1.));
#12423 = DIRECTION('',(0.555573792431,-0.831467233969,-0.));
#12424 = ORIENTED_EDGE('',*,*,#12425,.T.);
#12425 = EDGE_CURVE('',#12417,#12426,#12428,.T.);
#12426 = VERTEX_POINT('',#12427);
#12427 = CARTESIAN_POINT('',(69.767527,-85.309582,-7.5E-02));
#12428 = LINE('',#12429,#12430);
#12429 = CARTESIAN_POINT('',(69.919711,-85.463804,-7.5E-02));
#12430 = VECTOR('',#12431,1.);
#12431 = DIRECTION('',(-0.702388061157,0.711794219943,0.));
#12432 = ORIENTED_EDGE('',*,*,#12433,.T.);
#12433 = EDGE_CURVE('',#12426,#12434,#12436,.T.);
#12434 = VERTEX_POINT('',#12435);
#12435 = CARTESIAN_POINT('',(69.776854,-85.214881,-7.5E-02));
#12436 = CIRCLE('',#12437,7.49999920386E-02);
#12437 = AXIS2_PLACEMENT_3D('',#12438,#12439,#12440);
#12438 = CARTESIAN_POINT('',(69.829887035928,-85.26791396999,-7.5E-02));
#12439 = DIRECTION('',(0.,0.,-1.));
#12440 = DIRECTION('',(-0.831467233969,-0.555573792431,-0.));
#12441 = ORIENTED_EDGE('',*,*,#12442,.T.);
#12442 = EDGE_CURVE('',#12434,#12381,#12443,.T.);
#12443 = LINE('',#12444,#12445);
#12444 = CARTESIAN_POINT('',(69.776854,-85.214881,-7.5E-02));
#12445 = VECTOR('',#12446,1.);
#12446 = DIRECTION('',(0.711794219943,0.702388061157,0.));
#12447 = PLANE('',#12448);
#12448 = AXIS2_PLACEMENT_3D('',#12449,#12450,#12451);
#12449 = CARTESIAN_POINT('',(0.,0.,-7.5E-02));
#12450 = DIRECTION('',(-0.,-0.,-1.));
#12451 = DIRECTION('',(-1.,0.,0.));
#12452 = SHELL_BASED_SURFACE_MODEL('',(#12453));
#12453 = OPEN_SHELL('',(#12454));
#12454 = ADVANCED_FACE('',(#12455,#12573,#12640),#12692,.T.);
#12455 = FACE_BOUND('',#12456,.T.);
#12456 = EDGE_LOOP('',(#12457,#12467,#12475,#12484,#12492,#12501,#12509,
    #12517,#12525,#12534,#12542,#12550,#12558,#12567));
#12457 = ORIENTED_EDGE('',*,*,#12458,.T.);
#12458 = EDGE_CURVE('',#12459,#12461,#12463,.T.);
#12459 = VERTEX_POINT('',#12460);
#12460 = CARTESIAN_POINT('',(42.745876,-46.704795,-7.5E-02));
#12461 = VERTEX_POINT('',#12462);
#12462 = CARTESIAN_POINT('',(43.056796,-46.551498,-7.5E-02));
#12463 = LINE('',#12464,#12465);
#12464 = CARTESIAN_POINT('',(42.745876,-46.704795,-7.5E-02));
#12465 = VECTOR('',#12466,1.);
#12466 = DIRECTION('',(0.89690909933,0.442214956259,0.));
#12467 = ORIENTED_EDGE('',*,*,#12468,.T.);
#12468 = EDGE_CURVE('',#12461,#12469,#12471,.T.);
#12469 = VERTEX_POINT('',#12470);
#12470 = CARTESIAN_POINT('',(44.08606,-46.551498,-7.5E-02));
#12471 = LINE('',#12472,#12473);
#12472 = CARTESIAN_POINT('',(43.056796,-46.551498,-7.5E-02));
#12473 = VECTOR('',#12474,1.);
#12474 = DIRECTION('',(1.,0.,0.));
#12475 = ORIENTED_EDGE('',*,*,#12476,.T.);
#12476 = EDGE_CURVE('',#12469,#12477,#12479,.T.);
#12477 = VERTEX_POINT('',#12478);
#12478 = CARTESIAN_POINT('',(44.146428,-46.625057,-7.5E-02));
#12479 = CIRCLE('',#12480,7.500074938985E-02);
#12480 = AXIS2_PLACEMENT_3D('',#12481,#12482,#12483);
#12481 = CARTESIAN_POINT('',(44.071427250612,-46.62505746611,-7.5E-02));
#12482 = DIRECTION('',(0.,0.,-1.));
#12483 = DIRECTION('',(0.195101375752,0.980783081614,0.));
#12484 = ORIENTED_EDGE('',*,*,#12485,.T.);
#12485 = EDGE_CURVE('',#12477,#12486,#12488,.T.);
#12486 = VERTEX_POINT('',#12487);
#12487 = CARTESIAN_POINT('',(44.144987,-49.639689,-7.5E-02));
#12488 = LINE('',#12489,#12490);
#12489 = CARTESIAN_POINT('',(44.146428,-46.625057,-7.5E-02));
#12490 = VECTOR('',#12491,1.);
#12491 = DIRECTION('',(-4.780019038396E-04,-0.999999885757,0.));
#12492 = ORIENTED_EDGE('',*,*,#12493,.T.);
#12493 = EDGE_CURVE('',#12486,#12494,#12496,.T.);
#12494 = VERTEX_POINT('',#12495);
#12495 = CARTESIAN_POINT('',(44.071428,-49.700057,-7.5E-02));
#12496 = CIRCLE('',#12497,7.500074938985E-02);
#12497 = AXIS2_PLACEMENT_3D('',#12498,#12499,#12500);
#12498 = CARTESIAN_POINT('',(44.07142753389,-49.62505625061,-7.5E-02));
#12499 = DIRECTION('',(0.,0.,-1.));
#12500 = DIRECTION('',(0.980783081614,-0.195101375752,0.));
#12501 = ORIENTED_EDGE('',*,*,#12502,.T.);
#12502 = EDGE_CURVE('',#12494,#12503,#12505,.T.);
#12503 = VERTEX_POINT('',#12504);
#12504 = CARTESIAN_POINT('',(42.908762,-49.697394,-7.5E-02));
#12505 = LINE('',#12506,#12507);
#12506 = CARTESIAN_POINT('',(44.071428,-49.700057,-7.5E-02));
#12507 = VECTOR('',#12508,1.);
#12508 = DIRECTION('',(-0.999997376986,2.290419617423E-03,0.));
#12509 = ORIENTED_EDGE('',*,*,#12510,.T.);
#12510 = EDGE_CURVE('',#12503,#12511,#12513,.T.);
#12511 = VERTEX_POINT('',#12512);
#12512 = CARTESIAN_POINT('',(42.595572,-49.539951,-7.5E-02));
#12513 = LINE('',#12514,#12515);
#12514 = CARTESIAN_POINT('',(42.908762,-49.697394,-7.5E-02));
#12515 = VECTOR('',#12516,1.);
#12516 = DIRECTION('',(-0.893457439375,0.449147864323,0.));
#12517 = ORIENTED_EDGE('',*,*,#12518,.T.);
#12518 = EDGE_CURVE('',#12511,#12519,#12521,.T.);
#12519 = VERTEX_POINT('',#12520);
#12520 = CARTESIAN_POINT('',(42.43688,-49.379179,-7.5E-02));
#12521 = LINE('',#12522,#12523);
#12522 = CARTESIAN_POINT('',(42.595572,-49.539951,-7.5E-02));
#12523 = VECTOR('',#12524,1.);
#12524 = DIRECTION('',(-0.702487985827,0.711695601904,0.));
#12525 = ORIENTED_EDGE('',*,*,#12526,.T.);
#12526 = EDGE_CURVE('',#12519,#12527,#12529,.T.);
#12527 = VERTEX_POINT('',#12528);
#12528 = CARTESIAN_POINT('',(42.605714,-48.131328,-7.5E-02));
#12529 = CIRCLE('',#12530,0.887001059138);
#12530 = AXIS2_PLACEMENT_3D('',#12531,#12532,#12533);
#12531 = CARTESIAN_POINT('',(43.140444888401,-48.83902409007,-7.5E-02));
#12532 = DIRECTION('',(0.,0.,-1.));
#12533 = DIRECTION('',(-0.79319509391,-0.608967604227,-0.));
#12534 = ORIENTED_EDGE('',*,*,#12535,.T.);
#12535 = EDGE_CURVE('',#12527,#12536,#12538,.T.);
#12536 = VERTEX_POINT('',#12537);
#12537 = CARTESIAN_POINT('',(42.875936,-48.039734,-7.5E-02));
#12538 = LINE('',#12539,#12540);
#12539 = CARTESIAN_POINT('',(42.605714,-48.131328,-7.5E-02));
#12540 = VECTOR('',#12541,1.);
#12541 = DIRECTION('',(0.947072995337,0.321018288425,0.));
#12542 = ORIENTED_EDGE('',*,*,#12543,.T.);
#12543 = EDGE_CURVE('',#12536,#12544,#12546,.T.);
#12544 = VERTEX_POINT('',#12545);
#12545 = CARTESIAN_POINT('',(42.73843,-47.968522,-7.5E-02));
#12546 = LINE('',#12547,#12548);
#12547 = CARTESIAN_POINT('',(42.875936,-48.039734,-7.5E-02));
#12548 = VECTOR('',#12549,1.);
#12549 = DIRECTION('',(-0.887985085323,0.459872252091,0.));
#12550 = ORIENTED_EDGE('',*,*,#12551,.T.);
#12551 = EDGE_CURVE('',#12544,#12552,#12554,.T.);
#12552 = VERTEX_POINT('',#12553);
#12553 = CARTESIAN_POINT('',(42.579738,-47.807754,-7.5E-02));
#12554 = LINE('',#12555,#12556);
#12555 = CARTESIAN_POINT('',(42.73843,-47.968522,-7.5E-02));
#12556 = VECTOR('',#12557,1.);
#12557 = DIRECTION('',(-0.70249683861,0.711686863545,0.));
#12558 = ORIENTED_EDGE('',*,*,#12559,.T.);
#12559 = EDGE_CURVE('',#12552,#12560,#12562,.T.);
#12560 = VERTEX_POINT('',#12561);
#12561 = CARTESIAN_POINT('',(42.585104,-46.863487,-7.5E-02));
#12562 = CIRCLE('',#12563,0.729834419841);
#12563 = AXIS2_PLACEMENT_3D('',#12564,#12565,#12566);
#12564 = CARTESIAN_POINT('',(43.138955848731,-47.33878312878,-7.5E-02));
#12565 = DIRECTION('',(0.,0.,-1.));
#12566 = DIRECTION('',(-0.766225644514,-0.642571600437,-0.));
#12567 = ORIENTED_EDGE('',*,*,#12568,.T.);
#12568 = EDGE_CURVE('',#12560,#12459,#12569,.T.);
#12569 = LINE('',#12570,#12571);
#12570 = CARTESIAN_POINT('',(42.585104,-46.863487,-7.5E-02));
#12571 = VECTOR('',#12572,1.);
#12572 = DIRECTION('',(0.711695601904,0.702487985827,0.));
#12573 = FACE_BOUND('',#12574,.T.);
#12574 = EDGE_LOOP('',(#12575,#12585,#12593,#12601,#12609,#12618,#12626,
    #12634));
#12575 = ORIENTED_EDGE('',*,*,#12576,.T.);
#12576 = EDGE_CURVE('',#12577,#12579,#12581,.T.);
#12577 = VERTEX_POINT('',#12578);
#12578 = CARTESIAN_POINT('',(43.996428,-49.550057,-7.5E-02));
#12579 = VERTEX_POINT('',#12580);
#12580 = CARTESIAN_POINT('',(43.996428,-48.128628,-7.5E-02));
#12581 = LINE('',#12582,#12583);
#12582 = CARTESIAN_POINT('',(43.996428,-49.550057,-7.5E-02));
#12583 = VECTOR('',#12584,1.);
#12584 = DIRECTION('',(0.,1.,0.));
#12585 = ORIENTED_EDGE('',*,*,#12586,.T.);
#12586 = EDGE_CURVE('',#12579,#12587,#12589,.T.);
#12587 = VERTEX_POINT('',#12588);
#12588 = CARTESIAN_POINT('',(43.083598,-48.128628,-7.5E-02));
#12589 = LINE('',#12590,#12591);
#12590 = CARTESIAN_POINT('',(43.996428,-48.128628,-7.5E-02));
#12591 = VECTOR('',#12592,1.);
#12592 = DIRECTION('',(-1.,0.,0.));
#12593 = ORIENTED_EDGE('',*,*,#12594,.T.);
#12594 = EDGE_CURVE('',#12587,#12595,#12597,.T.);
#12595 = VERTEX_POINT('',#12596);
#12596 = CARTESIAN_POINT('',(42.683369,-48.262037,-7.5E-02));
#12597 = LINE('',#12598,#12599);
#12598 = CARTESIAN_POINT('',(43.083598,-48.128628,-7.5E-02));
#12599 = VECTOR('',#12600,1.);
#12600 = DIRECTION('',(-0.94868377212,-0.316226343805,0.));
#12601 = ORIENTED_EDGE('',*,*,#12602,.T.);
#12602 = EDGE_CURVE('',#12595,#12603,#12605,.T.);
#12603 = VERTEX_POINT('',#12604);
#12604 = CARTESIAN_POINT('',(42.561638,-48.383768,-7.5E-02));
#12605 = LINE('',#12606,#12607);
#12606 = CARTESIAN_POINT('',(42.683369,-48.262037,-7.5E-02));
#12607 = VECTOR('',#12608,1.);
#12608 = DIRECTION('',(-0.707106781187,-0.707106781187,0.));
#12609 = ORIENTED_EDGE('',*,*,#12610,.T.);
#12610 = EDGE_CURVE('',#12603,#12611,#12613,.T.);
#12611 = VERTEX_POINT('',#12612);
#12612 = CARTESIAN_POINT('',(42.561638,-49.294915,-7.5E-02));
#12613 = CIRCLE('',#12614,0.743367998354);
#12614 = AXIS2_PLACEMENT_3D('',#12615,#12616,#12617);
#12615 = CARTESIAN_POINT('',(43.149046518047,-48.8393415,-7.5E-02));
#12616 = DIRECTION('',(0.,0.,1.));
#12617 = DIRECTION('',(-0.790198823931,0.612850567968,0.));
#12618 = ORIENTED_EDGE('',*,*,#12619,.T.);
#12619 = EDGE_CURVE('',#12611,#12620,#12622,.T.);
#12620 = VERTEX_POINT('',#12621);
#12621 = CARTESIAN_POINT('',(42.687283,-49.420561,-7.5E-02));
#12622 = LINE('',#12623,#12624);
#12623 = CARTESIAN_POINT('',(42.561638,-49.294915,-7.5E-02));
#12624 = VECTOR('',#12625,1.);
#12625 = DIRECTION('',(0.707103967285,-0.707109595077,0.));
#12626 = ORIENTED_EDGE('',*,*,#12627,.T.);
#12627 = EDGE_CURVE('',#12620,#12628,#12630,.T.);
#12628 = VERTEX_POINT('',#12629);
#12629 = CARTESIAN_POINT('',(42.946276,-49.550057,-7.5E-02));
#12630 = LINE('',#12631,#12632);
#12631 = CARTESIAN_POINT('',(42.687283,-49.420561,-7.5E-02));
#12632 = VECTOR('',#12633,1.);
#12633 = DIRECTION('',(0.894427881695,-0.447212214106,0.));
#12634 = ORIENTED_EDGE('',*,*,#12635,.T.);
#12635 = EDGE_CURVE('',#12628,#12577,#12636,.T.);
#12636 = LINE('',#12637,#12638);
#12637 = CARTESIAN_POINT('',(42.946276,-49.550057,-7.5E-02));
#12638 = VECTOR('',#12639,1.);
#12639 = DIRECTION('',(1.,0.,0.));
#12640 = FACE_BOUND('',#12641,.T.);
#12641 = EDGE_LOOP('',(#12642,#12652,#12660,#12669,#12677,#12686));
#12642 = ORIENTED_EDGE('',*,*,#12643,.T.);
#12643 = EDGE_CURVE('',#12644,#12646,#12648,.T.);
#12644 = VERTEX_POINT('',#12645);
#12645 = CARTESIAN_POINT('',(43.996428,-47.978628,-7.5E-02));
#12646 = VERTEX_POINT('',#12647);
#12647 = CARTESIAN_POINT('',(43.996428,-46.700057,-7.5E-02));
#12648 = LINE('',#12649,#12650);
#12649 = CARTESIAN_POINT('',(43.996428,-47.978628,-7.5E-02));
#12650 = VECTOR('',#12651,1.);
#12651 = DIRECTION('',(0.,1.,0.));
#12652 = ORIENTED_EDGE('',*,*,#12653,.T.);
#12653 = EDGE_CURVE('',#12646,#12654,#12656,.T.);
#12654 = VERTEX_POINT('',#12655);
#12655 = CARTESIAN_POINT('',(43.089133,-46.700057,-7.5E-02));
#12656 = LINE('',#12657,#12658);
#12657 = CARTESIAN_POINT('',(43.996428,-46.700057,-7.5E-02));
#12658 = VECTOR('',#12659,1.);
#12659 = DIRECTION('',(-1.,0.,0.));
#12660 = ORIENTED_EDGE('',*,*,#12661,.T.);
#12661 = EDGE_CURVE('',#12654,#12662,#12664,.T.);
#12662 = VERTEX_POINT('',#12663);
#12663 = CARTESIAN_POINT('',(42.574999,-47.21419,-7.5E-02));
#12664 = CIRCLE('',#12665,0.729797609913);
#12665 = AXIS2_PLACEMENT_3D('',#12666,#12667,#12668);
#12666 = CARTESIAN_POINT('',(43.279523900066,-47.40458227038,-7.5E-02));
#12667 = DIRECTION('',(0.,0.,1.));
#12668 = DIRECTION('',(-0.260881780757,0.965370755963,0.));
#12669 = ORIENTED_EDGE('',*,*,#12670,.T.);
#12670 = EDGE_CURVE('',#12662,#12671,#12673,.T.);
#12671 = VERTEX_POINT('',#12672);
#12672 = CARTESIAN_POINT('',(42.574999,-47.464495,-7.5E-02));
#12673 = LINE('',#12674,#12675);
#12674 = CARTESIAN_POINT('',(42.574999,-47.21419,-7.5E-02));
#12675 = VECTOR('',#12676,1.);
#12676 = DIRECTION('',(0.,-1.,0.));
#12677 = ORIENTED_EDGE('',*,*,#12678,.T.);
#12678 = EDGE_CURVE('',#12671,#12679,#12681,.T.);
#12679 = VERTEX_POINT('',#12680);
#12680 = CARTESIAN_POINT('',(43.089133,-47.978628,-7.5E-02));
#12681 = CIRCLE('',#12682,0.729796860719);
#12682 = AXIS2_PLACEMENT_3D('',#12683,#12684,#12685);
#12683 = CARTESIAN_POINT('',(43.279523289105,-47.27410334058,-7.5E-02));
#12684 = DIRECTION('',(0.,0.,1.));
#12685 = DIRECTION('',(-0.965370402403,-0.260883089072,0.));
#12686 = ORIENTED_EDGE('',*,*,#12687,.T.);
#12687 = EDGE_CURVE('',#12679,#12644,#12688,.T.);
#12688 = LINE('',#12689,#12690);
#12689 = CARTESIAN_POINT('',(43.089133,-47.978628,-7.5E-02));
#12690 = VECTOR('',#12691,1.);
#12691 = DIRECTION('',(1.,0.,0.));
#12692 = PLANE('',#12693);
#12693 = AXIS2_PLACEMENT_3D('',#12694,#12695,#12696);
#12694 = CARTESIAN_POINT('',(0.,0.,-7.5E-02));
#12695 = DIRECTION('',(-0.,-0.,-1.));
#12696 = DIRECTION('',(-1.,0.,0.));
#12697 = SHELL_BASED_SURFACE_MODEL('',(#12698));
#12698 = OPEN_SHELL('',(#12699));
#12699 = ADVANCED_FACE('',(#12700,#12818),#12870,.T.);
#12700 = FACE_BOUND('',#12701,.T.);
#12701 = EDGE_LOOP('',(#12702,#12713,#12721,#12729,#12738,#12746,#12755,
    #12763,#12771,#12779,#12788,#12796,#12804,#12812));
#12702 = ORIENTED_EDGE('',*,*,#12703,.T.);
#12703 = EDGE_CURVE('',#12704,#12706,#12708,.T.);
#12704 = VERTEX_POINT('',#12705);
#12705 = CARTESIAN_POINT('',(33.579738,-47.950611,-7.5E-02));
#12706 = VERTEX_POINT('',#12707);
#12707 = CARTESIAN_POINT('',(33.745872,-46.704796,-7.5E-02));
#12708 = CIRCLE('',#12709,0.887015217388);
#12709 = AXIS2_PLACEMENT_3D('',#12710,#12711,#12712);
#12710 = CARTESIAN_POINT('',(34.283316854678,-47.4104510319,-7.5E-02));
#12711 = DIRECTION('',(0.,0.,-1.));
#12712 = DIRECTION('',(-0.793198178437,-0.608963586534,-0.));
#12713 = ORIENTED_EDGE('',*,*,#12714,.T.);
#12714 = EDGE_CURVE('',#12706,#12715,#12717,.T.);
#12715 = VERTEX_POINT('',#12716);
#12716 = CARTESIAN_POINT('',(34.056796,-46.551498,-7.5E-02));
#12717 = LINE('',#12718,#12719);
#12718 = CARTESIAN_POINT('',(33.745872,-46.704796,-7.5E-02));
#12719 = VECTOR('',#12720,1.);
#12720 = DIRECTION('',(0.896910211622,0.442212700278,0.));
#12721 = ORIENTED_EDGE('',*,*,#12722,.T.);
#12722 = EDGE_CURVE('',#12715,#12723,#12725,.T.);
#12723 = VERTEX_POINT('',#12724);
#12724 = CARTESIAN_POINT('',(35.228917,-46.551498,-7.5E-02));
#12725 = LINE('',#12726,#12727);
#12726 = CARTESIAN_POINT('',(34.056796,-46.551498,-7.5E-02));
#12727 = VECTOR('',#12728,1.);
#12728 = DIRECTION('',(1.,0.,0.));
#12729 = ORIENTED_EDGE('',*,*,#12730,.T.);
#12730 = EDGE_CURVE('',#12723,#12731,#12733,.T.);
#12731 = VERTEX_POINT('',#12732);
#12732 = CARTESIAN_POINT('',(35.289285,-46.625057,-7.5E-02));
#12733 = CIRCLE('',#12734,7.500074938985E-02);
#12734 = AXIS2_PLACEMENT_3D('',#12735,#12736,#12737);
#12735 = CARTESIAN_POINT('',(35.214284250612,-46.62505746611,-7.5E-02));
#12736 = DIRECTION('',(0.,0.,-1.));
#12737 = DIRECTION('',(0.195101375752,0.980783081614,0.));
#12738 = ORIENTED_EDGE('',*,*,#12739,.T.);
#12739 = EDGE_CURVE('',#12731,#12740,#12742,.T.);
#12740 = VERTEX_POINT('',#12741);
#12741 = CARTESIAN_POINT('',(35.287844,-49.639689,-7.5E-02));
#12742 = LINE('',#12743,#12744);
#12743 = CARTESIAN_POINT('',(35.289285,-46.625057,-7.5E-02));
#12744 = VECTOR('',#12745,1.);
#12745 = DIRECTION('',(-4.780019038396E-04,-0.999999885757,0.));
#12746 = ORIENTED_EDGE('',*,*,#12747,.T.);
#12747 = EDGE_CURVE('',#12740,#12748,#12750,.T.);
#12748 = VERTEX_POINT('',#12749);
#12749 = CARTESIAN_POINT('',(35.139285,-49.625057,-7.5E-02));
#12750 = CIRCLE('',#12751,7.500006711464E-02);
#12751 = AXIS2_PLACEMENT_3D('',#12752,#12753,#12754);
#12752 = CARTESIAN_POINT('',(35.214285067115,-49.62505706711,-7.5E-02));
#12753 = DIRECTION('',(-0.,0.,-1.));
#12754 = DIRECTION('',(0.980784894138,-0.195092263891,-0.));
#12755 = ORIENTED_EDGE('',*,*,#12756,.T.);
#12756 = EDGE_CURVE('',#12748,#12757,#12759,.T.);
#12757 = VERTEX_POINT('',#12758);
#12758 = CARTESIAN_POINT('',(35.139285,-48.271485,-7.5E-02));
#12759 = LINE('',#12760,#12761);
#12760 = CARTESIAN_POINT('',(35.139285,-49.625057,-7.5E-02));
#12761 = VECTOR('',#12762,1.);
#12762 = DIRECTION('',(0.,1.,0.));
#12763 = ORIENTED_EDGE('',*,*,#12764,.T.);
#12764 = EDGE_CURVE('',#12757,#12765,#12767,.T.);
#12765 = VERTEX_POINT('',#12766);
#12766 = CARTESIAN_POINT('',(34.539048,-48.271485,-7.5E-02));
#12767 = LINE('',#12768,#12769);
#12768 = CARTESIAN_POINT('',(35.139285,-48.271485,-7.5E-02));
#12769 = VECTOR('',#12770,1.);
#12770 = DIRECTION('',(-1.,0.,0.));
#12771 = ORIENTED_EDGE('',*,*,#12772,.T.);
#12772 = EDGE_CURVE('',#12765,#12773,#12775,.T.);
#12773 = VERTEX_POINT('',#12774);
#12774 = CARTESIAN_POINT('',(33.55187,-49.679227,-7.5E-02));
#12775 = LINE('',#12776,#12777);
#12776 = CARTESIAN_POINT('',(34.539048,-48.271485,-7.5E-02));
#12777 = VECTOR('',#12778,1.);
#12778 = DIRECTION('',(-0.574148594198,-0.818751117117,0.));
#12779 = ORIENTED_EDGE('',*,*,#12780,.T.);
#12780 = EDGE_CURVE('',#12773,#12781,#12783,.T.);
#12781 = VERTEX_POINT('',#12782);
#12782 = CARTESIAN_POINT('',(33.438557,-49.582047,-7.5E-02));
#12783 = CIRCLE('',#12784,7.499986104109E-02);
#12784 = AXIS2_PLACEMENT_3D('',#12785,#12786,#12787);
#12785 = CARTESIAN_POINT('',(33.499998788881,-49.62505729801,-7.5E-02));
#12786 = DIRECTION('',(-0.,0.,-1.));
#12787 = DIRECTION('',(0.691617429666,-0.72226403135,-0.));
#12788 = ORIENTED_EDGE('',*,*,#12789,.T.);
#12789 = EDGE_CURVE('',#12781,#12790,#12792,.T.);
#12790 = VERTEX_POINT('',#12791);
#12791 = CARTESIAN_POINT('',(34.35595,-48.271485,-7.5E-02));
#12792 = LINE('',#12793,#12794);
#12793 = CARTESIAN_POINT('',(33.438557,-49.582047,-7.5E-02));
#12794 = VECTOR('',#12795,1.);
#12795 = DIRECTION('',(0.573462176551,0.819232037987,0.));
#12796 = ORIENTED_EDGE('',*,*,#12797,.T.);
#12797 = EDGE_CURVE('',#12790,#12798,#12800,.T.);
#12798 = VERTEX_POINT('',#12799);
#12799 = CARTESIAN_POINT('',(34.051619,-48.268822,-7.5E-02));
#12800 = LINE('',#12801,#12802);
#12801 = CARTESIAN_POINT('',(34.35595,-48.271485,-7.5E-02));
#12802 = VECTOR('',#12803,1.);
#12803 = DIRECTION('',(-0.999961717965,8.750005930845E-03,0.));
#12804 = ORIENTED_EDGE('',*,*,#12805,.T.);
#12805 = EDGE_CURVE('',#12798,#12806,#12808,.T.);
#12806 = VERTEX_POINT('',#12807);
#12807 = CARTESIAN_POINT('',(33.738429,-48.111379,-7.5E-02));
#12808 = LINE('',#12809,#12810);
#12809 = CARTESIAN_POINT('',(34.051619,-48.268822,-7.5E-02));
#12810 = VECTOR('',#12811,1.);
#12811 = DIRECTION('',(-0.893457439375,0.449147864323,0.));
#12812 = ORIENTED_EDGE('',*,*,#12813,.T.);
#12813 = EDGE_CURVE('',#12806,#12704,#12814,.T.);
#12814 = LINE('',#12815,#12816);
#12815 = CARTESIAN_POINT('',(33.738429,-48.111379,-7.5E-02));
#12816 = VECTOR('',#12817,1.);
#12817 = DIRECTION('',(-0.702494596436,0.711689076759,0.));
#12818 = FACE_BOUND('',#12819,.T.);
#12819 = EDGE_LOOP('',(#12820,#12830,#12838,#12847,#12855,#12864));
#12820 = ORIENTED_EDGE('',*,*,#12821,.T.);
#12821 = EDGE_CURVE('',#12822,#12824,#12826,.T.);
#12822 = VERTEX_POINT('',#12823);
#12823 = CARTESIAN_POINT('',(35.139285,-48.121485,-7.5E-02));
#12824 = VERTEX_POINT('',#12825);
#12825 = CARTESIAN_POINT('',(35.139285,-46.700057,-7.5E-02));
#12826 = LINE('',#12827,#12828);
#12827 = CARTESIAN_POINT('',(35.139285,-48.121485,-7.5E-02));
#12828 = VECTOR('',#12829,1.);
#12829 = DIRECTION('',(0.,1.,0.));
#12830 = ORIENTED_EDGE('',*,*,#12831,.T.);
#12831 = EDGE_CURVE('',#12824,#12832,#12834,.T.);
#12832 = VERTEX_POINT('',#12833);
#12833 = CARTESIAN_POINT('',(34.089133,-46.700057,-7.5E-02));
#12834 = LINE('',#12835,#12836);
#12835 = CARTESIAN_POINT('',(35.139285,-46.700057,-7.5E-02));
#12836 = VECTOR('',#12837,1.);
#12837 = DIRECTION('',(-1.,0.,0.));
#12838 = ORIENTED_EDGE('',*,*,#12839,.T.);
#12839 = EDGE_CURVE('',#12832,#12840,#12842,.T.);
#12840 = VERTEX_POINT('',#12841);
#12841 = CARTESIAN_POINT('',(33.574999,-47.21419,-7.5E-02));
#12842 = CIRCLE('',#12843,0.729793354556);
#12843 = AXIS2_PLACEMENT_3D('',#12844,#12845,#12846);
#12844 = CARTESIAN_POINT('',(34.279520429856,-47.40457880016,-7.5E-02));
#12845 = DIRECTION('',(0.,0.,1.));
#12846 = DIRECTION('',(-0.260878546875,0.965371629882,0.));
#12847 = ORIENTED_EDGE('',*,*,#12848,.T.);
#12848 = EDGE_CURVE('',#12840,#12849,#12851,.T.);
#12849 = VERTEX_POINT('',#12850);
#12850 = CARTESIAN_POINT('',(33.574999,-47.607352,-7.5E-02));
#12851 = LINE('',#12852,#12853);
#12852 = CARTESIAN_POINT('',(33.574999,-47.21419,-7.5E-02));
#12853 = VECTOR('',#12854,1.);
#12854 = DIRECTION('',(0.,-1.,0.));
#12855 = ORIENTED_EDGE('',*,*,#12856,.T.);
#12856 = EDGE_CURVE('',#12849,#12857,#12859,.T.);
#12857 = VERTEX_POINT('',#12858);
#12858 = CARTESIAN_POINT('',(34.089133,-48.121485,-7.5E-02));
#12859 = CIRCLE('',#12860,0.729798050508);
#12860 = AXIS2_PLACEMENT_3D('',#12861,#12862,#12863);
#12861 = CARTESIAN_POINT('',(34.279524259368,-47.41695937031,-7.5E-02));
#12862 = DIRECTION('',(0.,0.,1.));
#12863 = DIRECTION('',(-0.965370158056,-0.260883993252,0.));
#12864 = ORIENTED_EDGE('',*,*,#12865,.T.);
#12865 = EDGE_CURVE('',#12857,#12822,#12866,.T.);
#12866 = LINE('',#12867,#12868);
#12867 = CARTESIAN_POINT('',(34.089133,-48.121485,-7.5E-02));
#12868 = VECTOR('',#12869,1.);
#12869 = DIRECTION('',(1.,0.,0.));
#12870 = PLANE('',#12871);
#12871 = AXIS2_PLACEMENT_3D('',#12872,#12873,#12874);
#12872 = CARTESIAN_POINT('',(0.,0.,-7.5E-02));
#12873 = DIRECTION('',(-0.,-0.,-1.));
#12874 = DIRECTION('',(-1.,0.,0.));
#12875 = SHELL_BASED_SURFACE_MODEL('',(#12876));
#12876 = OPEN_SHELL('',(#12877));
#12877 = ADVANCED_FACE('',(#12878),#13078,.T.);
#12878 = FACE_BOUND('',#12879,.T.);
#12879 = EDGE_LOOP('',(#12880,#12891,#12899,#12907,#12915,#12923,#12931,
    #12939,#12947,#12955,#12963,#12971,#12979,#12988,#12996,#13005,
    #13013,#13022,#13030,#13038,#13046,#13055,#13063,#13072));
#12880 = ORIENTED_EDGE('',*,*,#12881,.T.);
#12881 = EDGE_CURVE('',#12882,#12884,#12886,.T.);
#12882 = VERTEX_POINT('',#12883);
#12883 = CARTESIAN_POINT('',(36.605714,-46.702757,-7.5E-02));
#12884 = VERTEX_POINT('',#12885);
#12885 = CARTESIAN_POINT('',(37.827381,-46.705553,-7.5E-02));
#12886 = CIRCLE('',#12887,1.228577821225);
#12887 = AXIS2_PLACEMENT_3D('',#12888,#12889,#12890);
#12888 = CARTESIAN_POINT('',(37.214107855076,-47.77011841016,-7.5E-02));
#12889 = DIRECTION('',(0.,0.,-1.));
#12890 = DIRECTION('',(-0.495201723949,0.868778022626,0.));
#12891 = ORIENTED_EDGE('',*,*,#12892,.T.);
#12892 = EDGE_CURVE('',#12884,#12893,#12895,.T.);
#12893 = VERTEX_POINT('',#12894);
#12894 = CARTESIAN_POINT('',(38.134545,-47.013787,-7.5E-02));
#12895 = LINE('',#12896,#12897);
#12896 = CARTESIAN_POINT('',(37.827381,-46.705553,-7.5E-02));
#12897 = VECTOR('',#12898,1.);
#12898 = DIRECTION('',(0.705876259038,-0.708335165671,0.));
#12899 = ORIENTED_EDGE('',*,*,#12900,.T.);
#12900 = EDGE_CURVE('',#12893,#12901,#12903,.T.);
#12901 = VERTEX_POINT('',#12902);
#12902 = CARTESIAN_POINT('',(38.287046,-47.321152,-7.5E-02));
#12903 = LINE('',#12904,#12905);
#12904 = CARTESIAN_POINT('',(38.134545,-47.013787,-7.5E-02));
#12905 = VECTOR('',#12906,1.);
#12906 = DIRECTION('',(0.444456735067,-0.895800318516,0.));
#12907 = ORIENTED_EDGE('',*,*,#12908,.T.);
#12908 = EDGE_CURVE('',#12901,#12909,#12911,.T.);
#12909 = VERTEX_POINT('',#12910);
#12910 = CARTESIAN_POINT('',(38.432142,-47.910771,-7.5E-02));
#12911 = LINE('',#12912,#12913);
#12912 = CARTESIAN_POINT('',(38.287046,-47.321152,-7.5E-02));
#12913 = VECTOR('',#12914,1.);
#12914 = DIRECTION('',(0.23895540604,-0.97103054222,0.));
#12915 = ORIENTED_EDGE('',*,*,#12916,.T.);
#12916 = EDGE_CURVE('',#12909,#12917,#12919,.T.);
#12917 = VERTEX_POINT('',#12918);
#12918 = CARTESIAN_POINT('',(38.429903,-48.357533,-7.5E-02));
#12919 = LINE('',#12920,#12921);
#12920 = CARTESIAN_POINT('',(38.432142,-47.910771,-7.5E-02));
#12921 = VECTOR('',#12922,1.);
#12922 = DIRECTION('',(-5.011553988081E-03,-0.999987442084,0.));
#12923 = ORIENTED_EDGE('',*,*,#12924,.T.);
#12924 = EDGE_CURVE('',#12917,#12925,#12927,.T.);
#12925 = VERTEX_POINT('',#12926);
#12926 = CARTESIAN_POINT('',(38.281367,-48.944312,-7.5E-02));
#12927 = LINE('',#12928,#12929);
#12928 = CARTESIAN_POINT('',(38.429903,-48.357533,-7.5E-02));
#12929 = VECTOR('',#12930,1.);
#12930 = DIRECTION('',(-0.245397575601,-0.969422523923,0.));
#12931 = ORIENTED_EDGE('',*,*,#12932,.T.);
#12932 = EDGE_CURVE('',#12925,#12933,#12935,.T.);
#12933 = VERTEX_POINT('',#12934);
#12934 = CARTESIAN_POINT('',(38.129179,-49.243768,-7.5E-02));
#12935 = LINE('',#12936,#12937);
#12936 = CARTESIAN_POINT('',(38.281367,-48.944312,-7.5E-02));
#12937 = VECTOR('',#12938,1.);
#12938 = DIRECTION('',(-0.453062725071,-0.891478640884,0.));
#12939 = ORIENTED_EDGE('',*,*,#12940,.T.);
#12940 = EDGE_CURVE('',#12933,#12941,#12943,.T.);
#12941 = VERTEX_POINT('',#12942);
#12942 = CARTESIAN_POINT('',(37.822855,-49.547357,-7.5E-02));
#12943 = LINE('',#12944,#12945);
#12944 = CARTESIAN_POINT('',(38.129179,-49.243768,-7.5E-02));
#12945 = VECTOR('',#12946,1.);
#12946 = DIRECTION('',(-0.710270480834,-0.703928862923,0.));
#12947 = ORIENTED_EDGE('',*,*,#12948,.T.);
#12948 = EDGE_CURVE('',#12941,#12949,#12951,.T.);
#12949 = VERTEX_POINT('',#12950);
#12950 = CARTESIAN_POINT('',(37.364547,-49.699327,-7.5E-02));
#12951 = LINE('',#12952,#12953);
#12952 = CARTESIAN_POINT('',(37.822855,-49.547357,-7.5E-02));
#12953 = VECTOR('',#12954,1.);
#12954 = DIRECTION('',(-0.949178765871,-0.314737462688,0.));
#12955 = ORIENTED_EDGE('',*,*,#12956,.T.);
#12956 = EDGE_CURVE('',#12949,#12957,#12959,.T.);
#12957 = VERTEX_POINT('',#12958);
#12958 = CARTESIAN_POINT('',(37.054965,-49.697857,-7.5E-02));
#12959 = LINE('',#12960,#12961);
#12960 = CARTESIAN_POINT('',(37.364547,-49.699327,-7.5E-02));
#12961 = VECTOR('',#12962,1.);
#12962 = DIRECTION('',(-0.999988726833,4.748284552857E-03,0.));
#12963 = ORIENTED_EDGE('',*,*,#12964,.T.);
#12964 = EDGE_CURVE('',#12957,#12965,#12967,.T.);
#12965 = VERTEX_POINT('',#12966);
#12966 = CARTESIAN_POINT('',(36.601188,-49.54456,-7.5E-02));
#12967 = LINE('',#12968,#12969);
#12968 = CARTESIAN_POINT('',(37.054965,-49.697857,-7.5E-02));
#12969 = VECTOR('',#12970,1.);
#12970 = DIRECTION('',(-0.947399083437,0.320054646431,0.));
#12971 = ORIENTED_EDGE('',*,*,#12972,.T.);
#12972 = EDGE_CURVE('',#12965,#12973,#12975,.T.);
#12973 = VERTEX_POINT('',#12974);
#12974 = CARTESIAN_POINT('',(36.437638,-49.381009,-7.5E-02));
#12975 = LINE('',#12976,#12977);
#12976 = CARTESIAN_POINT('',(36.601188,-49.54456,-7.5E-02));
#12977 = VECTOR('',#12978,1.);
#12978 = DIRECTION('',(-0.707104619445,0.707108942922,0.));
#12979 = ORIENTED_EDGE('',*,*,#12980,.T.);
#12980 = EDGE_CURVE('',#12973,#12981,#12983,.T.);
#12981 = VERTEX_POINT('',#12982);
#12982 = CARTESIAN_POINT('',(36.553032,-49.286309,-7.5E-02));
#12983 = CIRCLE('',#12984,7.500012667536E-02);
#12984 = AXIS2_PLACEMENT_3D('',#12985,#12986,#12987);
#12985 = CARTESIAN_POINT('',(36.499999051988,-49.33934224831,-7.5E-02));
#12986 = DIRECTION('',(0.,0.,-1.));
#12987 = DIRECTION('',(-0.831479288802,-0.555555750842,-0.));
#12988 = ORIENTED_EDGE('',*,*,#12989,.T.);
#12989 = EDGE_CURVE('',#12981,#12990,#12992,.T.);
#12990 = VERTEX_POINT('',#12991);
#12991 = CARTESIAN_POINT('',(36.68337,-49.416648,-7.5E-02));
#12992 = LINE('',#12993,#12994);
#12993 = CARTESIAN_POINT('',(36.553032,-49.286309,-7.5E-02));
#12994 = VECTOR('',#12995,1.);
#12995 = DIRECTION('',(0.707104068603,-0.70710949376,0.));
#12996 = ORIENTED_EDGE('',*,*,#12997,.T.);
#12997 = EDGE_CURVE('',#12990,#12998,#13000,.T.);
#12998 = VERTEX_POINT('',#12999);
#12999 = CARTESIAN_POINT('',(37.745199,-49.416647,-7.5E-02));
#13000 = CIRCLE('',#13001,1.067138212706);
#13001 = AXIS2_PLACEMENT_3D('',#13002,#13003,#13004);
#13002 = CARTESIAN_POINT('',(37.214283628206,-48.49095113579,-7.5E-02));
#13003 = DIRECTION('',(0.,0.,1.));
#13004 = DIRECTION('',(-0.4975115893,-0.867457329505,0.));
#13005 = ORIENTED_EDGE('',*,*,#13006,.T.);
#13006 = EDGE_CURVE('',#12998,#13007,#13009,.T.);
#13007 = VERTEX_POINT('',#13008);
#13008 = CARTESIAN_POINT('',(38.009789,-49.152058,-7.5E-02));
#13009 = LINE('',#13010,#13011);
#13010 = CARTESIAN_POINT('',(37.745199,-49.416647,-7.5E-02));
#13011 = VECTOR('',#13012,1.);
#13012 = DIRECTION('',(0.707108117419,0.707105444952,0.));
#13013 = ORIENTED_EDGE('',*,*,#13014,.T.);
#13014 = EDGE_CURVE('',#13007,#13015,#13017,.T.);
#13015 = VERTEX_POINT('',#13016);
#13016 = CARTESIAN_POINT('',(38.282142,-47.920004,-7.5E-02));
#13017 = CIRCLE('',#13018,2.000105163863);
#13018 = AXIS2_PLACEMENT_3D('',#13019,#13020,#13021);
#13019 = CARTESIAN_POINT('',(36.292710216866,-48.12635769336,-7.5E-02));
#13020 = DIRECTION('',(0.,0.,1.));
#13021 = DIRECTION('',(0.858494250281,-0.512823188082,0.));
#13022 = ORIENTED_EDGE('',*,*,#13023,.T.);
#13023 = EDGE_CURVE('',#13015,#13024,#13026,.T.);
#13024 = VERTEX_POINT('',#13025);
#13025 = CARTESIAN_POINT('',(38.14352,-47.365517,-7.5E-02));
#13026 = LINE('',#13027,#13028);
#13027 = CARTESIAN_POINT('',(38.282142,-47.920004,-7.5E-02));
#13028 = VECTOR('',#13029,1.);
#13029 = DIRECTION('',(-0.242536036712,0.970142397226,0.));
#13030 = ORIENTED_EDGE('',*,*,#13031,.T.);
#13031 = EDGE_CURVE('',#13024,#13032,#13034,.T.);
#13032 = VERTEX_POINT('',#13033);
#13033 = CARTESIAN_POINT('',(38.009789,-47.098055,-7.5E-02));
#13034 = LINE('',#13035,#13036);
#13035 = CARTESIAN_POINT('',(38.14352,-47.365517,-7.5E-02));
#13036 = VECTOR('',#13037,1.);
#13037 = DIRECTION('',(-0.4472135955,0.894427191,0.));
#13038 = ORIENTED_EDGE('',*,*,#13039,.T.);
#13039 = EDGE_CURVE('',#13032,#13040,#13042,.T.);
#13040 = VERTEX_POINT('',#13041);
#13041 = CARTESIAN_POINT('',(37.745199,-46.833466,-7.5E-02));
#13042 = LINE('',#13043,#13044);
#13043 = CARTESIAN_POINT('',(38.009789,-47.098055,-7.5E-02));
#13044 = VECTOR('',#13045,1.);
#13045 = DIRECTION('',(-0.707108117419,0.707105444952,0.));
#13046 = ORIENTED_EDGE('',*,*,#13047,.T.);
#13047 = EDGE_CURVE('',#13040,#13048,#13050,.T.);
#13048 = VERTEX_POINT('',#13049);
#13049 = CARTESIAN_POINT('',(36.683369,-46.833466,-7.5E-02));
#13050 = CIRCLE('',#13051,1.067141615356);
#13051 = AXIS2_PLACEMENT_3D('',#13052,#13053,#13054);
#13052 = CARTESIAN_POINT('',(37.214284,-47.759166,-7.5E-02));
#13053 = DIRECTION('',(0.,0.,1.));
#13054 = DIRECTION('',(0.497511288436,0.867457502059,-0.));
#13055 = ORIENTED_EDGE('',*,*,#13056,.T.);
#13056 = EDGE_CURVE('',#13048,#13057,#13059,.T.);
#13057 = VERTEX_POINT('',#13058);
#13058 = CARTESIAN_POINT('',(36.541667,-46.973131,-7.5E-02));
#13059 = LINE('',#13060,#13061);
#13060 = CARTESIAN_POINT('',(36.683369,-46.833466,-7.5E-02));
#13061 = VECTOR('',#13062,1.);
#13062 = DIRECTION('',(-0.712207326234,-0.701969176288,0.));
#13063 = ORIENTED_EDGE('',*,*,#13064,.T.);
#13064 = EDGE_CURVE('',#13057,#13065,#13067,.T.);
#13065 = VERTEX_POINT('',#13066);
#13066 = CARTESIAN_POINT('',(36.446966,-46.857738,-7.5E-02));
#13067 = CIRCLE('',#13068,7.499996838527E-02);
#13068 = AXIS2_PLACEMENT_3D('',#13069,#13070,#13071);
#13069 = CARTESIAN_POINT('',(36.499999,-46.91077097246,-7.5E-02));
#13070 = DIRECTION('',(0.,0.,-1.));
#13071 = DIRECTION('',(0.555573567524,-0.831467384248,0.));
#13072 = ORIENTED_EDGE('',*,*,#13073,.T.);
#13073 = EDGE_CURVE('',#13065,#12882,#13074,.T.);
#13074 = LINE('',#13075,#13076);
#13075 = CARTESIAN_POINT('',(36.446966,-46.857738,-7.5E-02));
#13076 = VECTOR('',#13077,1.);
#13077 = DIRECTION('',(0.715545559218,0.698566068947,0.));
#13078 = PLANE('',#13079);
#13079 = AXIS2_PLACEMENT_3D('',#13080,#13081,#13082);
#13080 = CARTESIAN_POINT('',(0.,0.,-7.5E-02));
#13081 = DIRECTION('',(-0.,-0.,-1.));
#13082 = DIRECTION('',(-1.,0.,0.));
#13083 = SHELL_BASED_SURFACE_MODEL('',(#13084));
#13084 = OPEN_SHELL('',(#13085));
#13085 = ADVANCED_FACE('',(#13086),#13350,.T.);
#13086 = FACE_BOUND('',#13087,.T.);
#13087 = EDGE_LOOP('',(#13088,#13099,#13107,#13115,#13123,#13131,#13140,
    #13148,#13156,#13164,#13172,#13180,#13189,#13197,#13205,#13213,
    #13221,#13230,#13238,#13246,#13254,#13262,#13271,#13279,#13287,
    #13295,#13303,#13311,#13320,#13328,#13336,#13344));
#13088 = ORIENTED_EDGE('',*,*,#13089,.T.);
#13089 = EDGE_CURVE('',#13090,#13092,#13094,.T.);
#13090 = VERTEX_POINT('',#13091);
#13091 = CARTESIAN_POINT('',(39.509379,-46.842325,-7.5E-02));
#13092 = VERTEX_POINT('',#13093);
#13093 = CARTESIAN_POINT('',(39.476282,-46.696763,-7.5E-02));
#13094 = CIRCLE('',#13095,7.499981594573E-02);
#13095 = AXIS2_PLACEMENT_3D('',#13096,#13097,#13098);
#13096 = CARTESIAN_POINT('',(39.499999100487,-46.76791404733,-7.5E-02));
#13097 = DIRECTION('',(0.,0.,-1.));
#13098 = DIRECTION('',(0.125065633758,-0.992148470368,0.));
#13099 = ORIENTED_EDGE('',*,*,#13100,.T.);
#13100 = EDGE_CURVE('',#13092,#13101,#13103,.T.);
#13101 = VERTEX_POINT('',#13102);
#13102 = CARTESIAN_POINT('',(39.921164,-46.550786,-7.5E-02));
#13103 = LINE('',#13104,#13105);
#13104 = CARTESIAN_POINT('',(39.476282,-46.696763,-7.5E-02));
#13105 = VECTOR('',#13106,1.);
#13106 = DIRECTION('',(0.950157404755,0.311770598662,0.));
#13107 = ORIENTED_EDGE('',*,*,#13108,.T.);
#13108 = EDGE_CURVE('',#13101,#13109,#13111,.T.);
#13109 = VERTEX_POINT('',#13110);
#13110 = CARTESIAN_POINT('',(40.657488,-46.551498,-7.5E-02));
#13111 = LINE('',#13112,#13113);
#13112 = CARTESIAN_POINT('',(39.921164,-46.550786,-7.5E-02));
#13113 = VECTOR('',#13114,1.);
#13114 = DIRECTION('',(0.999999532489,-9.669651771941E-04,0.));
#13115 = ORIENTED_EDGE('',*,*,#13116,.T.);
#13116 = EDGE_CURVE('',#13109,#13117,#13119,.T.);
#13117 = VERTEX_POINT('',#13118);
#13118 = CARTESIAN_POINT('',(40.975854,-46.710162,-7.5E-02));
#13119 = LINE('',#13120,#13121);
#13120 = CARTESIAN_POINT('',(40.657488,-46.551498,-7.5E-02));
#13121 = VECTOR('',#13122,1.);
#13122 = DIRECTION('',(0.89501004724,-0.446045978953,0.));
#13123 = ORIENTED_EDGE('',*,*,#13124,.T.);
#13124 = EDGE_CURVE('',#13117,#13125,#13127,.T.);
#13125 = VERTEX_POINT('',#13126);
#13126 = CARTESIAN_POINT('',(41.134545,-46.87093,-7.5E-02));
#13127 = LINE('',#13128,#13129);
#13128 = CARTESIAN_POINT('',(40.975854,-46.710162,-7.5E-02));
#13129 = VECTOR('',#13130,1.);
#13130 = DIRECTION('',(0.702494596436,-0.711689076759,0.));
#13131 = ORIENTED_EDGE('',*,*,#13132,.T.);
#13132 = EDGE_CURVE('',#13125,#13133,#13135,.T.);
#13133 = VERTEX_POINT('',#13134);
#13134 = CARTESIAN_POINT('',(41.129179,-47.815197,-7.5E-02));
#13135 = CIRCLE('',#13136,0.729831693114);
#13136 = AXIS2_PLACEMENT_3D('',#13137,#13138,#13139);
#13137 = CARTESIAN_POINT('',(40.575330726962,-47.33990089153,-7.5E-02));
#13138 = DIRECTION('',(0.,0.,-1.));
#13139 = DIRECTION('',(0.766223607874,0.642574028993,0.));
#13140 = ORIENTED_EDGE('',*,*,#13141,.T.);
#13141 = EDGE_CURVE('',#13133,#13142,#13144,.T.);
#13142 = VERTEX_POINT('',#13143);
#13143 = CARTESIAN_POINT('',(40.968411,-47.973888,-7.5E-02));
#13144 = LINE('',#13145,#13146);
#13145 = CARTESIAN_POINT('',(41.129179,-47.815197,-7.5E-02));
#13146 = VECTOR('',#13147,1.);
#13147 = DIRECTION('',(-0.711689076759,-0.702494596437,0.));
#13148 = ORIENTED_EDGE('',*,*,#13149,.T.);
#13149 = EDGE_CURVE('',#13142,#13150,#13152,.T.);
#13150 = VERTEX_POINT('',#13151);
#13151 = CARTESIAN_POINT('',(40.661047,-48.126389,-7.5E-02));
#13152 = LINE('',#13153,#13154);
#13153 = CARTESIAN_POINT('',(40.968411,-47.973888,-7.5E-02));
#13154 = VECTOR('',#13155,1.);
#13155 = DIRECTION('',(-0.895799742788,-0.444457895443,0.));
#13156 = ORIENTED_EDGE('',*,*,#13157,.T.);
#13157 = EDGE_CURVE('',#13150,#13158,#13160,.T.);
#13158 = VERTEX_POINT('',#13159);
#13159 = CARTESIAN_POINT('',(40.097603,-48.267249,-7.5E-02));
#13160 = LINE('',#13161,#13162);
#13161 = CARTESIAN_POINT('',(40.661047,-48.126389,-7.5E-02));
#13162 = VECTOR('',#13163,1.);
#13163 = DIRECTION('',(-0.970142905275,-0.24253400451,0.));
#13164 = ORIENTED_EDGE('',*,*,#13165,.T.);
#13165 = EDGE_CURVE('',#13158,#13166,#13168,.T.);
#13166 = VERTEX_POINT('',#13167);
#13167 = CARTESIAN_POINT('',(39.830141,-48.400981,-7.5E-02));
#13168 = LINE('',#13169,#13170);
#13169 = CARTESIAN_POINT('',(40.097603,-48.267249,-7.5E-02));
#13170 = VECTOR('',#13171,1.);
#13171 = DIRECTION('',(-0.894425853347,-0.447216270796,0.));
#13172 = ORIENTED_EDGE('',*,*,#13173,.T.);
#13173 = EDGE_CURVE('',#13166,#13174,#13176,.T.);
#13174 = VERTEX_POINT('',#13175);
#13175 = CARTESIAN_POINT('',(39.704495,-48.526627,-7.5E-02));
#13176 = LINE('',#13177,#13178);
#13177 = CARTESIAN_POINT('',(39.830141,-48.400981,-7.5E-02));
#13178 = VECTOR('',#13179,1.);
#13179 = DIRECTION('',(-0.707106781187,-0.707106781187,0.));
#13180 = ORIENTED_EDGE('',*,*,#13181,.T.);
#13181 = EDGE_CURVE('',#13174,#13182,#13184,.T.);
#13182 = VERTEX_POINT('',#13183);
#13183 = CARTESIAN_POINT('',(39.704495,-49.294915,-7.5E-02));
#13184 = CIRCLE('',#13185,0.587528328713);
#13185 = AXIS2_PLACEMENT_3D('',#13186,#13187,#13188);
#13186 = CARTESIAN_POINT('',(40.149043,-48.910771,-7.5E-02));
#13187 = DIRECTION('',(0.,0.,1.));
#13188 = DIRECTION('',(-0.756640962273,0.653830600546,0.));
#13189 = ORIENTED_EDGE('',*,*,#13190,.T.);
#13190 = EDGE_CURVE('',#13182,#13191,#13193,.T.);
#13191 = VERTEX_POINT('',#13192);
#13192 = CARTESIAN_POINT('',(39.830141,-49.420561,-7.5E-02));
#13193 = LINE('',#13194,#13195);
#13194 = CARTESIAN_POINT('',(39.704495,-49.294915,-7.5E-02));
#13195 = VECTOR('',#13196,1.);
#13196 = DIRECTION('',(0.707106781187,-0.707106781187,0.));
#13197 = ORIENTED_EDGE('',*,*,#13198,.T.);
#13198 = EDGE_CURVE('',#13191,#13199,#13201,.T.);
#13199 = VERTEX_POINT('',#13200);
#13200 = CARTESIAN_POINT('',(40.089133,-49.550057,-7.5E-02));
#13201 = LINE('',#13202,#13203);
#13202 = CARTESIAN_POINT('',(39.830141,-49.420561,-7.5E-02));
#13203 = VECTOR('',#13204,1.);
#13204 = DIRECTION('',(0.894427191,-0.4472135955,0.));
#13205 = ORIENTED_EDGE('',*,*,#13206,.T.);
#13206 = EDGE_CURVE('',#13199,#13207,#13209,.T.);
#13207 = VERTEX_POINT('',#13208);
#13208 = CARTESIAN_POINT('',(40.773544,-49.550057,-7.5E-02));
#13209 = LINE('',#13210,#13211);
#13210 = CARTESIAN_POINT('',(40.089133,-49.550057,-7.5E-02));
#13211 = VECTOR('',#13212,1.);
#13212 = DIRECTION('',(1.,0.,0.));
#13213 = ORIENTED_EDGE('',*,*,#13214,.T.);
#13214 = EDGE_CURVE('',#13207,#13215,#13217,.T.);
#13215 = VERTEX_POINT('',#13216);
#13216 = CARTESIAN_POINT('',(41.204904,-49.407789,-7.5E-02));
#13217 = LINE('',#13218,#13219);
#13218 = CARTESIAN_POINT('',(40.773544,-49.550057,-7.5E-02));
#13219 = VECTOR('',#13220,1.);
#13220 = DIRECTION('',(0.949681573983,0.313217030247,0.));
#13221 = ORIENTED_EDGE('',*,*,#13222,.T.);
#13222 = EDGE_CURVE('',#13215,#13223,#13225,.T.);
#13223 = VERTEX_POINT('',#13224);
#13224 = CARTESIAN_POINT('',(41.238002,-49.553351,-7.5E-02));
#13225 = CIRCLE('',#13226,7.499988769954E-02);
#13226 = AXIS2_PLACEMENT_3D('',#13227,#13228,#13229);
#13227 = CARTESIAN_POINT('',(41.214284793877,-49.48219991224,-7.5E-02));
#13228 = DIRECTION('',(0.,0.,-1.));
#13229 = DIRECTION('',(-0.125077438982,0.992146982185,-0.));
#13230 = ORIENTED_EDGE('',*,*,#13231,.T.);
#13231 = EDGE_CURVE('',#13223,#13232,#13234,.T.);
#13232 = VERTEX_POINT('',#13233);
#13233 = CARTESIAN_POINT('',(40.793119,-49.699327,-7.5E-02));
#13234 = LINE('',#13235,#13236);
#13235 = CARTESIAN_POINT('',(41.238002,-49.553351,-7.5E-02));
#13236 = VECTOR('',#13237,1.);
#13237 = DIRECTION('',(-0.950158245023,-0.311768037834,0.));
#13238 = ORIENTED_EDGE('',*,*,#13239,.T.);
#13239 = EDGE_CURVE('',#13232,#13240,#13242,.T.);
#13240 = VERTEX_POINT('',#13241);
#13241 = CARTESIAN_POINT('',(40.051619,-49.697394,-7.5E-02));
#13242 = LINE('',#13243,#13244);
#13243 = CARTESIAN_POINT('',(40.793119,-49.699327,-7.5E-02));
#13244 = VECTOR('',#13245,1.);
#13245 = DIRECTION('',(-0.999996602111,2.606869092211E-03,0.));
#13246 = ORIENTED_EDGE('',*,*,#13247,.T.);
#13247 = EDGE_CURVE('',#13240,#13248,#13250,.T.);
#13248 = VERTEX_POINT('',#13249);
#13249 = CARTESIAN_POINT('',(39.73843,-49.539951,-7.5E-02));
#13250 = LINE('',#13251,#13252);
#13251 = CARTESIAN_POINT('',(40.051619,-49.697394,-7.5E-02));
#13252 = VECTOR('',#13253,1.);
#13253 = DIRECTION('',(-0.893456863873,0.449149009125,0.));
#13254 = ORIENTED_EDGE('',*,*,#13255,.T.);
#13255 = EDGE_CURVE('',#13248,#13256,#13258,.T.);
#13256 = VERTEX_POINT('',#13257);
#13257 = CARTESIAN_POINT('',(39.579738,-49.379182,-7.5E-02));
#13258 = LINE('',#13259,#13260);
#13259 = CARTESIAN_POINT('',(39.73843,-49.539951,-7.5E-02));
#13260 = VECTOR('',#13261,1.);
#13261 = DIRECTION('',(-0.702494625404,0.711689048166,0.));
#13262 = ORIENTED_EDGE('',*,*,#13263,.T.);
#13263 = EDGE_CURVE('',#13256,#13264,#13266,.T.);
#13264 = VERTEX_POINT('',#13265);
#13265 = CARTESIAN_POINT('',(39.585104,-48.434916,-7.5E-02));
#13266 = CIRCLE('',#13267,0.72983332676);
#13267 = AXIS2_PLACEMENT_3D('',#13268,#13269,#13270);
#13268 = CARTESIAN_POINT('',(40.138954839461,-48.9102116264,-7.5E-02));
#13269 = DIRECTION('',(0.,0.,-1.));
#13270 = DIRECTION('',(-0.766225409223,-0.642571881007,-0.));
#13271 = ORIENTED_EDGE('',*,*,#13272,.T.);
#13272 = EDGE_CURVE('',#13264,#13273,#13275,.T.);
#13273 = VERTEX_POINT('',#13274);
#13274 = CARTESIAN_POINT('',(39.745876,-48.276223,-7.5E-02));
#13275 = LINE('',#13276,#13277);
#13276 = CARTESIAN_POINT('',(39.585104,-48.434916,-7.5E-02));
#13277 = VECTOR('',#13278,1.);
#13278 = DIRECTION('',(0.711693388726,0.702490228006,0.));
#13279 = ORIENTED_EDGE('',*,*,#13280,.T.);
#13280 = EDGE_CURVE('',#13273,#13281,#13283,.T.);
#13281 = VERTEX_POINT('',#13282);
#13282 = CARTESIAN_POINT('',(40.053238,-48.123724,-7.5E-02));
#13283 = LINE('',#13284,#13285);
#13284 = CARTESIAN_POINT('',(39.745876,-48.276223,-7.5E-02));
#13285 = VECTOR('',#13286,1.);
#13286 = DIRECTION('',(0.895800912089,0.444455538722,0.));
#13287 = ORIENTED_EDGE('',*,*,#13288,.T.);
#13288 = EDGE_CURVE('',#13281,#13289,#13291,.T.);
#13289 = VERTEX_POINT('',#13290);
#13290 = CARTESIAN_POINT('',(40.61668,-47.982863,-7.5E-02));
#13291 = LINE('',#13292,#13293);
#13292 = CARTESIAN_POINT('',(40.053238,-48.123724,-7.5E-02));
#13293 = VECTOR('',#13294,1.);
#13294 = DIRECTION('',(0.970142297579,0.242536435302,0.));
#13295 = ORIENTED_EDGE('',*,*,#13296,.T.);
#13296 = EDGE_CURVE('',#13289,#13297,#13299,.T.);
#13297 = VERTEX_POINT('',#13298);
#13298 = CARTESIAN_POINT('',(40.884144,-47.849131,-7.5E-02));
#13299 = LINE('',#13300,#13301);
#13300 = CARTESIAN_POINT('',(40.61668,-47.982863,-7.5E-02));
#13301 = VECTOR('',#13302,1.);
#13302 = DIRECTION('',(0.894427191,0.4472135955,0.));
#13303 = ORIENTED_EDGE('',*,*,#13304,.T.);
#13304 = EDGE_CURVE('',#13297,#13305,#13307,.T.);
#13305 = VERTEX_POINT('',#13306);
#13306 = CARTESIAN_POINT('',(41.009789,-47.723487,-7.5E-02));
#13307 = LINE('',#13308,#13309);
#13308 = CARTESIAN_POINT('',(40.884144,-47.849131,-7.5E-02));
#13309 = VECTOR('',#13310,1.);
#13310 = DIRECTION('',(0.7071095951,0.707103967262,0.));
#13311 = ORIENTED_EDGE('',*,*,#13312,.T.);
#13312 = EDGE_CURVE('',#13305,#13313,#13315,.T.);
#13313 = VERTEX_POINT('',#13314);
#13314 = CARTESIAN_POINT('',(41.009789,-46.955198,-7.5E-02));
#13315 = CIRCLE('',#13316,0.587529412269);
#13316 = AXIS2_PLACEMENT_3D('',#13317,#13318,#13319);
#13317 = CARTESIAN_POINT('',(40.56524,-47.3393425,-7.5E-02));
#13318 = DIRECTION('',(0.,-0.,1.));
#13319 = DIRECTION('',(0.756641268874,-0.653830245734,-0.));
#13320 = ORIENTED_EDGE('',*,*,#13321,.T.);
#13321 = EDGE_CURVE('',#13313,#13322,#13324,.T.);
#13322 = VERTEX_POINT('',#13323);
#13323 = CARTESIAN_POINT('',(40.884144,-46.829553,-7.5E-02));
#13324 = LINE('',#13325,#13326);
#13325 = CARTESIAN_POINT('',(41.009789,-46.955198,-7.5E-02));
#13326 = VECTOR('',#13327,1.);
#13327 = DIRECTION('',(-0.707106781187,0.707106781187,0.));
#13328 = ORIENTED_EDGE('',*,*,#13329,.T.);
#13329 = EDGE_CURVE('',#13322,#13330,#13332,.T.);
#13330 = VERTEX_POINT('',#13331);
#13331 = CARTESIAN_POINT('',(40.625151,-46.700057,-7.5E-02));
#13332 = LINE('',#13333,#13334);
#13333 = CARTESIAN_POINT('',(40.884144,-46.829553,-7.5E-02));
#13334 = VECTOR('',#13335,1.);
#13335 = DIRECTION('',(-0.894427881695,0.447212214106,0.));
#13336 = ORIENTED_EDGE('',*,*,#13337,.T.);
#13337 = EDGE_CURVE('',#13330,#13338,#13340,.T.);
#13338 = VERTEX_POINT('',#13339);
#13339 = CARTESIAN_POINT('',(39.940741,-46.700057,-7.5E-02));
#13340 = LINE('',#13341,#13342);
#13341 = CARTESIAN_POINT('',(40.625151,-46.700057,-7.5E-02));
#13342 = VECTOR('',#13343,1.);
#13343 = DIRECTION('',(-1.,0.,0.));
#13344 = ORIENTED_EDGE('',*,*,#13345,.T.);
#13345 = EDGE_CURVE('',#13338,#13090,#13346,.T.);
#13346 = LINE('',#13347,#13348);
#13347 = CARTESIAN_POINT('',(39.940741,-46.700057,-7.5E-02));
#13348 = VECTOR('',#13349,1.);
#13349 = DIRECTION('',(-0.949682005956,-0.313215720493,0.));
#13350 = PLANE('',#13351);
#13351 = AXIS2_PLACEMENT_3D('',#13352,#13353,#13354);
#13352 = CARTESIAN_POINT('',(0.,0.,-7.5E-02));
#13353 = DIRECTION('',(-0.,-0.,-1.));
#13354 = DIRECTION('',(-1.,0.,0.));
#13355 = SHELL_BASED_SURFACE_MODEL('',(#13356));
#13356 = OPEN_SHELL('',(#13357));
#13357 = ADVANCED_FACE('',(#13358),#13427,.T.);
#13358 = FACE_BOUND('',#13359,.T.);
#13359 = EDGE_LOOP('',(#13360,#13371,#13379,#13388,#13396,#13404,#13413,
    #13421));
#13360 = ORIENTED_EDGE('',*,*,#13361,.T.);
#13361 = EDGE_CURVE('',#13362,#13364,#13366,.T.);
#13362 = VERTEX_POINT('',#13363);
#13363 = CARTESIAN_POINT('',(45.056796,-46.698616,-7.5E-02));
#13364 = VERTEX_POINT('',#13365);
#13365 = CARTESIAN_POINT('',(45.071428,-46.550057,-7.5E-02));
#13366 = CIRCLE('',#13367,7.500006711464E-02);
#13367 = AXIS2_PLACEMENT_3D('',#13368,#13369,#13370);
#13368 = CARTESIAN_POINT('',(45.071427932885,-46.62505706711,-7.5E-02));
#13369 = DIRECTION('',(0.,0.,-1.));
#13370 = DIRECTION('',(-0.195092263891,-0.980784894138,-0.));
#13371 = ORIENTED_EDGE('',*,*,#13372,.T.);
#13372 = EDGE_CURVE('',#13364,#13373,#13375,.T.);
#13373 = VERTEX_POINT('',#13374);
#13374 = CARTESIAN_POINT('',(46.800345,-46.551498,-7.5E-02));
#13375 = LINE('',#13376,#13377);
#13376 = CARTESIAN_POINT('',(45.071428,-46.550057,-7.5E-02));
#13377 = VECTOR('',#13378,1.);
#13378 = DIRECTION('',(0.999999652664,-8.334694490765E-04,0.));
#13379 = ORIENTED_EDGE('',*,*,#13380,.T.);
#13380 = EDGE_CURVE('',#13373,#13381,#13383,.T.);
#13381 = VERTEX_POINT('',#13382);
#13382 = CARTESIAN_POINT('',(46.785713,-46.700057,-7.5E-02));
#13383 = CIRCLE('',#13384,7.500006711464E-02);
#13384 = AXIS2_PLACEMENT_3D('',#13385,#13386,#13387);
#13385 = CARTESIAN_POINT('',(46.785713067115,-46.62505693288,-7.5E-02));
#13386 = DIRECTION('',(0.,0.,-1.));
#13387 = DIRECTION('',(0.195092263891,0.980784894138,0.));
#13388 = ORIENTED_EDGE('',*,*,#13389,.T.);
#13389 = EDGE_CURVE('',#13381,#13390,#13392,.T.);
#13390 = VERTEX_POINT('',#13391);
#13391 = CARTESIAN_POINT('',(46.00357,-46.700057,-7.5E-02));
#13392 = LINE('',#13393,#13394);
#13393 = CARTESIAN_POINT('',(46.785713,-46.700057,-7.5E-02));
#13394 = VECTOR('',#13395,1.);
#13395 = DIRECTION('',(-1.,0.,0.));
#13396 = ORIENTED_EDGE('',*,*,#13397,.T.);
#13397 = EDGE_CURVE('',#13390,#13398,#13400,.T.);
#13398 = VERTEX_POINT('',#13399);
#13399 = CARTESIAN_POINT('',(46.002129,-49.639689,-7.5E-02));
#13400 = LINE('',#13401,#13402);
#13401 = CARTESIAN_POINT('',(46.00357,-46.700057,-7.5E-02));
#13402 = VECTOR('',#13403,1.);
#13403 = DIRECTION('',(-4.90197353572E-04,-0.999999879853,0.));
#13404 = ORIENTED_EDGE('',*,*,#13405,.T.);
#13405 = EDGE_CURVE('',#13398,#13406,#13408,.T.);
#13406 = VERTEX_POINT('',#13407);
#13407 = CARTESIAN_POINT('',(45.85357,-49.625057,-7.5E-02));
#13408 = CIRCLE('',#13409,7.500006711464E-02);
#13409 = AXIS2_PLACEMENT_3D('',#13410,#13411,#13412);
#13410 = CARTESIAN_POINT('',(45.928570067115,-49.62505706711,-7.5E-02));
#13411 = DIRECTION('',(-0.,0.,-1.));
#13412 = DIRECTION('',(0.980784894138,-0.195092263891,-0.));
#13413 = ORIENTED_EDGE('',*,*,#13414,.T.);
#13414 = EDGE_CURVE('',#13406,#13415,#13417,.T.);
#13415 = VERTEX_POINT('',#13416);
#13416 = CARTESIAN_POINT('',(45.85357,-46.700057,-7.5E-02));
#13417 = LINE('',#13418,#13419);
#13418 = CARTESIAN_POINT('',(45.85357,-49.625057,-7.5E-02));
#13419 = VECTOR('',#13420,1.);
#13420 = DIRECTION('',(0.,1.,0.));
#13421 = ORIENTED_EDGE('',*,*,#13422,.T.);
#13422 = EDGE_CURVE('',#13415,#13362,#13423,.T.);
#13423 = LINE('',#13424,#13425);
#13424 = CARTESIAN_POINT('',(45.85357,-46.700057,-7.5E-02));
#13425 = VECTOR('',#13426,1.);
#13426 = DIRECTION('',(-0.99999836459,1.808539991735E-03,0.));
#13427 = PLANE('',#13428);
#13428 = AXIS2_PLACEMENT_3D('',#13429,#13430,#13431);
#13429 = CARTESIAN_POINT('',(0.,0.,-7.5E-02));
#13430 = DIRECTION('',(-0.,-0.,-1.));
#13431 = DIRECTION('',(-1.,0.,0.));
#13432 = SHELL_BASED_SURFACE_MODEL('',(#13433));
#13433 = OPEN_SHELL('',(#13434));
#13434 = ADVANCED_FACE('',(#13435,#13567),#13635,.T.);
#13435 = FACE_BOUND('',#13436,.T.);
#13436 = EDGE_LOOP('',(#13437,#13447,#13455,#13463,#13471,#13480,#13488,
    #13497,#13505,#13513,#13521,#13529,#13537,#13545,#13553,#13561));
#13437 = ORIENTED_EDGE('',*,*,#13438,.T.);
#13438 = EDGE_CURVE('',#13439,#13441,#13443,.T.);
#13439 = VERTEX_POINT('',#13440);
#13440 = CARTESIAN_POINT('',(35.388733,-40.963366,-7.5E-02));
#13441 = VERTEX_POINT('',#13442);
#13442 = CARTESIAN_POINT('',(35.794891,-40.76245,-7.5E-02));
#13443 = LINE('',#13444,#13445);
#13444 = CARTESIAN_POINT('',(35.388733,-40.963366,-7.5E-02));
#13445 = VECTOR('',#13446,1.);
#13446 = DIRECTION('',(0.896328402679,0.443390792137,0.));
#13447 = ORIENTED_EDGE('',*,*,#13448,.T.);
#13448 = EDGE_CURVE('',#13441,#13449,#13451,.T.);
#13449 = VERTEX_POINT('',#13450);
#13450 = CARTESIAN_POINT('',(36.58606,-40.76245,-7.5E-02));
#13451 = LINE('',#13452,#13453);
#13452 = CARTESIAN_POINT('',(35.794891,-40.76245,-7.5E-02));
#13453 = VECTOR('',#13454,1.);
#13454 = DIRECTION('',(1.,0.,0.));
#13455 = ORIENTED_EDGE('',*,*,#13456,.T.);
#13456 = EDGE_CURVE('',#13449,#13457,#13459,.T.);
#13457 = VERTEX_POINT('',#13458);
#13458 = CARTESIAN_POINT('',(36.877381,-40.905132,-7.5E-02));
#13459 = LINE('',#13460,#13461);
#13460 = CARTESIAN_POINT('',(36.58606,-40.76245,-7.5E-02));
#13461 = VECTOR('',#13462,1.);
#13462 = DIRECTION('',(0.898069815695,-0.439852936943,0.));
#13463 = ORIENTED_EDGE('',*,*,#13464,.T.);
#13464 = EDGE_CURVE('',#13457,#13465,#13467,.T.);
#13465 = VERTEX_POINT('',#13466);
#13466 = CARTESIAN_POINT('',(36.878822,-40.821377,-7.5E-02));
#13467 = LINE('',#13468,#13469);
#13468 = CARTESIAN_POINT('',(36.877381,-40.905132,-7.5E-02));
#13469 = VECTOR('',#13470,1.);
#13470 = DIRECTION('',(1.720239713553E-02,0.999852027819,0.));
#13471 = ORIENTED_EDGE('',*,*,#13472,.T.);
#13472 = EDGE_CURVE('',#13465,#13473,#13475,.T.);
#13473 = VERTEX_POINT('',#13474);
#13474 = CARTESIAN_POINT('',(37.027381,-40.836009,-7.5E-02));
#13475 = CIRCLE('',#13476,7.500006711464E-02);
#13476 = AXIS2_PLACEMENT_3D('',#13477,#13478,#13479);
#13477 = CARTESIAN_POINT('',(36.952380932885,-40.83600893288,-7.5E-02));
#13478 = DIRECTION('',(0.,0.,-1.));
#13479 = DIRECTION('',(-0.980784894138,0.195092263891,0.));
#13480 = ORIENTED_EDGE('',*,*,#13481,.T.);
#13481 = EDGE_CURVE('',#13473,#13482,#13484,.T.);
#13482 = VERTEX_POINT('',#13483);
#13483 = CARTESIAN_POINT('',(37.02594,-44.850641,-7.5E-02));
#13484 = LINE('',#13485,#13486);
#13485 = CARTESIAN_POINT('',(37.027381,-40.836009,-7.5E-02));
#13486 = VECTOR('',#13487,1.);
#13487 = DIRECTION('',(-3.589369853012E-04,-0.999999935582,0.));
#13488 = ORIENTED_EDGE('',*,*,#13489,.T.);
#13489 = EDGE_CURVE('',#13482,#13490,#13492,.T.);
#13490 = VERTEX_POINT('',#13491);
#13491 = CARTESIAN_POINT('',(36.877381,-44.836009,-7.5E-02));
#13492 = CIRCLE('',#13493,7.500006711464E-02);
#13493 = AXIS2_PLACEMENT_3D('',#13494,#13495,#13496);
#13494 = CARTESIAN_POINT('',(36.952381067115,-44.83600906711,-7.5E-02));
#13495 = DIRECTION('',(-0.,0.,-1.));
#13496 = DIRECTION('',(0.980784894138,-0.195092263891,-0.));
#13497 = ORIENTED_EDGE('',*,*,#13498,.T.);
#13498 = EDGE_CURVE('',#13490,#13499,#13501,.T.);
#13499 = VERTEX_POINT('',#13500);
#13500 = CARTESIAN_POINT('',(36.877381,-43.433552,-7.5E-02));
#13501 = LINE('',#13502,#13503);
#13502 = CARTESIAN_POINT('',(36.877381,-44.836009,-7.5E-02));
#13503 = VECTOR('',#13504,1.);
#13504 = DIRECTION('',(0.,1.,0.));
#13505 = ORIENTED_EDGE('',*,*,#13506,.T.);
#13506 = EDGE_CURVE('',#13499,#13507,#13509,.T.);
#13507 = VERTEX_POINT('',#13508);
#13508 = CARTESIAN_POINT('',(36.58606,-43.576235,-7.5E-02));
#13509 = LINE('',#13510,#13511);
#13510 = CARTESIAN_POINT('',(36.877381,-43.433552,-7.5E-02));
#13511 = VECTOR('',#13512,1.);
#13512 = DIRECTION('',(-0.89806859795,-0.439855423266,0.));
#13513 = ORIENTED_EDGE('',*,*,#13514,.T.);
#13514 = EDGE_CURVE('',#13507,#13515,#13517,.T.);
#13515 = VERTEX_POINT('',#13516);
#13516 = CARTESIAN_POINT('',(35.789713,-43.575013,-7.5E-02));
#13517 = LINE('',#13518,#13519);
#13518 = CARTESIAN_POINT('',(36.58606,-43.576235,-7.5E-02));
#13519 = VECTOR('',#13520,1.);
#13520 = DIRECTION('',(-0.999998822646,1.534505135666E-03,0.));
#13521 = ORIENTED_EDGE('',*,*,#13522,.T.);
#13522 = EDGE_CURVE('',#13515,#13523,#13525,.T.);
#13523 = VERTEX_POINT('',#13524);
#13524 = CARTESIAN_POINT('',(35.381287,-43.369951,-7.5E-02));
#13525 = LINE('',#13526,#13527);
#13526 = CARTESIAN_POINT('',(35.789713,-43.575013,-7.5E-02));
#13527 = VECTOR('',#13528,1.);
#13528 = DIRECTION('',(-0.893682872601,0.448699145552,0.));
#13529 = ORIENTED_EDGE('',*,*,#13530,.T.);
#13530 = EDGE_CURVE('',#13523,#13531,#13533,.T.);
#13531 = VERTEX_POINT('',#13532);
#13532 = CARTESIAN_POINT('',(35.174975,-43.161558,-7.5E-02));
#13533 = LINE('',#13534,#13535);
#13534 = CARTESIAN_POINT('',(35.381287,-43.369951,-7.5E-02));
#13535 = VECTOR('',#13536,1.);
#13536 = DIRECTION('',(-0.703549643943,0.710646113412,0.));
#13537 = ORIENTED_EDGE('',*,*,#13538,.T.);
#13538 = EDGE_CURVE('',#13531,#13539,#13541,.T.);
#13539 = VERTEX_POINT('',#13540);
#13540 = CARTESIAN_POINT('',(34.97406,-42.755403,-7.5E-02));
#13541 = LINE('',#13542,#13543);
#13542 = CARTESIAN_POINT('',(35.174975,-43.161558,-7.5E-02));
#13543 = VECTOR('',#13544,1.);
#13544 = DIRECTION('',(-0.443391650311,0.896327978161,0.));
#13545 = ORIENTED_EDGE('',*,*,#13546,.T.);
#13546 = EDGE_CURVE('',#13539,#13547,#13549,.T.);
#13547 = VERTEX_POINT('',#13548);
#13548 = CARTESIAN_POINT('',(34.975282,-41.578105,-7.5E-02));
#13549 = LINE('',#13550,#13551);
#13550 = CARTESIAN_POINT('',(34.97406,-42.755403,-7.5E-02));
#13551 = VECTOR('',#13552,1.);
#13552 = DIRECTION('',(1.037969436556E-03,0.99999946131,0.));
#13553 = ORIENTED_EDGE('',*,*,#13554,.T.);
#13554 = EDGE_CURVE('',#13547,#13555,#13557,.T.);
#13555 = VERTEX_POINT('',#13556);
#13556 = CARTESIAN_POINT('',(35.180343,-41.169677,-7.5E-02));
#13557 = LINE('',#13558,#13559);
#13558 = CARTESIAN_POINT('',(34.975282,-41.578105,-7.5E-02));
#13559 = VECTOR('',#13560,1.);
#13560 = DIRECTION('',(0.448695643135,0.893684631082,0.));
#13561 = ORIENTED_EDGE('',*,*,#13562,.T.);
#13562 = EDGE_CURVE('',#13555,#13439,#13563,.T.);
#13563 = LINE('',#13564,#13565);
#13564 = CARTESIAN_POINT('',(35.180343,-41.169677,-7.5E-02));
#13565 = VECTOR('',#13566,1.);
#13566 = DIRECTION('',(0.710642754496,0.703553036723,0.));
#13567 = FACE_BOUND('',#13568,.T.);
#13568 = EDGE_LOOP('',(#13569,#13579,#13587,#13596,#13604,#13613,#13621,
    #13629));
#13569 = ORIENTED_EDGE('',*,*,#13570,.T.);
#13570 = EDGE_CURVE('',#13571,#13573,#13575,.T.);
#13571 = VERTEX_POINT('',#13572);
#13572 = CARTESIAN_POINT('',(36.877381,-41.072837,-7.5E-02));
#13573 = VERTEX_POINT('',#13574);
#13574 = CARTESIAN_POINT('',(36.553723,-40.911009,-7.5E-02));
#13575 = LINE('',#13576,#13577);
#13576 = CARTESIAN_POINT('',(36.877381,-41.072837,-7.5E-02));
#13577 = VECTOR('',#13578,1.);
#13578 = DIRECTION('',(-0.894428296396,0.4472113847,0.));
#13579 = ORIENTED_EDGE('',*,*,#13580,.T.);
#13580 = EDGE_CURVE('',#13573,#13581,#13583,.T.);
#13581 = VERTEX_POINT('',#13582);
#13582 = CARTESIAN_POINT('',(35.827228,-40.911009,-7.5E-02));
#13583 = LINE('',#13584,#13585);
#13584 = CARTESIAN_POINT('',(36.553723,-40.911009,-7.5E-02));
#13585 = VECTOR('',#13586,1.);
#13586 = DIRECTION('',(-1.,0.,0.));
#13587 = ORIENTED_EDGE('',*,*,#13588,.T.);
#13588 = EDGE_CURVE('',#13581,#13589,#13591,.T.);
#13589 = VERTEX_POINT('',#13590);
#13590 = CARTESIAN_POINT('',(35.122619,-41.615618,-7.5E-02));
#13591 = CIRCLE('',#13592,1.001268400177);
#13592 = AXIS2_PLACEMENT_3D('',#13593,#13594,#13595);
#13593 = CARTESIAN_POINT('',(36.0890495,-41.8774395,-7.5E-02));
#13594 = DIRECTION('',(0.,0.,1.));
#13595 = DIRECTION('',(-0.261489826258,0.965206232244,0.));
#13596 = ORIENTED_EDGE('',*,*,#13597,.T.);
#13597 = EDGE_CURVE('',#13589,#13598,#13600,.T.);
#13598 = VERTEX_POINT('',#13599);
#13599 = CARTESIAN_POINT('',(35.122619,-42.723066,-7.5E-02));
#13600 = LINE('',#13601,#13602);
#13601 = CARTESIAN_POINT('',(35.122619,-41.615618,-7.5E-02));
#13602 = VECTOR('',#13603,1.);
#13603 = DIRECTION('',(0.,-1.,0.));
#13604 = ORIENTED_EDGE('',*,*,#13605,.T.);
#13605 = EDGE_CURVE('',#13598,#13606,#13608,.T.);
#13606 = VERTEX_POINT('',#13607);
#13607 = CARTESIAN_POINT('',(35.827228,-43.427676,-7.5E-02));
#13608 = CIRCLE('',#13609,1.001271406561);
#13609 = AXIS2_PLACEMENT_3D('',#13610,#13611,#13612);
#13610 = CARTESIAN_POINT('',(36.089052243174,-42.46124312841,-7.5E-02));
#13611 = DIRECTION('',(0.,0.,1.));
#13612 = DIRECTION('',(-0.965206073838,-0.261490410963,0.));
#13613 = ORIENTED_EDGE('',*,*,#13614,.T.);
#13614 = EDGE_CURVE('',#13606,#13615,#13617,.T.);
#13615 = VERTEX_POINT('',#13616);
#13616 = CARTESIAN_POINT('',(36.553723,-43.427676,-7.5E-02));
#13617 = LINE('',#13618,#13619);
#13618 = CARTESIAN_POINT('',(35.827228,-43.427676,-7.5E-02));
#13619 = VECTOR('',#13620,1.);
#13620 = DIRECTION('',(1.,0.,0.));
#13621 = ORIENTED_EDGE('',*,*,#13622,.T.);
#13622 = EDGE_CURVE('',#13615,#13623,#13625,.T.);
#13623 = VERTEX_POINT('',#13624);
#13624 = CARTESIAN_POINT('',(36.877381,-43.265847,-7.5E-02));
#13625 = LINE('',#13626,#13627);
#13626 = CARTESIAN_POINT('',(36.553723,-43.427676,-7.5E-02));
#13627 = VECTOR('',#13628,1.);
#13628 = DIRECTION('',(0.894427191,0.4472135955,0.));
#13629 = ORIENTED_EDGE('',*,*,#13630,.T.);
#13630 = EDGE_CURVE('',#13623,#13571,#13631,.T.);
#13631 = LINE('',#13632,#13633);
#13632 = CARTESIAN_POINT('',(36.877381,-43.265847,-7.5E-02));
#13633 = VECTOR('',#13634,1.);
#13634 = DIRECTION('',(0.,1.,0.));
#13635 = PLANE('',#13636);
#13636 = AXIS2_PLACEMENT_3D('',#13637,#13638,#13639);
#13637 = CARTESIAN_POINT('',(0.,0.,-7.5E-02));
#13638 = DIRECTION('',(-0.,-0.,-1.));
#13639 = DIRECTION('',(-1.,0.,0.));
#13640 = SHELL_BASED_SURFACE_MODEL('',(#13641));
#13641 = OPEN_SHELL('',(#13642));
#13642 = ADVANCED_FACE('',(#13643),#13735,.T.);
#13643 = FACE_BOUND('',#13644,.T.);
#13644 = EDGE_LOOP('',(#13645,#13656,#13664,#13672,#13680,#13688,#13697,
    #13705,#13713,#13721,#13729));
#13645 = ORIENTED_EDGE('',*,*,#13646,.T.);
#13646 = EDGE_CURVE('',#13647,#13649,#13651,.T.);
#13647 = VERTEX_POINT('',#13648);
#13648 = CARTESIAN_POINT('',(22.624998,-39.440316,-7.5E-02));
#13649 = VERTEX_POINT('',#13650);
#13650 = CARTESIAN_POINT('',(22.741666,-39.502676,-7.5E-02));
#13651 = CIRCLE('',#13652,7.500000000003E-02);
#13652 = AXIS2_PLACEMENT_3D('',#13653,#13654,#13655);
#13653 = CARTESIAN_POINT('',(22.666666,-39.50267606555,-7.5E-02));
#13654 = DIRECTION('',(0.,0.,-1.));
#13655 = DIRECTION('',(-0.555573333333,0.831467540731,0.));
#13656 = ORIENTED_EDGE('',*,*,#13657,.T.);
#13657 = EDGE_CURVE('',#13649,#13658,#13660,.T.);
#13658 = VERTEX_POINT('',#13659);
#13659 = CARTESIAN_POINT('',(22.739003,-42.951056,-7.5E-02));
#13660 = LINE('',#13661,#13662);
#13661 = CARTESIAN_POINT('',(22.741666,-39.502676,-7.5E-02));
#13662 = VECTOR('',#13663,1.);
#13663 = DIRECTION('',(-7.722464478795E-04,-0.999999701818,0.));
#13664 = ORIENTED_EDGE('',*,*,#13665,.T.);
#13665 = EDGE_CURVE('',#13658,#13666,#13668,.T.);
#13666 = VERTEX_POINT('',#13667);
#13667 = CARTESIAN_POINT('',(22.535438,-43.358184,-7.5E-02));
#13668 = LINE('',#13669,#13670);
#13669 = CARTESIAN_POINT('',(22.739003,-42.951056,-7.5E-02));
#13670 = VECTOR('',#13671,1.);
#13671 = DIRECTION('',(-0.447215353032,-0.894426312231,0.));
#13672 = ORIENTED_EDGE('',*,*,#13673,.T.);
#13673 = EDGE_CURVE('',#13666,#13674,#13676,.T.);
#13674 = VERTEX_POINT('',#13675);
#13675 = CARTESIAN_POINT('',(22.50973,-43.379282,-7.5E-02));
#13676 = LINE('',#13677,#13678);
#13677 = CARTESIAN_POINT('',(22.535438,-43.358184,-7.5E-02));
#13678 = VECTOR('',#13679,1.);
#13679 = DIRECTION('',(-0.773010606047,-0.634393098117,0.));
#13680 = ORIENTED_EDGE('',*,*,#13681,.T.);
#13681 = EDGE_CURVE('',#13674,#13682,#13684,.T.);
#13682 = VERTEX_POINT('',#13683);
#13683 = CARTESIAN_POINT('',(22.115046,-43.575013,-7.5E-02));
#13684 = LINE('',#13685,#13686);
#13685 = CARTESIAN_POINT('',(22.50973,-43.379282,-7.5E-02));
#13686 = VECTOR('',#13687,1.);
#13687 = DIRECTION('',(-0.895885117216,-0.444285782747,0.));
#13688 = ORIENTED_EDGE('',*,*,#13689,.T.);
#13689 = EDGE_CURVE('',#13682,#13690,#13692,.T.);
#13690 = VERTEX_POINT('',#13691);
#13691 = CARTESIAN_POINT('',(22.061696,-43.435594,-7.5E-02));
#13692 = CIRCLE('',#13693,7.500005272361E-02);
#13693 = AXIS2_PLACEMENT_3D('',#13694,#13695,#13696);
#13694 = CARTESIAN_POINT('',(22.09523655676,-43.50267632972,-7.5E-02));
#13695 = DIRECTION('',(0.,0.,-1.));
#13696 = DIRECTION('',(0.264125724196,-0.964488259036,0.));
#13697 = ORIENTED_EDGE('',*,*,#13698,.T.);
#13698 = EDGE_CURVE('',#13690,#13699,#13701,.T.);
#13699 = VERTEX_POINT('',#13700);
#13700 = CARTESIAN_POINT('',(22.420287,-43.256298,-7.5E-02));
#13701 = LINE('',#13702,#13703);
#13702 = CARTESIAN_POINT('',(22.061696,-43.435594,-7.5E-02));
#13703 = VECTOR('',#13704,1.);
#13704 = DIRECTION('',(0.894426692143,0.447214593212,0.));
#13705 = ORIENTED_EDGE('',*,*,#13706,.T.);
#13706 = EDGE_CURVE('',#13699,#13707,#13709,.T.);
#13707 = VERTEX_POINT('',#13708);
#13708 = CARTESIAN_POINT('',(22.591666,-42.913541,-7.5E-02));
#13709 = LINE('',#13710,#13711);
#13710 = CARTESIAN_POINT('',(22.420287,-43.256298,-7.5E-02));
#13711 = VECTOR('',#13712,1.);
#13712 = DIRECTION('',(0.447214639302,0.894426669098,0.));
#13713 = ORIENTED_EDGE('',*,*,#13714,.T.);
#13714 = EDGE_CURVE('',#13707,#13715,#13717,.T.);
#13715 = VERTEX_POINT('',#13716);
#13716 = CARTESIAN_POINT('',(22.593107,-39.488044,-7.5E-02));
#13717 = LINE('',#13718,#13719);
#13718 = CARTESIAN_POINT('',(22.591666,-42.913541,-7.5E-02));
#13719 = VECTOR('',#13720,1.);
#13720 = DIRECTION('',(4.206688467392E-04,0.999999911519,0.));
#13721 = ORIENTED_EDGE('',*,*,#13722,.T.);
#13722 = EDGE_CURVE('',#13715,#13723,#13725,.T.);
#13723 = VERTEX_POINT('',#13724);
#13724 = CARTESIAN_POINT('',(22.604306,-39.461008,-7.5E-02));
#13725 = LINE('',#13726,#13727);
#13726 = CARTESIAN_POINT('',(22.593107,-39.488044,-7.5E-02));
#13727 = VECTOR('',#13728,1.);
#13728 = DIRECTION('',(0.38269282806,0.923875640631,0.));
#13729 = ORIENTED_EDGE('',*,*,#13730,.T.);
#13730 = EDGE_CURVE('',#13723,#13647,#13731,.T.);
#13731 = LINE('',#13732,#13733);
#13732 = CARTESIAN_POINT('',(22.604306,-39.461008,-7.5E-02));
#13733 = VECTOR('',#13734,1.);
#13734 = DIRECTION('',(0.707106781187,0.707106781186,0.));
#13735 = PLANE('',#13736);
#13736 = AXIS2_PLACEMENT_3D('',#13737,#13738,#13739);
#13737 = CARTESIAN_POINT('',(0.,0.,-7.5E-02));
#13738 = DIRECTION('',(-0.,-0.,-1.));
#13739 = DIRECTION('',(-1.,0.,0.));
#13740 = SHELL_BASED_SURFACE_MODEL('',(#13741));
#13741 = OPEN_SHELL('',(#13742));
#13742 = ADVANCED_FACE('',(#13743),#13925,.T.);
#13743 = FACE_BOUND('',#13744,.T.);
#13744 = EDGE_LOOP('',(#13745,#13756,#13764,#13772,#13780,#13788,#13797,
    #13805,#13813,#13821,#13829,#13837,#13845,#13854,#13862,#13870,
    #13878,#13886,#13894,#13902,#13911,#13919));
#13745 = ORIENTED_EDGE('',*,*,#13746,.T.);
#13746 = EDGE_CURVE('',#13747,#13749,#13751,.T.);
#13747 = VERTEX_POINT('',#13748);
#13748 = CARTESIAN_POINT('',(55.604416,-40.909568,-7.5E-02));
#13749 = VERTEX_POINT('',#13750);
#13750 = CARTESIAN_POINT('',(55.619048,-40.761009,-7.5E-02));
#13751 = CIRCLE('',#13752,7.500006711464E-02);
#13752 = AXIS2_PLACEMENT_3D('',#13753,#13754,#13755);
#13753 = CARTESIAN_POINT('',(55.619047932885,-40.83600906711,-7.5E-02));
#13754 = DIRECTION('',(0.,0.,-1.));
#13755 = DIRECTION('',(-0.195092263891,-0.980784894138,-0.));
#13756 = ORIENTED_EDGE('',*,*,#13757,.T.);
#13757 = EDGE_CURVE('',#13749,#13758,#13760,.T.);
#13758 = VERTEX_POINT('',#13759);
#13759 = CARTESIAN_POINT('',(58.10987,-40.76245,-7.5E-02));
#13760 = LINE('',#13761,#13762);
#13761 = CARTESIAN_POINT('',(55.619048,-40.761009,-7.5E-02));
#13762 = VECTOR('',#13763,1.);
#13763 = DIRECTION('',(0.999999832655,-5.785237800436E-04,0.));
#13764 = ORIENTED_EDGE('',*,*,#13765,.T.);
#13765 = EDGE_CURVE('',#13758,#13766,#13768,.T.);
#13766 = VERTEX_POINT('',#13767);
#13767 = CARTESIAN_POINT('',(58.522175,-40.967235,-7.5E-02));
#13768 = LINE('',#13769,#13770);
#13769 = CARTESIAN_POINT('',(58.10987,-40.76245,-7.5E-02));
#13770 = VECTOR('',#13771,1.);
#13771 = DIRECTION('',(0.895612231875,-0.444835621456,0.));
#13772 = ORIENTED_EDGE('',*,*,#13773,.T.);
#13773 = EDGE_CURVE('',#13766,#13774,#13776,.T.);
#13774 = VERTEX_POINT('',#13775);
#13775 = CARTESIAN_POINT('',(58.543273,-40.992944,-7.5E-02));
#13776 = LINE('',#13777,#13778);
#13777 = CARTESIAN_POINT('',(58.522175,-40.967235,-7.5E-02));
#13778 = VECTOR('',#13779,1.);
#13779 = DIRECTION('',(0.634378352791,-0.773022706982,0.));
#13780 = ORIENTED_EDGE('',*,*,#13781,.T.);
#13781 = EDGE_CURVE('',#13774,#13782,#13784,.T.);
#13782 = VERTEX_POINT('',#13783);
#13783 = CARTESIAN_POINT('',(58.739004,-41.387629,-7.5E-02));
#13784 = LINE('',#13785,#13786);
#13785 = CARTESIAN_POINT('',(58.543273,-40.992944,-7.5E-02));
#13786 = VECTOR('',#13787,1.);
#13787 = DIRECTION('',(0.444284879271,-0.895885565266,0.));
#13788 = ORIENTED_EDGE('',*,*,#13789,.T.);
#13789 = EDGE_CURVE('',#13782,#13790,#13792,.T.);
#13790 = VERTEX_POINT('',#13791);
#13791 = CARTESIAN_POINT('',(58.599585,-41.440979,-7.5E-02));
#13792 = CIRCLE('',#13793,7.500014287771E-02);
#13793 = AXIS2_PLACEMENT_3D('',#13794,#13795,#13796);
#13794 = CARTESIAN_POINT('',(58.666667001013,-41.40743758423,-7.5E-02));
#13795 = DIRECTION('',(0.,0.,-1.));
#13796 = DIRECTION('',(0.964491482432,0.264113953278,0.));
#13797 = ORIENTED_EDGE('',*,*,#13798,.T.);
#13798 = EDGE_CURVE('',#13790,#13799,#13801,.T.);
#13799 = VERTEX_POINT('',#13800);
#13800 = CARTESIAN_POINT('',(58.420289,-41.082386,-7.5E-02));
#13801 = LINE('',#13802,#13803);
#13802 = CARTESIAN_POINT('',(58.599585,-41.440979,-7.5E-02));
#13803 = VECTOR('',#13804,1.);
#13804 = DIRECTION('',(-0.447212597792,0.894427689853,0.));
#13805 = ORIENTED_EDGE('',*,*,#13806,.T.);
#13806 = EDGE_CURVE('',#13799,#13807,#13809,.T.);
#13807 = VERTEX_POINT('',#13808);
#13808 = CARTESIAN_POINT('',(58.077533,-40.911009,-7.5E-02));
#13809 = LINE('',#13810,#13811);
#13810 = CARTESIAN_POINT('',(58.420289,-41.082386,-7.5E-02));
#13811 = VECTOR('',#13812,1.);
#13812 = DIRECTION('',(-0.894428234805,0.447211507884,0.));
#13813 = ORIENTED_EDGE('',*,*,#13814,.T.);
#13814 = EDGE_CURVE('',#13807,#13815,#13817,.T.);
#13815 = VERTEX_POINT('',#13816);
#13816 = CARTESIAN_POINT('',(57.789286,-40.911009,-7.5E-02));
#13817 = LINE('',#13818,#13819);
#13818 = CARTESIAN_POINT('',(58.077533,-40.911009,-7.5E-02));
#13819 = VECTOR('',#13820,1.);
#13820 = DIRECTION('',(-1.,0.,0.));
#13821 = ORIENTED_EDGE('',*,*,#13822,.T.);
#13822 = EDGE_CURVE('',#13815,#13823,#13825,.T.);
#13823 = VERTEX_POINT('',#13824);
#13824 = CARTESIAN_POINT('',(57.789286,-42.913542,-7.5E-02));
#13825 = LINE('',#13826,#13827);
#13826 = CARTESIAN_POINT('',(57.789286,-40.911009,-7.5E-02));
#13827 = VECTOR('',#13828,1.);
#13828 = DIRECTION('',(0.,-1.,0.));
#13829 = ORIENTED_EDGE('',*,*,#13830,.T.);
#13830 = EDGE_CURVE('',#13823,#13831,#13833,.T.);
#13831 = VERTEX_POINT('',#13832);
#13832 = CARTESIAN_POINT('',(57.960663,-43.256298,-7.5E-02));
#13833 = LINE('',#13834,#13835);
#13834 = CARTESIAN_POINT('',(57.789286,-42.913542,-7.5E-02));
#13835 = VECTOR('',#13836,1.);
#13836 = DIRECTION('',(0.447211507884,-0.894428234805,0.));
#13837 = ORIENTED_EDGE('',*,*,#13838,.T.);
#13838 = EDGE_CURVE('',#13831,#13839,#13841,.T.);
#13839 = VERTEX_POINT('',#13840);
#13840 = CARTESIAN_POINT('',(58.331698,-43.443426,-7.5E-02));
#13841 = LINE('',#13842,#13843);
#13842 = CARTESIAN_POINT('',(57.960663,-43.256298,-7.5E-02));
#13843 = VECTOR('',#13844,1.);
#13844 = DIRECTION('',(0.892871591873,-0.450311359424,0.));
#13845 = ORIENTED_EDGE('',*,*,#13846,.T.);
#13846 = EDGE_CURVE('',#13839,#13847,#13849,.T.);
#13847 = VERTEX_POINT('',#13848);
#13848 = CARTESIAN_POINT('',(58.252173,-43.569758,-7.5E-02));
#13849 = CIRCLE('',#13850,7.500029440362E-02);
#13850 = AXIS2_PLACEMENT_3D('',#13851,#13852,#13853);
#13851 = CARTESIAN_POINT('',(58.285714053971,-43.50267564867,-7.5E-02));
#13852 = DIRECTION('',(0.,0.,-1.));
#13853 = DIRECTION('',(0.613116873665,0.789992214662,0.));
#13854 = ORIENTED_EDGE('',*,*,#13855,.T.);
#13855 = EDGE_CURVE('',#13847,#13856,#13858,.T.);
#13856 = VERTEX_POINT('',#13857);
#13857 = CARTESIAN_POINT('',(57.858778,-43.37145,-7.5E-02));
#13858 = LINE('',#13859,#13860);
#13859 = CARTESIAN_POINT('',(58.252173,-43.569758,-7.5E-02));
#13860 = VECTOR('',#13861,1.);
#13861 = DIRECTION('',(-0.892960151973,0.450135720631,0.));
#13862 = ORIENTED_EDGE('',*,*,#13863,.T.);
#13863 = EDGE_CURVE('',#13856,#13864,#13866,.T.);
#13864 = VERTEX_POINT('',#13865);
#13865 = CARTESIAN_POINT('',(57.83768,-43.345741,-7.5E-02));
#13866 = LINE('',#13867,#13868);
#13867 = CARTESIAN_POINT('',(57.858778,-43.37145,-7.5E-02));
#13868 = VECTOR('',#13869,1.);
#13869 = DIRECTION('',(-0.634378352791,0.773022706982,0.));
#13870 = ORIENTED_EDGE('',*,*,#13871,.T.);
#13871 = EDGE_CURVE('',#13864,#13872,#13874,.T.);
#13872 = VERTEX_POINT('',#13873);
#13873 = CARTESIAN_POINT('',(57.640727,-42.945879,-7.5E-02));
#13874 = LINE('',#13875,#13876);
#13875 = CARTESIAN_POINT('',(57.83768,-43.345741,-7.5E-02));
#13876 = VECTOR('',#13877,1.);
#13877 = DIRECTION('',(-0.44186073627,0.897083658163,0.));
#13878 = ORIENTED_EDGE('',*,*,#13879,.T.);
#13879 = EDGE_CURVE('',#13872,#13880,#13882,.T.);
#13880 = VERTEX_POINT('',#13881);
#13881 = CARTESIAN_POINT('',(57.639286,-40.911009,-7.5E-02));
#13882 = LINE('',#13883,#13884);
#13883 = CARTESIAN_POINT('',(57.640727,-42.945879,-7.5E-02));
#13884 = VECTOR('',#13885,1.);
#13885 = DIRECTION('',(-7.081531688426E-04,0.99999974926,0.));
#13886 = ORIENTED_EDGE('',*,*,#13887,.T.);
#13887 = EDGE_CURVE('',#13880,#13888,#13890,.T.);
#13888 = VERTEX_POINT('',#13889);
#13889 = CARTESIAN_POINT('',(56.455952,-40.911009,-7.5E-02));
#13890 = LINE('',#13891,#13892);
#13891 = CARTESIAN_POINT('',(57.639286,-40.911009,-7.5E-02));
#13892 = VECTOR('',#13893,1.);
#13893 = DIRECTION('',(-1.,0.,0.));
#13894 = ORIENTED_EDGE('',*,*,#13895,.T.);
#13895 = EDGE_CURVE('',#13888,#13896,#13898,.T.);
#13896 = VERTEX_POINT('',#13897);
#13897 = CARTESIAN_POINT('',(56.454511,-43.517308,-7.5E-02));
#13898 = LINE('',#13899,#13900);
#13899 = CARTESIAN_POINT('',(56.455952,-40.911009,-7.5E-02));
#13900 = VECTOR('',#13901,1.);
#13901 = DIRECTION('',(-5.528911992669E-04,-0.999999847156,0.));
#13902 = ORIENTED_EDGE('',*,*,#13903,.T.);
#13903 = EDGE_CURVE('',#13896,#13904,#13906,.T.);
#13904 = VERTEX_POINT('',#13905);
#13905 = CARTESIAN_POINT('',(56.305952,-43.502676,-7.5E-02));
#13906 = CIRCLE('',#13907,7.500006711464E-02);
#13907 = AXIS2_PLACEMENT_3D('',#13908,#13909,#13910);
#13908 = CARTESIAN_POINT('',(56.380952067115,-43.50267606711,-7.5E-02));
#13909 = DIRECTION('',(-0.,0.,-1.));
#13910 = DIRECTION('',(0.980784894138,-0.195092263891,-0.));
#13911 = ORIENTED_EDGE('',*,*,#13912,.T.);
#13912 = EDGE_CURVE('',#13904,#13913,#13915,.T.);
#13913 = VERTEX_POINT('',#13914);
#13914 = CARTESIAN_POINT('',(56.305952,-40.911009,-7.5E-02));
#13915 = LINE('',#13916,#13917);
#13916 = CARTESIAN_POINT('',(56.305952,-43.502676,-7.5E-02));
#13917 = VECTOR('',#13918,1.);
#13918 = DIRECTION('',(0.,1.,0.));
#13919 = ORIENTED_EDGE('',*,*,#13920,.T.);
#13920 = EDGE_CURVE('',#13913,#13747,#13921,.T.);
#13921 = LINE('',#13922,#13923);
#13922 = CARTESIAN_POINT('',(56.305952,-40.911009,-7.5E-02));
#13923 = VECTOR('',#13924,1.);
#13924 = DIRECTION('',(-0.999997890417,2.054059891567E-03,0.));
#13925 = PLANE('',#13926);
#13926 = AXIS2_PLACEMENT_3D('',#13927,#13928,#13929);
#13927 = CARTESIAN_POINT('',(0.,0.,-7.5E-02));
#13928 = DIRECTION('',(-0.,-0.,-1.));
#13929 = DIRECTION('',(-1.,0.,0.));
#13930 = SHELL_BASED_SURFACE_MODEL('',(#13931));
#13931 = OPEN_SHELL('',(#13932));
#13932 = ADVANCED_FACE('',(#13933),#14195,.T.);
#13933 = FACE_BOUND('',#13934,.T.);
#13934 = EDGE_LOOP('',(#13935,#13946,#13954,#13962,#13970,#13978,#13986,
    #13994,#14002,#14010,#14018,#14026,#14034,#14043,#14051,#14059,
    #14067,#14076,#14084,#14092,#14100,#14108,#14116,#14124,#14132,
    #14140,#14148,#14156,#14164,#14173,#14181,#14189));
#13935 = ORIENTED_EDGE('',*,*,#13936,.T.);
#13936 = EDGE_CURVE('',#13937,#13939,#13941,.T.);
#13937 = VERTEX_POINT('',#13938);
#13938 = CARTESIAN_POINT('',(19.257903,-41.098822,-7.5E-02));
#13939 = VERTEX_POINT('',#13940);
#13940 = CARTESIAN_POINT('',(19.204553,-40.959403,-7.5E-02));
#13941 = CIRCLE('',#13942,7.500005272362E-02);
#13942 = AXIS2_PLACEMENT_3D('',#13943,#13944,#13945);
#13943 = CARTESIAN_POINT('',(19.23809355676,-41.02648532972,-7.5E-02));
#13944 = DIRECTION('',(0.,0.,-1.));
#13945 = DIRECTION('',(0.264125724196,-0.964488259036,0.));
#13946 = ORIENTED_EDGE('',*,*,#13947,.T.);
#13947 = EDGE_CURVE('',#13939,#13948,#13950,.T.);
#13948 = VERTEX_POINT('',#13949);
#13949 = CARTESIAN_POINT('',(19.604415,-40.76245,-7.5E-02));
#13950 = LINE('',#13951,#13952);
#13951 = CARTESIAN_POINT('',(19.204553,-40.959403,-7.5E-02));
#13952 = VECTOR('',#13953,1.);
#13953 = DIRECTION('',(0.897083658163,0.44186073627,0.));
#13954 = ORIENTED_EDGE('',*,*,#13955,.T.);
#13955 = EDGE_CURVE('',#13948,#13956,#13958,.T.);
#13956 = VERTEX_POINT('',#13957);
#13957 = CARTESIAN_POINT('',(20.205107,-40.76245,-7.5E-02));
#13958 = LINE('',#13959,#13960);
#13959 = CARTESIAN_POINT('',(19.604415,-40.76245,-7.5E-02));
#13960 = VECTOR('',#13961,1.);
#13961 = DIRECTION('',(1.,0.,0.));
#13962 = ORIENTED_EDGE('',*,*,#13963,.T.);
#13963 = EDGE_CURVE('',#13956,#13964,#13966,.T.);
#13964 = VERTEX_POINT('',#13965);
#13965 = CARTESIAN_POINT('',(20.617412,-40.967235,-7.5E-02));
#13966 = LINE('',#13967,#13968);
#13967 = CARTESIAN_POINT('',(20.205107,-40.76245,-7.5E-02));
#13968 = VECTOR('',#13969,1.);
#13969 = DIRECTION('',(0.895612231875,-0.444835621456,0.));
#13970 = ORIENTED_EDGE('',*,*,#13971,.T.);
#13971 = EDGE_CURVE('',#13964,#13972,#13974,.T.);
#13972 = VERTEX_POINT('',#13973);
#13973 = CARTESIAN_POINT('',(20.63851,-40.992944,-7.5E-02));
#13974 = LINE('',#13975,#13976);
#13975 = CARTESIAN_POINT('',(20.617412,-40.967235,-7.5E-02));
#13976 = VECTOR('',#13977,1.);
#13977 = DIRECTION('',(0.634378352791,-0.773022706982,0.));
#13978 = ORIENTED_EDGE('',*,*,#13979,.T.);
#13979 = EDGE_CURVE('',#13972,#13980,#13982,.T.);
#13980 = VERTEX_POINT('',#13981);
#13981 = CARTESIAN_POINT('',(20.835463,-41.392806,-7.5E-02));
#13982 = LINE('',#13983,#13984);
#13983 = CARTESIAN_POINT('',(20.63851,-40.992944,-7.5E-02));
#13984 = VECTOR('',#13985,1.);
#13985 = DIRECTION('',(0.44186073627,-0.897083658163,0.));
#13986 = ORIENTED_EDGE('',*,*,#13987,.T.);
#13987 = EDGE_CURVE('',#13980,#13988,#13990,.T.);
#13988 = VERTEX_POINT('',#13989);
#13989 = CARTESIAN_POINT('',(20.834241,-41.617724,-7.5E-02));
#13990 = LINE('',#13991,#13992);
#13991 = CARTESIAN_POINT('',(20.835463,-41.392806,-7.5E-02));
#13992 = VECTOR('',#13993,1.);
#13993 = DIRECTION('',(-5.433010984493E-03,-0.999985241087,0.));
#13994 = ORIENTED_EDGE('',*,*,#13995,.T.);
#13995 = EDGE_CURVE('',#13988,#13996,#13998,.T.);
#13996 = VERTEX_POINT('',#13997);
#13997 = CARTESIAN_POINT('',(20.630678,-42.02485,-7.5E-02));
#13998 = LINE('',#13999,#14000);
#13999 = CARTESIAN_POINT('',(20.834241,-41.617724,-7.5E-02));
#14000 = VECTOR('',#14001,1.);
#14001 = DIRECTION('',(-0.4472135955,-0.894427191,0.));
#14002 = ORIENTED_EDGE('',*,*,#14003,.T.);
#14003 = EDGE_CURVE('',#13996,#14004,#14006,.T.);
#14004 = VERTEX_POINT('',#14005);
#14005 = CARTESIAN_POINT('',(20.604969,-42.045948,-7.5E-02));
#14006 = LINE('',#14007,#14008);
#14007 = CARTESIAN_POINT('',(20.630678,-42.02485,-7.5E-02));
#14008 = VECTOR('',#14009,1.);
#14009 = DIRECTION('',(-0.773022706982,-0.634378352791,0.));
#14010 = ORIENTED_EDGE('',*,*,#14011,.T.);
#14011 = EDGE_CURVE('',#14004,#14012,#14014,.T.);
#14012 = VERTEX_POINT('',#14013);
#14013 = CARTESIAN_POINT('',(20.205107,-42.242901,-7.5E-02));
#14014 = LINE('',#14015,#14016);
#14015 = CARTESIAN_POINT('',(20.604969,-42.045948,-7.5E-02));
#14016 = VECTOR('',#14017,1.);
#14017 = DIRECTION('',(-0.897083658163,-0.44186073627,0.));
#14018 = ORIENTED_EDGE('',*,*,#14019,.T.);
#14019 = EDGE_CURVE('',#14012,#14020,#14022,.T.);
#14020 = VERTEX_POINT('',#14021);
#14021 = CARTESIAN_POINT('',(19.636752,-42.244342,-7.5E-02));
#14022 = LINE('',#14023,#14024);
#14023 = CARTESIAN_POINT('',(20.205107,-42.242901,-7.5E-02));
#14024 = VECTOR('',#14025,1.);
#14025 = DIRECTION('',(-0.999996785921,-2.535379065043E-03,0.));
#14026 = ORIENTED_EDGE('',*,*,#14027,.T.);
#14027 = EDGE_CURVE('',#14020,#14028,#14030,.T.);
#14028 = VERTEX_POINT('',#14029);
#14029 = CARTESIAN_POINT('',(19.293995,-42.41572,-7.5E-02));
#14030 = LINE('',#14031,#14032);
#14031 = CARTESIAN_POINT('',(19.636752,-42.244342,-7.5E-02));
#14032 = VECTOR('',#14033,1.);
#14033 = DIRECTION('',(-0.894427712901,-0.447212551696,0.));
#14034 = ORIENTED_EDGE('',*,*,#14035,.T.);
#14035 = EDGE_CURVE('',#14028,#14036,#14038,.T.);
#14036 = VERTEX_POINT('',#14037);
#14037 = CARTESIAN_POINT('',(19.293995,-43.256298,-7.5E-02));
#14038 = CIRCLE('',#14039,0.5886418773);
#14039 = AXIS2_PLACEMENT_3D('',#14040,#14041,#14042);
#14040 = CARTESIAN_POINT('',(19.706131404836,-42.836009,-7.5E-02));
#14041 = DIRECTION('',(0.,0.,1.));
#14042 = DIRECTION('',(-0.70014795197,0.71399779086,0.));
#14043 = ORIENTED_EDGE('',*,*,#14044,.T.);
#14044 = EDGE_CURVE('',#14036,#14045,#14047,.T.);
#14045 = VERTEX_POINT('',#14046);
#14046 = CARTESIAN_POINT('',(19.636752,-43.427676,-7.5E-02));
#14047 = LINE('',#14048,#14049);
#14048 = CARTESIAN_POINT('',(19.293995,-43.256298,-7.5E-02));
#14049 = VECTOR('',#14050,1.);
#14050 = DIRECTION('',(0.894427712901,-0.447212551696,0.));
#14051 = ORIENTED_EDGE('',*,*,#14052,.T.);
#14052 = EDGE_CURVE('',#14045,#14053,#14055,.T.);
#14053 = VERTEX_POINT('',#14054);
#14054 = CARTESIAN_POINT('',(20.363246,-43.427676,-7.5E-02));
#14055 = LINE('',#14056,#14057);
#14056 = CARTESIAN_POINT('',(19.636752,-43.427676,-7.5E-02));
#14057 = VECTOR('',#14058,1.);
#14058 = DIRECTION('',(1.,0.,0.));
#14059 = ORIENTED_EDGE('',*,*,#14060,.T.);
#14060 = EDGE_CURVE('',#14053,#14061,#14063,.T.);
#14061 = VERTEX_POINT('',#14062);
#14062 = CARTESIAN_POINT('',(20.742095,-43.239863,-7.5E-02));
#14063 = LINE('',#14064,#14065);
#14064 = CARTESIAN_POINT('',(20.363246,-43.427676,-7.5E-02));
#14065 = VECTOR('',#14066,1.);
#14066 = DIRECTION('',(0.89594642011,0.444162146397,0.));
#14067 = ORIENTED_EDGE('',*,*,#14068,.T.);
#14068 = EDGE_CURVE('',#14061,#14069,#14071,.T.);
#14069 = VERTEX_POINT('',#14070);
#14070 = CARTESIAN_POINT('',(20.795445,-43.379282,-7.5E-02));
#14071 = CIRCLE('',#14072,7.500014287771E-02);
#14072 = AXIS2_PLACEMENT_3D('',#14073,#14074,#14075);
#14073 = CARTESIAN_POINT('',(20.761903584232,-43.31219999898,-7.5E-02));
#14074 = DIRECTION('',(0.,0.,-1.));
#14075 = DIRECTION('',(-0.264113953278,0.964491482432,-0.));
#14076 = ORIENTED_EDGE('',*,*,#14077,.T.);
#14077 = EDGE_CURVE('',#14069,#14078,#14080,.T.);
#14078 = VERTEX_POINT('',#14079);
#14079 = CARTESIAN_POINT('',(20.395583,-43.576235,-7.5E-02));
#14080 = LINE('',#14081,#14082);
#14081 = CARTESIAN_POINT('',(20.795445,-43.379282,-7.5E-02));
#14082 = VECTOR('',#14083,1.);
#14083 = DIRECTION('',(-0.897083658163,-0.44186073627,0.));
#14084 = ORIENTED_EDGE('',*,*,#14085,.T.);
#14085 = EDGE_CURVE('',#14078,#14086,#14088,.T.);
#14086 = VERTEX_POINT('',#14087);
#14087 = CARTESIAN_POINT('',(19.599238,-43.575013,-7.5E-02));
#14088 = LINE('',#14089,#14090);
#14089 = CARTESIAN_POINT('',(20.395583,-43.576235,-7.5E-02));
#14090 = VECTOR('',#14091,1.);
#14091 = DIRECTION('',(-0.99999882264,1.534508989527E-03,0.));
#14092 = ORIENTED_EDGE('',*,*,#14093,.T.);
#14093 = EDGE_CURVE('',#14086,#14094,#14096,.T.);
#14094 = VERTEX_POINT('',#14095);
#14095 = CARTESIAN_POINT('',(19.19211,-43.37145,-7.5E-02));
#14096 = LINE('',#14097,#14098);
#14097 = CARTESIAN_POINT('',(19.599238,-43.575013,-7.5E-02));
#14098 = VECTOR('',#14099,1.);
#14099 = DIRECTION('',(-0.894428069767,0.447211837962,0.));
#14100 = ORIENTED_EDGE('',*,*,#14101,.T.);
#14101 = EDGE_CURVE('',#14094,#14102,#14104,.T.);
#14102 = VERTEX_POINT('',#14103);
#14103 = CARTESIAN_POINT('',(19.171012,-43.345741,-7.5E-02));
#14104 = LINE('',#14105,#14106);
#14105 = CARTESIAN_POINT('',(19.19211,-43.37145,-7.5E-02));
#14106 = VECTOR('',#14107,1.);
#14107 = DIRECTION('',(-0.634378352791,0.773022706982,0.));
#14108 = ORIENTED_EDGE('',*,*,#14109,.T.);
#14109 = EDGE_CURVE('',#14102,#14110,#14112,.T.);
#14110 = VERTEX_POINT('',#14111);
#14111 = CARTESIAN_POINT('',(18.974059,-42.945879,-7.5E-02));
#14112 = LINE('',#14113,#14114);
#14113 = CARTESIAN_POINT('',(19.171012,-43.345741,-7.5E-02));
#14114 = VECTOR('',#14115,1.);
#14115 = DIRECTION('',(-0.44186073627,0.897083658163,0.));
#14116 = ORIENTED_EDGE('',*,*,#14117,.T.);
#14117 = EDGE_CURVE('',#14110,#14118,#14120,.T.);
#14118 = VERTEX_POINT('',#14119);
#14119 = CARTESIAN_POINT('',(18.975281,-42.720962,-7.5E-02));
#14120 = LINE('',#14121,#14122);
#14121 = CARTESIAN_POINT('',(18.974059,-42.945879,-7.5E-02));
#14122 = VECTOR('',#14123,1.);
#14123 = DIRECTION('',(5.433035139391E-03,0.999985240956,0.));
#14124 = ORIENTED_EDGE('',*,*,#14125,.T.);
#14125 = EDGE_CURVE('',#14118,#14126,#14128,.T.);
#14126 = VERTEX_POINT('',#14127);
#14127 = CARTESIAN_POINT('',(19.178844,-42.313835,-7.5E-02));
#14128 = LINE('',#14129,#14130);
#14129 = CARTESIAN_POINT('',(18.975281,-42.720962,-7.5E-02));
#14130 = VECTOR('',#14131,1.);
#14131 = DIRECTION('',(0.44721271673,0.894427630385,0.));
#14132 = ORIENTED_EDGE('',*,*,#14133,.T.);
#14133 = EDGE_CURVE('',#14126,#14134,#14136,.T.);
#14134 = VERTEX_POINT('',#14135);
#14135 = CARTESIAN_POINT('',(19.204553,-42.292737,-7.5E-02));
#14136 = LINE('',#14137,#14138);
#14137 = CARTESIAN_POINT('',(19.178844,-42.313835,-7.5E-02));
#14138 = VECTOR('',#14139,1.);
#14139 = DIRECTION('',(0.773022706982,0.634378352791,0.));
#14140 = ORIENTED_EDGE('',*,*,#14141,.T.);
#14141 = EDGE_CURVE('',#14134,#14142,#14144,.T.);
#14142 = VERTEX_POINT('',#14143);
#14143 = CARTESIAN_POINT('',(19.604415,-42.095783,-7.5E-02));
#14144 = LINE('',#14145,#14146);
#14145 = CARTESIAN_POINT('',(19.204553,-42.292737,-7.5E-02));
#14146 = VECTOR('',#14147,1.);
#14147 = DIRECTION('',(0.897082768877,0.44186254173,0.));
#14148 = ORIENTED_EDGE('',*,*,#14149,.T.);
#14149 = EDGE_CURVE('',#14142,#14150,#14152,.T.);
#14150 = VERTEX_POINT('',#14151);
#14151 = CARTESIAN_POINT('',(20.17277,-42.094342,-7.5E-02));
#14152 = LINE('',#14153,#14154);
#14153 = CARTESIAN_POINT('',(19.604415,-42.095783,-7.5E-02));
#14154 = VECTOR('',#14155,1.);
#14155 = DIRECTION('',(0.999996785921,2.535379065043E-03,0.));
#14156 = ORIENTED_EDGE('',*,*,#14157,.T.);
#14157 = EDGE_CURVE('',#14150,#14158,#14160,.T.);
#14158 = VERTEX_POINT('',#14159);
#14159 = CARTESIAN_POINT('',(20.515526,-41.922964,-7.5E-02));
#14160 = LINE('',#14161,#14162);
#14161 = CARTESIAN_POINT('',(20.17277,-42.094342,-7.5E-02));
#14162 = VECTOR('',#14163,1.);
#14163 = DIRECTION('',(0.894427191,0.4472135955,0.));
#14164 = ORIENTED_EDGE('',*,*,#14165,.T.);
#14165 = EDGE_CURVE('',#14158,#14166,#14168,.T.);
#14166 = VERTEX_POINT('',#14167);
#14167 = CARTESIAN_POINT('',(20.515526,-41.082386,-7.5E-02));
#14168 = CIRCLE('',#14169,0.588639176663);
#14169 = AXIS2_PLACEMENT_3D('',#14170,#14171,#14172);
#14170 = CARTESIAN_POINT('',(20.103393452412,-41.502675,-7.5E-02));
#14171 = DIRECTION('',(0.,-0.,1.));
#14172 = DIRECTION('',(0.70014461138,-0.714001066634,-0.));
#14173 = ORIENTED_EDGE('',*,*,#14174,.T.);
#14174 = EDGE_CURVE('',#14166,#14175,#14177,.T.);
#14175 = VERTEX_POINT('',#14176);
#14176 = CARTESIAN_POINT('',(20.17277,-40.911009,-7.5E-02));
#14177 = LINE('',#14178,#14179);
#14178 = CARTESIAN_POINT('',(20.515526,-41.082386,-7.5E-02));
#14179 = VECTOR('',#14180,1.);
#14180 = DIRECTION('',(-0.894428234805,0.447211507884,0.));
#14181 = ORIENTED_EDGE('',*,*,#14182,.T.);
#14182 = EDGE_CURVE('',#14175,#14183,#14185,.T.);
#14183 = VERTEX_POINT('',#14184);
#14184 = CARTESIAN_POINT('',(19.636752,-40.911009,-7.5E-02));
#14185 = LINE('',#14186,#14187);
#14186 = CARTESIAN_POINT('',(20.17277,-40.911009,-7.5E-02));
#14187 = VECTOR('',#14188,1.);
#14188 = DIRECTION('',(-1.,0.,0.));
#14189 = ORIENTED_EDGE('',*,*,#14190,.T.);
#14190 = EDGE_CURVE('',#14183,#13937,#14191,.T.);
#14191 = LINE('',#14192,#14193);
#14192 = CARTESIAN_POINT('',(19.636752,-40.911009,-7.5E-02));
#14193 = VECTOR('',#14194,1.);
#14194 = DIRECTION('',(-0.89594642011,-0.444162146397,0.));
#14195 = PLANE('',#14196);
#14196 = AXIS2_PLACEMENT_3D('',#14197,#14198,#14199);
#14197 = CARTESIAN_POINT('',(0.,0.,-7.5E-02));
#14198 = DIRECTION('',(-0.,-0.,-1.));
#14199 = DIRECTION('',(-1.,0.,0.));
#14200 = SHELL_BASED_SURFACE_MODEL('',(#14201));
#14201 = OPEN_SHELL('',(#14202));
#14202 = ADVANCED_FACE('',(#14203,#14400),#14467,.T.);
#14203 = FACE_BOUND('',#14204,.T.);
#14204 = EDGE_LOOP('',(#14205,#14216,#14224,#14233,#14241,#14249,#14257,
    #14265,#14273,#14281,#14289,#14297,#14305,#14313,#14321,#14329,
    #14337,#14345,#14353,#14361,#14369,#14378,#14386,#14394));
#14205 = ORIENTED_EDGE('',*,*,#14206,.T.);
#14206 = EDGE_CURVE('',#14207,#14209,#14211,.T.);
#14207 = VERTEX_POINT('',#14208);
#14208 = CARTESIAN_POINT('',(24.728363,-40.959403,-7.5E-02));
#14209 = VERTEX_POINT('',#14210);
#14210 = CARTESIAN_POINT('',(26.331698,-40.967235,-7.5E-02));
#14211 = CIRCLE('',#14212,1.370404841458);
#14212 = AXIS2_PLACEMENT_3D('',#14213,#14214,#14215);
#14213 = CARTESIAN_POINT('',(25.524601328718,-42.07475673463,-7.5E-02));
#14214 = DIRECTION('',(0.,0.,-1.));
#14215 = DIRECTION('',(-0.581024164998,0.813886306365,0.));
#14216 = ORIENTED_EDGE('',*,*,#14217,.T.);
#14217 = EDGE_CURVE('',#14209,#14218,#14220,.T.);
#14218 = VERTEX_POINT('',#14219);
#14219 = CARTESIAN_POINT('',(26.350871,-40.989343,-7.5E-02));
#14220 = LINE('',#14221,#14222);
#14221 = CARTESIAN_POINT('',(26.331698,-40.967235,-7.5E-02));
#14222 = VECTOR('',#14223,1.);
#14223 = DIRECTION('',(0.655178986934,-0.755473689205,0.));
#14224 = ORIENTED_EDGE('',*,*,#14225,.T.);
#14225 = EDGE_CURVE('',#14218,#14226,#14228,.T.);
#14226 = VERTEX_POINT('',#14227);
#14227 = CARTESIAN_POINT('',(26.252173,-41.093567,-7.5E-02));
#14228 = CIRCLE('',#14229,7.499986582493E-02);
#14229 = AXIS2_PLACEMENT_3D('',#14230,#14231,#14232);
#14230 = CARTESIAN_POINT('',(26.2857138973,-41.0264850495,-7.5E-02));
#14231 = DIRECTION('',(0.,0.,-1.));
#14232 = DIRECTION('',(0.868762923549,0.495228212713,0.));
#14233 = ORIENTED_EDGE('',*,*,#14234,.T.);
#14234 = EDGE_CURVE('',#14226,#14235,#14237,.T.);
#14235 = VERTEX_POINT('',#14236);
#14236 = CARTESIAN_POINT('',(25.887056,-40.911009,-7.5E-02));
#14237 = LINE('',#14238,#14239);
#14238 = CARTESIAN_POINT('',(26.252173,-41.093567,-7.5E-02));
#14239 = VECTOR('',#14240,1.);
#14240 = DIRECTION('',(-0.89442768094,0.447212615619,0.));
#14241 = ORIENTED_EDGE('',*,*,#14242,.T.);
#14242 = EDGE_CURVE('',#14235,#14243,#14245,.T.);
#14243 = VERTEX_POINT('',#14244);
#14244 = CARTESIAN_POINT('',(25.160561,-40.911009,-7.5E-02));
#14245 = LINE('',#14246,#14247);
#14246 = CARTESIAN_POINT('',(25.887056,-40.911009,-7.5E-02));
#14247 = VECTOR('',#14248,1.);
#14248 = DIRECTION('',(-1.,0.,0.));
#14249 = ORIENTED_EDGE('',*,*,#14250,.T.);
#14250 = EDGE_CURVE('',#14243,#14251,#14253,.T.);
#14251 = VERTEX_POINT('',#14252);
#14252 = CARTESIAN_POINT('',(24.817805,-41.082386,-7.5E-02));
#14253 = LINE('',#14254,#14255);
#14254 = CARTESIAN_POINT('',(25.160561,-40.911009,-7.5E-02));
#14255 = VECTOR('',#14256,1.);
#14256 = DIRECTION('',(-0.894428234805,-0.447211507884,0.));
#14257 = ORIENTED_EDGE('',*,*,#14258,.T.);
#14258 = EDGE_CURVE('',#14251,#14259,#14261,.T.);
#14259 = VERTEX_POINT('',#14260);
#14260 = CARTESIAN_POINT('',(24.646428,-41.425142,-7.5E-02));
#14261 = LINE('',#14262,#14263);
#14262 = CARTESIAN_POINT('',(24.817805,-41.082386,-7.5E-02));
#14263 = VECTOR('',#14264,1.);
#14264 = DIRECTION('',(-0.447211507884,-0.894428234805,0.));
#14265 = ORIENTED_EDGE('',*,*,#14266,.T.);
#14266 = EDGE_CURVE('',#14259,#14267,#14269,.T.);
#14267 = VERTEX_POINT('',#14268);
#14268 = CARTESIAN_POINT('',(24.646428,-41.742037,-7.5E-02));
#14269 = LINE('',#14270,#14271);
#14270 = CARTESIAN_POINT('',(24.646428,-41.425142,-7.5E-02));
#14271 = VECTOR('',#14272,1.);
#14272 = DIRECTION('',(0.,-1.,0.));
#14273 = ORIENTED_EDGE('',*,*,#14274,.T.);
#14274 = EDGE_CURVE('',#14267,#14275,#14277,.T.);
#14275 = VERTEX_POINT('',#14276);
#14276 = CARTESIAN_POINT('',(24.970085,-41.903866,-7.5E-02));
#14277 = LINE('',#14278,#14279);
#14278 = CARTESIAN_POINT('',(24.646428,-41.742037,-7.5E-02));
#14279 = VECTOR('',#14280,1.);
#14280 = DIRECTION('',(0.894426638299,-0.4472147009,0.));
#14281 = ORIENTED_EDGE('',*,*,#14282,.T.);
#14282 = EDGE_CURVE('',#14275,#14283,#14285,.T.);
#14283 = VERTEX_POINT('',#14284);
#14284 = CARTESIAN_POINT('',(25.92457,-41.906529,-7.5E-02));
#14285 = LINE('',#14286,#14287);
#14286 = CARTESIAN_POINT('',(24.970085,-41.903866,-7.5E-02));
#14287 = VECTOR('',#14288,1.);
#14288 = DIRECTION('',(0.999996108011,-2.78997536434E-03,0.));
#14289 = ORIENTED_EDGE('',*,*,#14290,.T.);
#14290 = EDGE_CURVE('',#14283,#14291,#14293,.T.);
#14291 = VERTEX_POINT('',#14292);
#14292 = CARTESIAN_POINT('',(26.331698,-42.110092,-7.5E-02));
#14293 = LINE('',#14294,#14295);
#14294 = CARTESIAN_POINT('',(25.92457,-41.906529,-7.5E-02));
#14295 = VECTOR('',#14296,1.);
#14296 = DIRECTION('',(0.894428069767,-0.447211837962,0.));
#14297 = ORIENTED_EDGE('',*,*,#14298,.T.);
#14298 = EDGE_CURVE('',#14291,#14299,#14301,.T.);
#14299 = VERTEX_POINT('',#14300);
#14300 = CARTESIAN_POINT('',(26.352796,-42.135801,-7.5E-02));
#14301 = LINE('',#14302,#14303);
#14302 = CARTESIAN_POINT('',(26.331698,-42.110092,-7.5E-02));
#14303 = VECTOR('',#14304,1.);
#14304 = DIRECTION('',(0.634378352791,-0.773022706982,0.));
#14305 = ORIENTED_EDGE('',*,*,#14306,.T.);
#14306 = EDGE_CURVE('',#14299,#14307,#14309,.T.);
#14307 = VERTEX_POINT('',#14308);
#14308 = CARTESIAN_POINT('',(26.549749,-42.535663,-7.5E-02));
#14309 = LINE('',#14310,#14311);
#14310 = CARTESIAN_POINT('',(26.352796,-42.135801,-7.5E-02));
#14311 = VECTOR('',#14312,1.);
#14312 = DIRECTION('',(0.44186073627,-0.897083658163,0.));
#14313 = ORIENTED_EDGE('',*,*,#14314,.T.);
#14314 = EDGE_CURVE('',#14307,#14315,#14317,.T.);
#14315 = VERTEX_POINT('',#14316);
#14316 = CARTESIAN_POINT('',(26.548527,-42.951056,-7.5E-02));
#14317 = LINE('',#14318,#14319);
#14318 = CARTESIAN_POINT('',(26.549749,-42.535663,-7.5E-02));
#14319 = VECTOR('',#14320,1.);
#14320 = DIRECTION('',(-2.941779741959E-03,-0.999995672957,0.));
#14321 = ORIENTED_EDGE('',*,*,#14322,.T.);
#14322 = EDGE_CURVE('',#14315,#14323,#14325,.T.);
#14323 = VERTEX_POINT('',#14324);
#14324 = CARTESIAN_POINT('',(26.344964,-43.358184,-7.5E-02));
#14325 = LINE('',#14326,#14327);
#14326 = CARTESIAN_POINT('',(26.548527,-42.951056,-7.5E-02));
#14327 = VECTOR('',#14328,1.);
#14328 = DIRECTION('',(-0.447211837962,-0.894428069767,0.));
#14329 = ORIENTED_EDGE('',*,*,#14330,.T.);
#14330 = EDGE_CURVE('',#14323,#14331,#14333,.T.);
#14331 = VERTEX_POINT('',#14332);
#14332 = CARTESIAN_POINT('',(26.319255,-43.379282,-7.5E-02));
#14333 = LINE('',#14334,#14335);
#14334 = CARTESIAN_POINT('',(26.344964,-43.358184,-7.5E-02));
#14335 = VECTOR('',#14336,1.);
#14336 = DIRECTION('',(-0.773022706982,-0.634378352791,0.));
#14337 = ORIENTED_EDGE('',*,*,#14338,.T.);
#14338 = EDGE_CURVE('',#14331,#14339,#14341,.T.);
#14339 = VERTEX_POINT('',#14340);
#14340 = CARTESIAN_POINT('',(25.919393,-43.576235,-7.5E-02));
#14341 = LINE('',#14342,#14343);
#14342 = CARTESIAN_POINT('',(26.319255,-43.379282,-7.5E-02));
#14343 = VECTOR('',#14344,1.);
#14344 = DIRECTION('',(-0.897083658163,-0.44186073627,0.));
#14345 = ORIENTED_EDGE('',*,*,#14346,.T.);
#14346 = EDGE_CURVE('',#14339,#14347,#14349,.T.);
#14347 = VERTEX_POINT('',#14348);
#14348 = CARTESIAN_POINT('',(24.93257,-43.575013,-7.5E-02));
#14349 = LINE('',#14350,#14351);
#14350 = CARTESIAN_POINT('',(25.919393,-43.576235,-7.5E-02));
#14351 = VECTOR('',#14352,1.);
#14352 = DIRECTION('',(-0.999999233286,1.23831635772E-03,0.));
#14353 = ORIENTED_EDGE('',*,*,#14354,.T.);
#14354 = EDGE_CURVE('',#14347,#14355,#14357,.T.);
#14355 = VERTEX_POINT('',#14356);
#14356 = CARTESIAN_POINT('',(24.646428,-43.433552,-7.5E-02));
#14357 = LINE('',#14358,#14359);
#14358 = CARTESIAN_POINT('',(24.93257,-43.575013,-7.5E-02));
#14359 = VECTOR('',#14360,1.);
#14360 = DIRECTION('',(-0.896435634715,0.443173953221,0.));
#14361 = ORIENTED_EDGE('',*,*,#14362,.T.);
#14362 = EDGE_CURVE('',#14355,#14363,#14365,.T.);
#14363 = VERTEX_POINT('',#14364);
#14364 = CARTESIAN_POINT('',(24.644987,-43.517308,-7.5E-02));
#14365 = LINE('',#14366,#14367);
#14366 = CARTESIAN_POINT('',(24.646428,-43.433552,-7.5E-02));
#14367 = VECTOR('',#14368,1.);
#14368 = DIRECTION('',(-1.720219180926E-02,-0.999852031351,0.));
#14369 = ORIENTED_EDGE('',*,*,#14370,.T.);
#14370 = EDGE_CURVE('',#14363,#14371,#14373,.T.);
#14371 = VERTEX_POINT('',#14372);
#14372 = CARTESIAN_POINT('',(24.496428,-43.502676,-7.5E-02));
#14373 = CIRCLE('',#14374,7.500006711464E-02);
#14374 = AXIS2_PLACEMENT_3D('',#14375,#14376,#14377);
#14375 = CARTESIAN_POINT('',(24.571428067115,-43.50267606711,-7.5E-02));
#14376 = DIRECTION('',(-0.,0.,-1.));
#14377 = DIRECTION('',(0.980784894138,-0.195092263891,-0.));
#14378 = ORIENTED_EDGE('',*,*,#14379,.T.);
#14379 = EDGE_CURVE('',#14371,#14380,#14382,.T.);
#14380 = VERTEX_POINT('',#14381);
#14381 = CARTESIAN_POINT('',(24.499091,-41.387629,-7.5E-02));
#14382 = LINE('',#14383,#14384);
#14383 = CARTESIAN_POINT('',(24.496428,-43.502676,-7.5E-02));
#14384 = VECTOR('',#14385,1.);
#14385 = DIRECTION('',(1.259072677448E-03,0.999999207368,0.));
#14386 = ORIENTED_EDGE('',*,*,#14387,.T.);
#14387 = EDGE_CURVE('',#14380,#14388,#14390,.T.);
#14388 = VERTEX_POINT('',#14389);
#14389 = CARTESIAN_POINT('',(24.702654,-40.980501,-7.5E-02));
#14390 = LINE('',#14391,#14392);
#14391 = CARTESIAN_POINT('',(24.499091,-41.387629,-7.5E-02));
#14392 = VECTOR('',#14393,1.);
#14393 = DIRECTION('',(0.447211837962,0.894428069767,0.));
#14394 = ORIENTED_EDGE('',*,*,#14395,.T.);
#14395 = EDGE_CURVE('',#14388,#14207,#14396,.T.);
#14396 = LINE('',#14397,#14398);
#14397 = CARTESIAN_POINT('',(24.702654,-40.980501,-7.5E-02));
#14398 = VECTOR('',#14399,1.);
#14399 = DIRECTION('',(0.773022706982,0.634378352791,0.));
#14400 = FACE_BOUND('',#14401,.T.);
#14401 = EDGE_LOOP('',(#14402,#14412,#14420,#14428,#14436,#14444,#14452,
    #14461));
#14402 = ORIENTED_EDGE('',*,*,#14403,.T.);
#14403 = EDGE_CURVE('',#14404,#14406,#14408,.T.);
#14404 = VERTEX_POINT('',#14405);
#14405 = CARTESIAN_POINT('',(25.887056,-42.053866,-7.5E-02));
#14406 = VERTEX_POINT('',#14407);
#14407 = CARTESIAN_POINT('',(24.93257,-42.051203,-7.5E-02));
#14408 = LINE('',#14409,#14410);
#14409 = CARTESIAN_POINT('',(25.887056,-42.053866,-7.5E-02));
#14410 = VECTOR('',#14411,1.);
#14411 = DIRECTION('',(-0.999996108019,2.789972441349E-03,0.));
#14412 = ORIENTED_EDGE('',*,*,#14413,.T.);
#14413 = EDGE_CURVE('',#14406,#14414,#14416,.T.);
#14414 = VERTEX_POINT('',#14415);
#14415 = CARTESIAN_POINT('',(24.646428,-41.909742,-7.5E-02));
#14416 = LINE('',#14417,#14418);
#14417 = CARTESIAN_POINT('',(24.93257,-42.051203,-7.5E-02));
#14418 = VECTOR('',#14419,1.);
#14419 = DIRECTION('',(-0.896435634715,0.443173953221,0.));
#14420 = ORIENTED_EDGE('',*,*,#14421,.T.);
#14421 = EDGE_CURVE('',#14414,#14422,#14424,.T.);
#14422 = VERTEX_POINT('',#14423);
#14423 = CARTESIAN_POINT('',(24.646428,-43.265847,-7.5E-02));
#14424 = LINE('',#14425,#14426);
#14425 = CARTESIAN_POINT('',(24.646428,-41.909742,-7.5E-02));
#14426 = VECTOR('',#14427,1.);
#14427 = DIRECTION('',(0.,-1.,0.));
#14428 = ORIENTED_EDGE('',*,*,#14429,.T.);
#14429 = EDGE_CURVE('',#14422,#14430,#14432,.T.);
#14430 = VERTEX_POINT('',#14431);
#14431 = CARTESIAN_POINT('',(24.970085,-43.427676,-7.5E-02));
#14432 = LINE('',#14433,#14434);
#14433 = CARTESIAN_POINT('',(24.646428,-43.265847,-7.5E-02));
#14434 = VECTOR('',#14435,1.);
#14435 = DIRECTION('',(0.894426638299,-0.4472147009,0.));
#14436 = ORIENTED_EDGE('',*,*,#14437,.T.);
#14437 = EDGE_CURVE('',#14430,#14438,#14440,.T.);
#14438 = VERTEX_POINT('',#14439);
#14439 = CARTESIAN_POINT('',(25.887056,-43.427676,-7.5E-02));
#14440 = LINE('',#14441,#14442);
#14441 = CARTESIAN_POINT('',(24.970085,-43.427676,-7.5E-02));
#14442 = VECTOR('',#14443,1.);
#14443 = DIRECTION('',(1.,0.,0.));
#14444 = ORIENTED_EDGE('',*,*,#14445,.T.);
#14445 = EDGE_CURVE('',#14438,#14446,#14448,.T.);
#14446 = VERTEX_POINT('',#14447);
#14447 = CARTESIAN_POINT('',(26.229812,-43.256298,-7.5E-02));
#14448 = LINE('',#14449,#14450);
#14449 = CARTESIAN_POINT('',(25.887056,-43.427676,-7.5E-02));
#14450 = VECTOR('',#14451,1.);
#14451 = DIRECTION('',(0.894427191,0.4472135955,0.));
#14452 = ORIENTED_EDGE('',*,*,#14453,.T.);
#14453 = EDGE_CURVE('',#14446,#14454,#14456,.T.);
#14454 = VERTEX_POINT('',#14455);
#14455 = CARTESIAN_POINT('',(26.229812,-42.225243,-7.5E-02));
#14456 = CIRCLE('',#14457,0.793036831021);
#14457 = AXIS2_PLACEMENT_3D('',#14458,#14459,#14460);
#14458 = CARTESIAN_POINT('',(25.627202,-42.7407705,-7.5E-02));
#14459 = DIRECTION('',(0.,-0.,1.));
#14460 = DIRECTION('',(0.759876435025,-0.65006753764,-0.));
#14461 = ORIENTED_EDGE('',*,*,#14462,.T.);
#14462 = EDGE_CURVE('',#14454,#14404,#14463,.T.);
#14463 = LINE('',#14464,#14465);
#14464 = CARTESIAN_POINT('',(26.229812,-42.225243,-7.5E-02));
#14465 = VECTOR('',#14466,1.);
#14466 = DIRECTION('',(-0.894428234805,0.447211507884,0.));
#14467 = PLANE('',#14468);
#14468 = AXIS2_PLACEMENT_3D('',#14469,#14470,#14471);
#14469 = CARTESIAN_POINT('',(0.,0.,-7.5E-02));
#14470 = DIRECTION('',(-0.,-0.,-1.));
#14471 = DIRECTION('',(-1.,0.,0.));
#14472 = SHELL_BASED_SURFACE_MODEL('',(#14473));
#14473 = OPEN_SHELL('',(#14474));
#14474 = ADVANCED_FACE('',(#14475,#14623),#14691,.T.);
#14475 = FACE_BOUND('',#14476,.T.);
#14476 = EDGE_LOOP('',(#14477,#14488,#14496,#14504,#14512,#14520,#14528,
    #14536,#14544,#14552,#14560,#14568,#14576,#14584,#14592,#14601,
    #14609,#14617));
#14477 = ORIENTED_EDGE('',*,*,#14478,.T.);
#14478 = EDGE_CURVE('',#14479,#14481,#14483,.T.);
#14479 = VERTEX_POINT('',#14480);
#14480 = CARTESIAN_POINT('',(28.148808,-39.440316,-7.5E-02));
#14481 = VERTEX_POINT('',#14482);
#14482 = CARTESIAN_POINT('',(28.265476,-39.502676,-7.5E-02));
#14483 = CIRCLE('',#14484,7.500000000003E-02);
#14484 = AXIS2_PLACEMENT_3D('',#14485,#14486,#14487);
#14485 = CARTESIAN_POINT('',(28.190476,-39.50267606555,-7.5E-02));
#14486 = DIRECTION('',(0.,0.,-1.));
#14487 = DIRECTION('',(-0.555573333333,0.831467540731,0.));
#14488 = ORIENTED_EDGE('',*,*,#14489,.T.);
#14489 = EDGE_CURVE('',#14481,#14490,#14492,.T.);
#14490 = VERTEX_POINT('',#14491);
#14491 = CARTESIAN_POINT('',(28.265476,-40.905132,-7.5E-02));
#14492 = LINE('',#14493,#14494);
#14493 = CARTESIAN_POINT('',(28.265476,-39.502676,-7.5E-02));
#14494 = VECTOR('',#14495,1.);
#14495 = DIRECTION('',(0.,-1.,0.));
#14496 = ORIENTED_EDGE('',*,*,#14497,.T.);
#14497 = EDGE_CURVE('',#14490,#14498,#14500,.T.);
#14498 = VERTEX_POINT('',#14499);
#14499 = CARTESIAN_POINT('',(28.556796,-40.76245,-7.5E-02));
#14500 = LINE('',#14501,#14502);
#14501 = CARTESIAN_POINT('',(28.265476,-40.905132,-7.5E-02));
#14502 = VECTOR('',#14503,1.);
#14503 = DIRECTION('',(0.898069219271,0.439854154689,0.));
#14504 = ORIENTED_EDGE('',*,*,#14505,.T.);
#14505 = EDGE_CURVE('',#14498,#14506,#14508,.T.);
#14506 = VERTEX_POINT('',#14507);
#14507 = CARTESIAN_POINT('',(29.353142,-40.763672,-7.5E-02));
#14508 = LINE('',#14509,#14510);
#14509 = CARTESIAN_POINT('',(28.556796,-40.76245,-7.5E-02));
#14510 = VECTOR('',#14511,1.);
#14511 = DIRECTION('',(0.999998822643,-1.534507062594E-03,0.));
#14512 = ORIENTED_EDGE('',*,*,#14513,.T.);
#14513 = EDGE_CURVE('',#14506,#14514,#14516,.T.);
#14514 = VERTEX_POINT('',#14515);
#14515 = CARTESIAN_POINT('',(29.761567,-40.968731,-7.5E-02));
#14516 = LINE('',#14517,#14518);
#14517 = CARTESIAN_POINT('',(29.353142,-40.763672,-7.5E-02));
#14518 = VECTOR('',#14519,1.);
#14519 = DIRECTION('',(0.893685064333,-0.44869478021,0.));
#14520 = ORIENTED_EDGE('',*,*,#14521,.T.);
#14521 = EDGE_CURVE('',#14514,#14522,#14524,.T.);
#14522 = VERTEX_POINT('',#14523);
#14523 = CARTESIAN_POINT('',(29.967879,-41.17712,-7.5E-02));
#14524 = LINE('',#14525,#14526);
#14525 = CARTESIAN_POINT('',(29.761567,-40.968731,-7.5E-02));
#14526 = VECTOR('',#14527,1.);
#14527 = DIRECTION('',(0.703556463883,-0.710639361511,0.));
#14528 = ORIENTED_EDGE('',*,*,#14529,.T.);
#14529 = EDGE_CURVE('',#14522,#14530,#14532,.T.);
#14530 = VERTEX_POINT('',#14531);
#14531 = CARTESIAN_POINT('',(30.168797,-41.583282,-7.5E-02));
#14532 = LINE('',#14533,#14534);
#14533 = CARTESIAN_POINT('',(29.967879,-41.17712,-7.5E-02));
#14534 = VECTOR('',#14535,1.);
#14535 = DIRECTION('',(0.443390829905,-0.896328383996,0.));
#14536 = ORIENTED_EDGE('',*,*,#14537,.T.);
#14537 = EDGE_CURVE('',#14530,#14538,#14540,.T.);
#14538 = VERTEX_POINT('',#14539);
#14539 = CARTESIAN_POINT('',(30.167575,-42.760581,-7.5E-02));
#14540 = LINE('',#14541,#14542);
#14541 = CARTESIAN_POINT('',(30.168797,-41.583282,-7.5E-02));
#14542 = VECTOR('',#14543,1.);
#14543 = DIRECTION('',(-1.037968554907E-03,-0.99999946131,0.));
#14544 = ORIENTED_EDGE('',*,*,#14545,.T.);
#14545 = EDGE_CURVE('',#14538,#14546,#14548,.T.);
#14546 = VERTEX_POINT('',#14547);
#14547 = CARTESIAN_POINT('',(29.962513,-43.169006,-7.5E-02));
#14548 = LINE('',#14549,#14550);
#14549 = CARTESIAN_POINT('',(30.167575,-42.760581,-7.5E-02));
#14550 = VECTOR('',#14551,1.);
#14551 = DIRECTION('',(-0.448700022976,-0.893682432065,0.));
#14552 = ORIENTED_EDGE('',*,*,#14553,.T.);
#14553 = EDGE_CURVE('',#14546,#14554,#14556,.T.);
#14554 = VERTEX_POINT('',#14555);
#14555 = CARTESIAN_POINT('',(29.754125,-43.375317,-7.5E-02));
#14556 = LINE('',#14557,#14558);
#14557 = CARTESIAN_POINT('',(29.962513,-43.169006,-7.5E-02));
#14558 = VECTOR('',#14559,1.);
#14559 = DIRECTION('',(-0.710639378505,-0.703556446718,0.));
#14560 = ORIENTED_EDGE('',*,*,#14561,.T.);
#14561 = EDGE_CURVE('',#14554,#14562,#14564,.T.);
#14562 = VERTEX_POINT('',#14563);
#14563 = CARTESIAN_POINT('',(29.347965,-43.576235,-7.5E-02));
#14564 = LINE('',#14565,#14566);
#14565 = CARTESIAN_POINT('',(29.754125,-43.375317,-7.5E-02));
#14566 = VECTOR('',#14567,1.);
#14567 = DIRECTION('',(-0.896327516287,-0.443392584,0.));
#14568 = ORIENTED_EDGE('',*,*,#14569,.T.);
#14569 = EDGE_CURVE('',#14562,#14570,#14572,.T.);
#14570 = VERTEX_POINT('',#14571);
#14571 = CARTESIAN_POINT('',(28.551618,-43.575013,-7.5E-02));
#14572 = LINE('',#14573,#14574);
#14573 = CARTESIAN_POINT('',(29.347965,-43.576235,-7.5E-02));
#14574 = VECTOR('',#14575,1.);
#14575 = DIRECTION('',(-0.999998822646,1.534505135666E-03,0.));
#14576 = ORIENTED_EDGE('',*,*,#14577,.T.);
#14577 = EDGE_CURVE('',#14570,#14578,#14580,.T.);
#14578 = VERTEX_POINT('',#14579);
#14579 = CARTESIAN_POINT('',(28.265476,-43.433552,-7.5E-02));
#14580 = LINE('',#14581,#14582);
#14581 = CARTESIAN_POINT('',(28.551618,-43.575013,-7.5E-02));
#14582 = VECTOR('',#14583,1.);
#14583 = DIRECTION('',(-0.896435634715,0.44317395322,0.));
#14584 = ORIENTED_EDGE('',*,*,#14585,.T.);
#14585 = EDGE_CURVE('',#14578,#14586,#14588,.T.);
#14586 = VERTEX_POINT('',#14587);
#14587 = CARTESIAN_POINT('',(28.264035,-43.517308,-7.5E-02));
#14588 = LINE('',#14589,#14590);
#14589 = CARTESIAN_POINT('',(28.265476,-43.433552,-7.5E-02));
#14590 = VECTOR('',#14591,1.);
#14591 = DIRECTION('',(-1.720219180926E-02,-0.999852031351,0.));
#14592 = ORIENTED_EDGE('',*,*,#14593,.T.);
#14593 = EDGE_CURVE('',#14586,#14594,#14596,.T.);
#14594 = VERTEX_POINT('',#14595);
#14595 = CARTESIAN_POINT('',(28.115476,-43.502676,-7.5E-02));
#14596 = CIRCLE('',#14597,7.500006711464E-02);
#14597 = AXIS2_PLACEMENT_3D('',#14598,#14599,#14600);
#14598 = CARTESIAN_POINT('',(28.190476067115,-43.50267606711,-7.5E-02));
#14599 = DIRECTION('',(-0.,0.,-1.));
#14600 = DIRECTION('',(0.980784894138,-0.195092263891,-0.));
#14601 = ORIENTED_EDGE('',*,*,#14602,.T.);
#14602 = EDGE_CURVE('',#14594,#14603,#14605,.T.);
#14603 = VERTEX_POINT('',#14604);
#14604 = CARTESIAN_POINT('',(28.116917,-39.488044,-7.5E-02));
#14605 = LINE('',#14606,#14607);
#14606 = CARTESIAN_POINT('',(28.115476,-43.502676,-7.5E-02));
#14607 = VECTOR('',#14608,1.);
#14608 = DIRECTION('',(3.589369853012E-04,0.999999935582,0.));
#14609 = ORIENTED_EDGE('',*,*,#14610,.T.);
#14610 = EDGE_CURVE('',#14603,#14611,#14613,.T.);
#14611 = VERTEX_POINT('',#14612);
#14612 = CARTESIAN_POINT('',(28.128116,-39.461008,-7.5E-02));
#14613 = LINE('',#14614,#14615);
#14614 = CARTESIAN_POINT('',(28.116917,-39.488044,-7.5E-02));
#14615 = VECTOR('',#14616,1.);
#14616 = DIRECTION('',(0.38269282806,0.923875640631,0.));
#14617 = ORIENTED_EDGE('',*,*,#14618,.T.);
#14618 = EDGE_CURVE('',#14611,#14479,#14619,.T.);
#14619 = LINE('',#14620,#14621);
#14620 = CARTESIAN_POINT('',(28.128116,-39.461008,-7.5E-02));
#14621 = VECTOR('',#14622,1.);
#14622 = DIRECTION('',(0.707106781187,0.707106781186,0.));
#14623 = FACE_BOUND('',#14624,.T.);
#14624 = EDGE_LOOP('',(#14625,#14636,#14644,#14652,#14660,#14668,#14676,
    #14685));
#14625 = ORIENTED_EDGE('',*,*,#14626,.T.);
#14626 = EDGE_CURVE('',#14627,#14629,#14631,.T.);
#14627 = VERTEX_POINT('',#14628);
#14628 = CARTESIAN_POINT('',(30.020238,-41.615618,-7.5E-02));
#14629 = VERTEX_POINT('',#14630);
#14630 = CARTESIAN_POINT('',(29.315628,-40.911009,-7.5E-02));
#14631 = CIRCLE('',#14632,1.001267585705);
#14632 = AXIS2_PLACEMENT_3D('',#14633,#14634,#14635);
#14633 = CARTESIAN_POINT('',(29.053808243165,-41.87743912841,-7.5E-02));
#14634 = DIRECTION('',(0.,0.,1.));
#14635 = DIRECTION('',(0.965206275159,0.261489667853,-0.));
#14636 = ORIENTED_EDGE('',*,*,#14637,.T.);
#14637 = EDGE_CURVE('',#14629,#14638,#14640,.T.);
#14638 = VERTEX_POINT('',#14639);
#14639 = CARTESIAN_POINT('',(28.589133,-40.911009,-7.5E-02));
#14640 = LINE('',#14641,#14642);
#14641 = CARTESIAN_POINT('',(29.315628,-40.911009,-7.5E-02));
#14642 = VECTOR('',#14643,1.);
#14643 = DIRECTION('',(-1.,0.,0.));
#14644 = ORIENTED_EDGE('',*,*,#14645,.T.);
#14645 = EDGE_CURVE('',#14638,#14646,#14648,.T.);
#14646 = VERTEX_POINT('',#14647);
#14647 = CARTESIAN_POINT('',(28.265476,-41.072837,-7.5E-02));
#14648 = LINE('',#14649,#14650);
#14649 = CARTESIAN_POINT('',(28.589133,-40.911009,-7.5E-02));
#14650 = VECTOR('',#14651,1.);
#14651 = DIRECTION('',(-0.8944277437,-0.447212490098,0.));
#14652 = ORIENTED_EDGE('',*,*,#14653,.T.);
#14653 = EDGE_CURVE('',#14646,#14654,#14656,.T.);
#14654 = VERTEX_POINT('',#14655);
#14655 = CARTESIAN_POINT('',(28.265476,-43.265847,-7.5E-02));
#14656 = LINE('',#14657,#14658);
#14657 = CARTESIAN_POINT('',(28.265476,-41.072837,-7.5E-02));
#14658 = VECTOR('',#14659,1.);
#14659 = DIRECTION('',(0.,-1.,0.));
#14660 = ORIENTED_EDGE('',*,*,#14661,.T.);
#14661 = EDGE_CURVE('',#14654,#14662,#14664,.T.);
#14662 = VERTEX_POINT('',#14663);
#14663 = CARTESIAN_POINT('',(28.589133,-43.427676,-7.5E-02));
#14664 = LINE('',#14665,#14666);
#14665 = CARTESIAN_POINT('',(28.265476,-43.265847,-7.5E-02));
#14666 = VECTOR('',#14667,1.);
#14667 = DIRECTION('',(0.894426638299,-0.4472147009,0.));
#14668 = ORIENTED_EDGE('',*,*,#14669,.T.);
#14669 = EDGE_CURVE('',#14662,#14670,#14672,.T.);
#14670 = VERTEX_POINT('',#14671);
#14671 = CARTESIAN_POINT('',(29.315628,-43.427676,-7.5E-02));
#14672 = LINE('',#14673,#14674);
#14673 = CARTESIAN_POINT('',(28.589133,-43.427676,-7.5E-02));
#14674 = VECTOR('',#14675,1.);
#14675 = DIRECTION('',(1.,0.,0.));
#14676 = ORIENTED_EDGE('',*,*,#14677,.T.);
#14677 = EDGE_CURVE('',#14670,#14678,#14680,.T.);
#14678 = VERTEX_POINT('',#14679);
#14679 = CARTESIAN_POINT('',(30.020238,-42.723066,-7.5E-02));
#14680 = CIRCLE('',#14681,1.001270592079);
#14681 = AXIS2_PLACEMENT_3D('',#14682,#14683,#14684);
#14682 = CARTESIAN_POINT('',(29.0538055,-42.4612435,-7.5E-02));
#14683 = DIRECTION('',(0.,0.,1.));
#14684 = DIRECTION('',(0.261490252556,-0.965206116753,0.));
#14685 = ORIENTED_EDGE('',*,*,#14686,.T.);
#14686 = EDGE_CURVE('',#14678,#14627,#14687,.T.);
#14687 = LINE('',#14688,#14689);
#14688 = CARTESIAN_POINT('',(30.020238,-42.723066,-7.5E-02));
#14689 = VECTOR('',#14690,1.);
#14690 = DIRECTION('',(0.,1.,0.));
#14691 = PLANE('',#14692);
#14692 = AXIS2_PLACEMENT_3D('',#14693,#14694,#14695);
#14693 = CARTESIAN_POINT('',(0.,0.,-7.5E-02));
#14694 = DIRECTION('',(-0.,-0.,-1.));
#14695 = DIRECTION('',(-1.,0.,0.));
#14696 = SHELL_BASED_SURFACE_MODEL('',(#14697));
#14697 = OPEN_SHELL('',(#14698));
#14698 = ADVANCED_FACE('',(#14699,#14864),#14915,.T.);
#14699 = FACE_BOUND('',#14700,.T.);
#14700 = EDGE_LOOP('',(#14701,#14712,#14720,#14728,#14736,#14744,#14752,
    #14761,#14769,#14778,#14786,#14794,#14802,#14810,#14818,#14826,
    #14834,#14842,#14850,#14858));
#14701 = ORIENTED_EDGE('',*,*,#14702,.T.);
#14702 = EDGE_CURVE('',#14703,#14705,#14707,.T.);
#14703 = VERTEX_POINT('',#14704);
#14704 = CARTESIAN_POINT('',(31.775982,-40.959403,-7.5E-02));
#14705 = VERTEX_POINT('',#14706);
#14706 = CARTESIAN_POINT('',(33.379317,-40.967235,-7.5E-02));
#14707 = CIRCLE('',#14708,1.370404841458);
#14708 = AXIS2_PLACEMENT_3D('',#14709,#14710,#14711);
#14709 = CARTESIAN_POINT('',(32.572220328718,-42.07475673463,-7.5E-02));
#14710 = DIRECTION('',(0.,0.,-1.));
#14711 = DIRECTION('',(-0.581024164998,0.813886306365,0.));
#14712 = ORIENTED_EDGE('',*,*,#14713,.T.);
#14713 = EDGE_CURVE('',#14705,#14714,#14716,.T.);
#14714 = VERTEX_POINT('',#14715);
#14715 = CARTESIAN_POINT('',(33.400415,-40.992944,-7.5E-02));
#14716 = LINE('',#14717,#14718);
#14717 = CARTESIAN_POINT('',(33.379317,-40.967235,-7.5E-02));
#14718 = VECTOR('',#14719,1.);
#14719 = DIRECTION('',(0.634378352791,-0.773022706982,0.));
#14720 = ORIENTED_EDGE('',*,*,#14721,.T.);
#14721 = EDGE_CURVE('',#14714,#14722,#14724,.T.);
#14722 = VERTEX_POINT('',#14723);
#14723 = CARTESIAN_POINT('',(33.597368,-41.392806,-7.5E-02));
#14724 = LINE('',#14725,#14726);
#14725 = CARTESIAN_POINT('',(33.400415,-40.992944,-7.5E-02));
#14726 = VECTOR('',#14727,1.);
#14727 = DIRECTION('',(0.44186073627,-0.897083658163,0.));
#14728 = ORIENTED_EDGE('',*,*,#14729,.T.);
#14729 = EDGE_CURVE('',#14722,#14730,#14732,.T.);
#14730 = VERTEX_POINT('',#14731);
#14731 = CARTESIAN_POINT('',(33.596146,-42.951056,-7.5E-02));
#14732 = LINE('',#14733,#14734);
#14733 = CARTESIAN_POINT('',(33.597368,-41.392806,-7.5E-02));
#14734 = VECTOR('',#14735,1.);
#14735 = DIRECTION('',(-7.84212818384E-04,-0.999999692505,0.));
#14736 = ORIENTED_EDGE('',*,*,#14737,.T.);
#14737 = EDGE_CURVE('',#14730,#14738,#14740,.T.);
#14738 = VERTEX_POINT('',#14739);
#14739 = CARTESIAN_POINT('',(33.392583,-43.358184,-7.5E-02));
#14740 = LINE('',#14741,#14742);
#14741 = CARTESIAN_POINT('',(33.596146,-42.951056,-7.5E-02));
#14742 = VECTOR('',#14743,1.);
#14743 = DIRECTION('',(-0.447211837962,-0.894428069767,0.));
#14744 = ORIENTED_EDGE('',*,*,#14745,.T.);
#14745 = EDGE_CURVE('',#14738,#14746,#14748,.T.);
#14746 = VERTEX_POINT('',#14747);
#14747 = CARTESIAN_POINT('',(33.366874,-43.379282,-7.5E-02));
#14748 = LINE('',#14749,#14750);
#14749 = CARTESIAN_POINT('',(33.392583,-43.358184,-7.5E-02));
#14750 = VECTOR('',#14751,1.);
#14751 = DIRECTION('',(-0.773022706982,-0.634378352791,0.));
#14752 = ORIENTED_EDGE('',*,*,#14753,.T.);
#14753 = EDGE_CURVE('',#14746,#14754,#14756,.T.);
#14754 = VERTEX_POINT('',#14755);
#14755 = CARTESIAN_POINT('',(31.763539,-43.37145,-7.5E-02));
#14756 = CIRCLE('',#14757,1.367850016621);
#14757 = AXIS2_PLACEMENT_3D('',#14758,#14759,#14760);
#14758 = CARTESIAN_POINT('',(32.570620276481,-42.26707982604,-7.5E-02));
#14759 = DIRECTION('',(-0.,0.,-1.));
#14760 = DIRECTION('',(0.582120637382,-0.813102431145,-0.));
#14761 = ORIENTED_EDGE('',*,*,#14762,.T.);
#14762 = EDGE_CURVE('',#14754,#14763,#14765,.T.);
#14763 = VERTEX_POINT('',#14764);
#14764 = CARTESIAN_POINT('',(31.744366,-43.349342,-7.5E-02));
#14765 = LINE('',#14766,#14767);
#14766 = CARTESIAN_POINT('',(31.763539,-43.37145,-7.5E-02));
#14767 = VECTOR('',#14768,1.);
#14768 = DIRECTION('',(-0.655178986933,0.755473689205,0.));
#14769 = ORIENTED_EDGE('',*,*,#14770,.T.);
#14770 = EDGE_CURVE('',#14763,#14771,#14773,.T.);
#14771 = VERTEX_POINT('',#14772);
#14772 = CARTESIAN_POINT('',(31.843064,-43.245118,-7.5E-02));
#14773 = CIRCLE('',#14774,7.499954050663E-02);
#14774 = AXIS2_PLACEMENT_3D('',#14775,#14776,#14777);
#14775 = CARTESIAN_POINT('',(31.809522288962,-43.3121991799,-7.5E-02));
#14776 = DIRECTION('',(0.,0.,-1.));
#14777 = DIRECTION('',(-0.868755841989,-0.495240635459,-0.));
#14778 = ORIENTED_EDGE('',*,*,#14779,.T.);
#14779 = EDGE_CURVE('',#14771,#14780,#14782,.T.);
#14780 = VERTEX_POINT('',#14781);
#14781 = CARTESIAN_POINT('',(32.20818,-43.427676,-7.5E-02));
#14782 = LINE('',#14783,#14784);
#14783 = CARTESIAN_POINT('',(31.843064,-43.245118,-7.5E-02));
#14784 = VECTOR('',#14785,1.);
#14785 = DIRECTION('',(0.894427191,-0.4472135955,0.));
#14786 = ORIENTED_EDGE('',*,*,#14787,.T.);
#14787 = EDGE_CURVE('',#14780,#14788,#14790,.T.);
#14788 = VERTEX_POINT('',#14789);
#14789 = CARTESIAN_POINT('',(32.934675,-43.427676,-7.5E-02));
#14790 = LINE('',#14791,#14792);
#14791 = CARTESIAN_POINT('',(32.20818,-43.427676,-7.5E-02));
#14792 = VECTOR('',#14793,1.);
#14793 = DIRECTION('',(1.,0.,0.));
#14794 = ORIENTED_EDGE('',*,*,#14795,.T.);
#14795 = EDGE_CURVE('',#14788,#14796,#14798,.T.);
#14796 = VERTEX_POINT('',#14797);
#14797 = CARTESIAN_POINT('',(33.277431,-43.256298,-7.5E-02));
#14798 = LINE('',#14799,#14800);
#14799 = CARTESIAN_POINT('',(32.934675,-43.427676,-7.5E-02));
#14800 = VECTOR('',#14801,1.);
#14801 = DIRECTION('',(0.894427191,0.4472135955,0.));
#14802 = ORIENTED_EDGE('',*,*,#14803,.T.);
#14803 = EDGE_CURVE('',#14796,#14804,#14806,.T.);
#14804 = VERTEX_POINT('',#14805);
#14805 = CARTESIAN_POINT('',(33.448809,-42.913542,-7.5E-02));
#14806 = LINE('',#14807,#14808);
#14807 = CARTESIAN_POINT('',(33.277431,-43.256298,-7.5E-02));
#14808 = VECTOR('',#14809,1.);
#14809 = DIRECTION('',(0.4472135955,0.894427191,0.));
#14810 = ORIENTED_EDGE('',*,*,#14811,.T.);
#14811 = EDGE_CURVE('',#14804,#14812,#14814,.T.);
#14812 = VERTEX_POINT('',#14813);
#14813 = CARTESIAN_POINT('',(33.448809,-42.230827,-7.5E-02));
#14814 = LINE('',#14815,#14816);
#14815 = CARTESIAN_POINT('',(33.448809,-42.913542,-7.5E-02));
#14816 = VECTOR('',#14817,1.);
#14817 = DIRECTION('',(0.,1.,0.));
#14818 = ORIENTED_EDGE('',*,*,#14819,.T.);
#14819 = EDGE_CURVE('',#14812,#14820,#14822,.T.);
#14820 = VERTEX_POINT('',#14821);
#14821 = CARTESIAN_POINT('',(31.590273,-41.857651,-7.5E-02));
#14822 = LINE('',#14823,#14824);
#14823 = CARTESIAN_POINT('',(33.448809,-42.230827,-7.5E-02));
#14824 = VECTOR('',#14825,1.);
#14825 = DIRECTION('',(-0.980431386043,0.196861111605,0.));
#14826 = ORIENTED_EDGE('',*,*,#14827,.T.);
#14827 = EDGE_CURVE('',#14820,#14828,#14830,.T.);
#14828 = VERTEX_POINT('',#14829);
#14829 = CARTESIAN_POINT('',(31.556687,-41.830058,-7.5E-02));
#14830 = LINE('',#14831,#14832);
#14831 = CARTESIAN_POINT('',(31.590273,-41.857651,-7.5E-02));
#14832 = VECTOR('',#14833,1.);
#14833 = DIRECTION('',(-0.772675474414,0.634801237584,0.));
#14834 = ORIENTED_EDGE('',*,*,#14835,.T.);
#14835 = EDGE_CURVE('',#14828,#14836,#14838,.T.);
#14836 = VERTEX_POINT('',#14837);
#14837 = CARTESIAN_POINT('',(31.544047,-41.78839,-7.5E-02));
#14838 = LINE('',#14839,#14840);
#14839 = CARTESIAN_POINT('',(31.556687,-41.830058,-7.5E-02));
#14840 = VECTOR('',#14841,1.);
#14841 = DIRECTION('',(-0.29028783999,0.956939376321,0.));
#14842 = ORIENTED_EDGE('',*,*,#14843,.T.);
#14843 = EDGE_CURVE('',#14836,#14844,#14846,.T.);
#14844 = VERTEX_POINT('',#14845);
#14845 = CARTESIAN_POINT('',(31.54671,-41.387629,-7.5E-02));
#14846 = LINE('',#14847,#14848);
#14847 = CARTESIAN_POINT('',(31.544047,-41.78839,-7.5E-02));
#14848 = VECTOR('',#14849,1.);
#14849 = DIRECTION('',(6.64471146322E-03,0.999977923661,0.));
#14850 = ORIENTED_EDGE('',*,*,#14851,.T.);
#14851 = EDGE_CURVE('',#14844,#14852,#14854,.T.);
#14852 = VERTEX_POINT('',#14853);
#14853 = CARTESIAN_POINT('',(31.750273,-40.980501,-7.5E-02));
#14854 = LINE('',#14855,#14856);
#14855 = CARTESIAN_POINT('',(31.54671,-41.387629,-7.5E-02));
#14856 = VECTOR('',#14857,1.);
#14857 = DIRECTION('',(0.447211837962,0.894428069767,0.));
#14858 = ORIENTED_EDGE('',*,*,#14859,.T.);
#14859 = EDGE_CURVE('',#14852,#14703,#14860,.T.);
#14860 = LINE('',#14861,#14862);
#14861 = CARTESIAN_POINT('',(31.750273,-40.980501,-7.5E-02));
#14862 = VECTOR('',#14863,1.);
#14863 = DIRECTION('',(0.773022706982,0.634378352791,0.));
#14864 = FACE_BOUND('',#14865,.T.);
#14865 = EDGE_LOOP('',(#14866,#14877,#14885,#14893,#14901,#14909));
#14866 = ORIENTED_EDGE('',*,*,#14867,.T.);
#14867 = EDGE_CURVE('',#14868,#14870,#14872,.T.);
#14868 = VERTEX_POINT('',#14869);
#14869 = CARTESIAN_POINT('',(33.277431,-41.082386,-7.5E-02));
#14870 = VERTEX_POINT('',#14871);
#14871 = CARTESIAN_POINT('',(31.865424,-41.082386,-7.5E-02));
#14872 = CIRCLE('',#14873,1.210722266539);
#14873 = AXIS2_PLACEMENT_3D('',#14874,#14875,#14876);
#14874 = CARTESIAN_POINT('',(32.5714275,-42.06595473917,-7.5E-02));
#14875 = DIRECTION('',(0.,0.,1.));
#14876 = DIRECTION('',(0.583125890646,0.812381804116,-0.));
#14877 = ORIENTED_EDGE('',*,*,#14878,.T.);
#14878 = EDGE_CURVE('',#14870,#14879,#14881,.T.);
#14879 = VERTEX_POINT('',#14880);
#14880 = CARTESIAN_POINT('',(31.694047,-41.425142,-7.5E-02));
#14881 = LINE('',#14882,#14883);
#14882 = CARTESIAN_POINT('',(31.865424,-41.082386,-7.5E-02));
#14883 = VECTOR('',#14884,1.);
#14884 = DIRECTION('',(-0.447211507884,-0.894428234805,0.));
#14885 = ORIENTED_EDGE('',*,*,#14886,.T.);
#14886 = EDGE_CURVE('',#14879,#14887,#14889,.T.);
#14887 = VERTEX_POINT('',#14888);
#14888 = CARTESIAN_POINT('',(31.694047,-41.726904,-7.5E-02));
#14889 = LINE('',#14890,#14891);
#14890 = CARTESIAN_POINT('',(31.694047,-41.425142,-7.5E-02));
#14891 = VECTOR('',#14892,1.);
#14892 = DIRECTION('',(0.,-1.,0.));
#14893 = ORIENTED_EDGE('',*,*,#14894,.T.);
#14894 = EDGE_CURVE('',#14887,#14895,#14897,.T.);
#14895 = VERTEX_POINT('',#14896);
#14896 = CARTESIAN_POINT('',(33.448809,-42.077857,-7.5E-02));
#14897 = LINE('',#14898,#14899);
#14898 = CARTESIAN_POINT('',(31.694047,-41.726904,-7.5E-02));
#14899 = VECTOR('',#14900,1.);
#14900 = DIRECTION('',(0.980580611213,-0.196116457529,0.));
#14901 = ORIENTED_EDGE('',*,*,#14902,.T.);
#14902 = EDGE_CURVE('',#14895,#14903,#14905,.T.);
#14903 = VERTEX_POINT('',#14904);
#14904 = CARTESIAN_POINT('',(33.448809,-41.425142,-7.5E-02));
#14905 = LINE('',#14906,#14907);
#14906 = CARTESIAN_POINT('',(33.448809,-42.077857,-7.5E-02));
#14907 = VECTOR('',#14908,1.);
#14908 = DIRECTION('',(0.,1.,0.));
#14909 = ORIENTED_EDGE('',*,*,#14910,.T.);
#14910 = EDGE_CURVE('',#14903,#14868,#14911,.T.);
#14911 = LINE('',#14912,#14913);
#14912 = CARTESIAN_POINT('',(33.448809,-41.425142,-7.5E-02));
#14913 = VECTOR('',#14914,1.);
#14914 = DIRECTION('',(-0.4472135955,0.894427191,0.));
#14915 = PLANE('',#14916);
#14916 = AXIS2_PLACEMENT_3D('',#14917,#14918,#14919);
#14917 = CARTESIAN_POINT('',(0.,0.,-7.5E-02));
#14918 = DIRECTION('',(-0.,-0.,-1.));
#14919 = DIRECTION('',(-1.,0.,0.));
#14920 = SHELL_BASED_SURFACE_MODEL('',(#14921));
#14921 = OPEN_SHELL('',(#14922));
#14922 = ADVANCED_FACE('',(#14923,#14993,#15019),#15045,.T.);
#14923 = FACE_BOUND('',#14924,.T.);
#14924 = EDGE_LOOP('',(#14925,#14936,#14944,#14953,#14961,#14970,#14978,
    #14987));
#14925 = ORIENTED_EDGE('',*,*,#14926,.T.);
#14926 = EDGE_CURVE('',#14927,#14929,#14931,.T.);
#14927 = VERTEX_POINT('',#14928);
#14928 = CARTESIAN_POINT('',(41.863094,-43.059362,-7.5E-02));
#14929 = VERTEX_POINT('',#14930);
#14930 = CARTESIAN_POINT('',(41.94643,-43.059363,-7.5E-02));
#14931 = CIRCLE('',#14932,7.500074661996E-02);
#14932 = AXIS2_PLACEMENT_3D('',#14933,#14934,#14935);
#14933 = CARTESIAN_POINT('',(41.904761251692,-43.1217234635,-7.5E-02));
#14934 = DIRECTION('',(0.,0.,-1.));
#14935 = DIRECTION('',(-0.555557825358,0.831477902703,0.));
#14936 = ORIENTED_EDGE('',*,*,#14937,.T.);
#14937 = EDGE_CURVE('',#14929,#14938,#14940,.T.);
#14938 = VERTEX_POINT('',#14939);
#14939 = CARTESIAN_POINT('',(42.157599,-43.270532,-7.5E-02));
#14940 = LINE('',#14941,#14942);
#14941 = CARTESIAN_POINT('',(41.94643,-43.059363,-7.5E-02));
#14942 = VECTOR('',#14943,1.);
#14943 = DIRECTION('',(0.707106781187,-0.707106781187,0.));
#14944 = ORIENTED_EDGE('',*,*,#14945,.T.);
#14945 = EDGE_CURVE('',#14938,#14946,#14948,.T.);
#14946 = VERTEX_POINT('',#14947);
#14947 = CARTESIAN_POINT('',(42.148271,-43.365233,-7.5E-02));
#14948 = CIRCLE('',#14949,7.500213468285E-02);
#14949 = AXIS2_PLACEMENT_3D('',#14950,#14951,#14952);
#14950 = CARTESIAN_POINT('',(42.095235805083,-43.31219915885,-7.5E-02));
#14951 = DIRECTION('',(0.,0.,-1.));
#14952 = DIRECTION('',(0.831485599458,0.555546305806,0.));
#14953 = ORIENTED_EDGE('',*,*,#14954,.T.);
#14954 = EDGE_CURVE('',#14946,#14955,#14957,.T.);
#14955 = VERTEX_POINT('',#14956);
#14956 = CARTESIAN_POINT('',(41.94643,-43.565036,-7.5E-02));
#14957 = LINE('',#14958,#14959);
#14958 = CARTESIAN_POINT('',(42.148271,-43.365233,-7.5E-02));
#14959 = VECTOR('',#14960,1.);
#14960 = DIRECTION('',(-0.710685594776,-0.703509762105,0.));
#14961 = ORIENTED_EDGE('',*,*,#14962,.T.);
#14962 = EDGE_CURVE('',#14955,#14963,#14965,.T.);
#14963 = VERTEX_POINT('',#14964);
#14964 = CARTESIAN_POINT('',(41.851729,-43.555709,-7.5E-02));
#14965 = CIRCLE('',#14966,7.499999203864E-02);
#14966 = AXIS2_PLACEMENT_3D('',#14967,#14968,#14969);
#14967 = CARTESIAN_POINT('',(41.904761969991,-43.50267596407,-7.5E-02));
#14968 = DIRECTION('',(-0.,0.,-1.));
#14969 = DIRECTION('',(0.555573792431,-0.831467233969,-0.));
#14970 = ORIENTED_EDGE('',*,*,#14971,.T.);
#14971 = EDGE_CURVE('',#14963,#14972,#14974,.T.);
#14972 = VERTEX_POINT('',#14973);
#14973 = CARTESIAN_POINT('',(41.651925,-43.353868,-7.5E-02));
#14974 = LINE('',#14975,#14976);
#14975 = CARTESIAN_POINT('',(41.851729,-43.555709,-7.5E-02));
#14976 = VECTOR('',#14977,1.);
#14977 = DIRECTION('',(-0.703511540473,0.710683834361,0.));
#14978 = ORIENTED_EDGE('',*,*,#14979,.T.);
#14979 = EDGE_CURVE('',#14972,#14980,#14982,.T.);
#14980 = VERTEX_POINT('',#14981);
#14981 = CARTESIAN_POINT('',(41.661252,-43.259167,-7.5E-02));
#14982 = CIRCLE('',#14983,7.499917215711E-02);
#14983 = AXIS2_PLACEMENT_3D('',#14984,#14985,#14986);
#14984 = CARTESIAN_POINT('',(41.714283980395,-43.31219986603,-7.5E-02));
#14985 = DIRECTION('',(0.,0.,-1.));
#14986 = DIRECTION('',(-0.831462249536,-0.55558125202,-0.));
#14987 = ORIENTED_EDGE('',*,*,#14988,.T.);
#14988 = EDGE_CURVE('',#14980,#14927,#14989,.T.);
#14989 = LINE('',#14990,#14991);
#14990 = CARTESIAN_POINT('',(41.661252,-43.259167,-7.5E-02));
#14991 = VECTOR('',#14992,1.);
#14992 = DIRECTION('',(0.710683816594,0.70351155842,0.));
#14993 = FACE_BOUND('',#14994,.T.);
#14994 = EDGE_LOOP('',(#14995,#15005,#15013));
#14995 = ORIENTED_EDGE('',*,*,#14996,.T.);
#14996 = EDGE_CURVE('',#14997,#14999,#15001,.T.);
#14997 = VERTEX_POINT('',#14998);
#14998 = CARTESIAN_POINT('',(41.820351,-43.312199,-7.5E-02));
#14999 = VERTEX_POINT('',#15000);
#15000 = CARTESIAN_POINT('',(41.829762,-43.32161,-7.5E-02));
#15001 = LINE('',#15002,#15003);
#15002 = CARTESIAN_POINT('',(41.820351,-43.312199,-7.5E-02));
#15003 = VECTOR('',#15004,1.);
#15004 = DIRECTION('',(0.707106781187,-0.707106781187,0.));
#15005 = ORIENTED_EDGE('',*,*,#15006,.T.);
#15006 = EDGE_CURVE('',#14999,#15007,#15009,.T.);
#15007 = VERTEX_POINT('',#15008);
#15008 = CARTESIAN_POINT('',(41.829762,-43.302789,-7.5E-02));
#15009 = LINE('',#15010,#15011);
#15010 = CARTESIAN_POINT('',(41.829762,-43.32161,-7.5E-02));
#15011 = VECTOR('',#15012,1.);
#15012 = DIRECTION('',(0.,1.,0.));
#15013 = ORIENTED_EDGE('',*,*,#15014,.T.);
#15014 = EDGE_CURVE('',#15007,#14997,#15015,.T.);
#15015 = LINE('',#15016,#15017);
#15016 = CARTESIAN_POINT('',(41.829762,-43.302789,-7.5E-02));
#15017 = VECTOR('',#15018,1.);
#15018 = DIRECTION('',(-0.707144350285,-0.707069210092,0.));
#15019 = FACE_BOUND('',#15020,.T.);
#15020 = EDGE_LOOP('',(#15021,#15031,#15039));
#15021 = ORIENTED_EDGE('',*,*,#15022,.T.);
#15022 = EDGE_CURVE('',#15023,#15025,#15027,.T.);
#15023 = VERTEX_POINT('',#15024);
#15024 = CARTESIAN_POINT('',(41.979762,-43.32161,-7.5E-02));
#15025 = VERTEX_POINT('',#15026);
#15026 = CARTESIAN_POINT('',(41.989172,-43.312199,-7.5E-02));
#15027 = LINE('',#15028,#15029);
#15028 = CARTESIAN_POINT('',(41.979762,-43.32161,-7.5E-02));
#15029 = VECTOR('',#15030,1.);
#15030 = DIRECTION('',(0.707069210092,0.707144350285,0.));
#15031 = ORIENTED_EDGE('',*,*,#15032,.T.);
#15032 = EDGE_CURVE('',#15025,#15033,#15035,.T.);
#15033 = VERTEX_POINT('',#15034);
#15034 = CARTESIAN_POINT('',(41.979762,-43.302789,-7.5E-02));
#15035 = LINE('',#15036,#15037);
#15036 = CARTESIAN_POINT('',(41.989172,-43.312199,-7.5E-02));
#15037 = VECTOR('',#15038,1.);
#15038 = DIRECTION('',(-0.707106781187,0.707106781187,0.));
#15039 = ORIENTED_EDGE('',*,*,#15040,.T.);
#15040 = EDGE_CURVE('',#15033,#15023,#15041,.T.);
#15041 = LINE('',#15042,#15043);
#15042 = CARTESIAN_POINT('',(41.979762,-43.302789,-7.5E-02));
#15043 = VECTOR('',#15044,1.);
#15044 = DIRECTION('',(0.,-1.,0.));
#15045 = PLANE('',#15046);
#15046 = AXIS2_PLACEMENT_3D('',#15047,#15048,#15049);
#15047 = CARTESIAN_POINT('',(0.,0.,-7.5E-02));
#15048 = DIRECTION('',(-0.,-0.,-1.));
#15049 = DIRECTION('',(-1.,0.,0.));
#15050 = SHELL_BASED_SURFACE_MODEL('',(#15051));
#15051 = OPEN_SHELL('',(#15052));
#15052 = ADVANCED_FACE('',(#15053,#15201),#15269,.T.);
#15053 = FACE_BOUND('',#15054,.T.);
#15054 = EDGE_LOOP('',(#15055,#15066,#15074,#15082,#15090,#15098,#15106,
    #15114,#15122,#15130,#15138,#15146,#15154,#15162,#15170,#15179,
    #15187,#15195));
#15055 = ORIENTED_EDGE('',*,*,#15056,.T.);
#15056 = EDGE_CURVE('',#15057,#15059,#15061,.T.);
#15057 = VERTEX_POINT('',#15058);
#15058 = CARTESIAN_POINT('',(43.767856,-39.440316,-7.5E-02));
#15059 = VERTEX_POINT('',#15060);
#15060 = CARTESIAN_POINT('',(43.884524,-39.502676,-7.5E-02));
#15061 = CIRCLE('',#15062,7.500000000003E-02);
#15062 = AXIS2_PLACEMENT_3D('',#15063,#15064,#15065);
#15063 = CARTESIAN_POINT('',(43.809524,-39.50267606555,-7.5E-02));
#15064 = DIRECTION('',(0.,0.,-1.));
#15065 = DIRECTION('',(-0.555573333333,0.831467540731,0.));
#15066 = ORIENTED_EDGE('',*,*,#15067,.T.);
#15067 = EDGE_CURVE('',#15059,#15068,#15070,.T.);
#15068 = VERTEX_POINT('',#15069);
#15069 = CARTESIAN_POINT('',(43.884524,-40.905132,-7.5E-02));
#15070 = LINE('',#15071,#15072);
#15071 = CARTESIAN_POINT('',(43.884524,-39.502676,-7.5E-02));
#15072 = VECTOR('',#15073,1.);
#15073 = DIRECTION('',(0.,-1.,0.));
#15074 = ORIENTED_EDGE('',*,*,#15075,.T.);
#15075 = EDGE_CURVE('',#15068,#15076,#15078,.T.);
#15076 = VERTEX_POINT('',#15077);
#15077 = CARTESIAN_POINT('',(44.175844,-40.76245,-7.5E-02));
#15078 = LINE('',#15079,#15080);
#15079 = CARTESIAN_POINT('',(43.884524,-40.905132,-7.5E-02));
#15080 = VECTOR('',#15081,1.);
#15081 = DIRECTION('',(0.898069219271,0.439854154689,0.));
#15082 = ORIENTED_EDGE('',*,*,#15083,.T.);
#15083 = EDGE_CURVE('',#15076,#15084,#15086,.T.);
#15084 = VERTEX_POINT('',#15085);
#15085 = CARTESIAN_POINT('',(44.97219,-40.763672,-7.5E-02));
#15086 = LINE('',#15087,#15088);
#15087 = CARTESIAN_POINT('',(44.175844,-40.76245,-7.5E-02));
#15088 = VECTOR('',#15089,1.);
#15089 = DIRECTION('',(0.999998822643,-1.534507062594E-03,0.));
#15090 = ORIENTED_EDGE('',*,*,#15091,.T.);
#15091 = EDGE_CURVE('',#15084,#15092,#15094,.T.);
#15092 = VERTEX_POINT('',#15093);
#15093 = CARTESIAN_POINT('',(45.380615,-40.968731,-7.5E-02));
#15094 = LINE('',#15095,#15096);
#15095 = CARTESIAN_POINT('',(44.97219,-40.763672,-7.5E-02));
#15096 = VECTOR('',#15097,1.);
#15097 = DIRECTION('',(0.893685064333,-0.44869478021,0.));
#15098 = ORIENTED_EDGE('',*,*,#15099,.T.);
#15099 = EDGE_CURVE('',#15092,#15100,#15102,.T.);
#15100 = VERTEX_POINT('',#15101);
#15101 = CARTESIAN_POINT('',(45.586927,-41.17712,-7.5E-02));
#15102 = LINE('',#15103,#15104);
#15103 = CARTESIAN_POINT('',(45.380615,-40.968731,-7.5E-02));
#15104 = VECTOR('',#15105,1.);
#15105 = DIRECTION('',(0.703556463883,-0.710639361511,0.));
#15106 = ORIENTED_EDGE('',*,*,#15107,.T.);
#15107 = EDGE_CURVE('',#15100,#15108,#15110,.T.);
#15108 = VERTEX_POINT('',#15109);
#15109 = CARTESIAN_POINT('',(45.787845,-41.583282,-7.5E-02));
#15110 = LINE('',#15111,#15112);
#15111 = CARTESIAN_POINT('',(45.586927,-41.17712,-7.5E-02));
#15112 = VECTOR('',#15113,1.);
#15113 = DIRECTION('',(0.443390829905,-0.896328383996,0.));
#15114 = ORIENTED_EDGE('',*,*,#15115,.T.);
#15115 = EDGE_CURVE('',#15108,#15116,#15118,.T.);
#15116 = VERTEX_POINT('',#15117);
#15117 = CARTESIAN_POINT('',(45.786623,-42.760581,-7.5E-02));
#15118 = LINE('',#15119,#15120);
#15119 = CARTESIAN_POINT('',(45.787845,-41.583282,-7.5E-02));
#15120 = VECTOR('',#15121,1.);
#15121 = DIRECTION('',(-1.037968554904E-03,-0.99999946131,0.));
#15122 = ORIENTED_EDGE('',*,*,#15123,.T.);
#15123 = EDGE_CURVE('',#15116,#15124,#15126,.T.);
#15124 = VERTEX_POINT('',#15125);
#15125 = CARTESIAN_POINT('',(45.581561,-43.169006,-7.5E-02));
#15126 = LINE('',#15127,#15128);
#15127 = CARTESIAN_POINT('',(45.786623,-42.760581,-7.5E-02));
#15128 = VECTOR('',#15129,1.);
#15129 = DIRECTION('',(-0.448700022976,-0.893682432065,0.));
#15130 = ORIENTED_EDGE('',*,*,#15131,.T.);
#15131 = EDGE_CURVE('',#15124,#15132,#15134,.T.);
#15132 = VERTEX_POINT('',#15133);
#15133 = CARTESIAN_POINT('',(45.373173,-43.375317,-7.5E-02));
#15134 = LINE('',#15135,#15136);
#15135 = CARTESIAN_POINT('',(45.581561,-43.169006,-7.5E-02));
#15136 = VECTOR('',#15137,1.);
#15137 = DIRECTION('',(-0.710639378505,-0.703556446718,0.));
#15138 = ORIENTED_EDGE('',*,*,#15139,.T.);
#15139 = EDGE_CURVE('',#15132,#15140,#15142,.T.);
#15140 = VERTEX_POINT('',#15141);
#15141 = CARTESIAN_POINT('',(44.967013,-43.576235,-7.5E-02));
#15142 = LINE('',#15143,#15144);
#15143 = CARTESIAN_POINT('',(45.373173,-43.375317,-7.5E-02));
#15144 = VECTOR('',#15145,1.);
#15145 = DIRECTION('',(-0.896327516287,-0.443392584,0.));
#15146 = ORIENTED_EDGE('',*,*,#15147,.T.);
#15147 = EDGE_CURVE('',#15140,#15148,#15150,.T.);
#15148 = VERTEX_POINT('',#15149);
#15149 = CARTESIAN_POINT('',(44.170666,-43.575013,-7.5E-02));
#15150 = LINE('',#15151,#15152);
#15151 = CARTESIAN_POINT('',(44.967013,-43.576235,-7.5E-02));
#15152 = VECTOR('',#15153,1.);
#15153 = DIRECTION('',(-0.999998822646,1.534505135666E-03,0.));
#15154 = ORIENTED_EDGE('',*,*,#15155,.T.);
#15155 = EDGE_CURVE('',#15148,#15156,#15158,.T.);
#15156 = VERTEX_POINT('',#15157);
#15157 = CARTESIAN_POINT('',(43.884524,-43.433552,-7.5E-02));
#15158 = LINE('',#15159,#15160);
#15159 = CARTESIAN_POINT('',(44.170666,-43.575013,-7.5E-02));
#15160 = VECTOR('',#15161,1.);
#15161 = DIRECTION('',(-0.896435634715,0.443173953221,0.));
#15162 = ORIENTED_EDGE('',*,*,#15163,.T.);
#15163 = EDGE_CURVE('',#15156,#15164,#15166,.T.);
#15164 = VERTEX_POINT('',#15165);
#15165 = CARTESIAN_POINT('',(43.883083,-43.517308,-7.5E-02));
#15166 = LINE('',#15167,#15168);
#15167 = CARTESIAN_POINT('',(43.884524,-43.433552,-7.5E-02));
#15168 = VECTOR('',#15169,1.);
#15169 = DIRECTION('',(-1.720219180926E-02,-0.999852031351,0.));
#15170 = ORIENTED_EDGE('',*,*,#15171,.T.);
#15171 = EDGE_CURVE('',#15164,#15172,#15174,.T.);
#15172 = VERTEX_POINT('',#15173);
#15173 = CARTESIAN_POINT('',(43.734524,-43.502676,-7.5E-02));
#15174 = CIRCLE('',#15175,7.500006711464E-02);
#15175 = AXIS2_PLACEMENT_3D('',#15176,#15177,#15178);
#15176 = CARTESIAN_POINT('',(43.809524067115,-43.50267606711,-7.5E-02));
#15177 = DIRECTION('',(-0.,0.,-1.));
#15178 = DIRECTION('',(0.980784894138,-0.195092263891,-0.));
#15179 = ORIENTED_EDGE('',*,*,#15180,.T.);
#15180 = EDGE_CURVE('',#15172,#15181,#15183,.T.);
#15181 = VERTEX_POINT('',#15182);
#15182 = CARTESIAN_POINT('',(43.735965,-39.488044,-7.5E-02));
#15183 = LINE('',#15184,#15185);
#15184 = CARTESIAN_POINT('',(43.734524,-43.502676,-7.5E-02));
#15185 = VECTOR('',#15186,1.);
#15186 = DIRECTION('',(3.589369853012E-04,0.999999935582,0.));
#15187 = ORIENTED_EDGE('',*,*,#15188,.T.);
#15188 = EDGE_CURVE('',#15181,#15189,#15191,.T.);
#15189 = VERTEX_POINT('',#15190);
#15190 = CARTESIAN_POINT('',(43.747164,-39.461008,-7.5E-02));
#15191 = LINE('',#15192,#15193);
#15192 = CARTESIAN_POINT('',(43.735965,-39.488044,-7.5E-02));
#15193 = VECTOR('',#15194,1.);
#15194 = DIRECTION('',(0.38269282806,0.923875640631,0.));
#15195 = ORIENTED_EDGE('',*,*,#15196,.T.);
#15196 = EDGE_CURVE('',#15189,#15057,#15197,.T.);
#15197 = LINE('',#15198,#15199);
#15198 = CARTESIAN_POINT('',(43.747164,-39.461008,-7.5E-02));
#15199 = VECTOR('',#15200,1.);
#15200 = DIRECTION('',(0.707106781187,0.707106781186,0.));
#15201 = FACE_BOUND('',#15202,.T.);
#15202 = EDGE_LOOP('',(#15203,#15214,#15222,#15230,#15238,#15246,#15254,
    #15263));
#15203 = ORIENTED_EDGE('',*,*,#15204,.T.);
#15204 = EDGE_CURVE('',#15205,#15207,#15209,.T.);
#15205 = VERTEX_POINT('',#15206);
#15206 = CARTESIAN_POINT('',(45.639286,-41.615618,-7.5E-02));
#15207 = VERTEX_POINT('',#15208);
#15208 = CARTESIAN_POINT('',(44.934676,-40.911009,-7.5E-02));
#15209 = CIRCLE('',#15210,1.001267585705);
#15210 = AXIS2_PLACEMENT_3D('',#15211,#15212,#15213);
#15211 = CARTESIAN_POINT('',(44.672856243165,-41.87743912841,-7.5E-02));
#15212 = DIRECTION('',(0.,0.,1.));
#15213 = DIRECTION('',(0.965206275159,0.261489667853,-0.));
#15214 = ORIENTED_EDGE('',*,*,#15215,.T.);
#15215 = EDGE_CURVE('',#15207,#15216,#15218,.T.);
#15216 = VERTEX_POINT('',#15217);
#15217 = CARTESIAN_POINT('',(44.208181,-40.911009,-7.5E-02));
#15218 = LINE('',#15219,#15220);
#15219 = CARTESIAN_POINT('',(44.934676,-40.911009,-7.5E-02));
#15220 = VECTOR('',#15221,1.);
#15221 = DIRECTION('',(-1.,0.,0.));
#15222 = ORIENTED_EDGE('',*,*,#15223,.T.);
#15223 = EDGE_CURVE('',#15216,#15224,#15226,.T.);
#15224 = VERTEX_POINT('',#15225);
#15225 = CARTESIAN_POINT('',(43.884524,-41.072837,-7.5E-02));
#15226 = LINE('',#15227,#15228);
#15227 = CARTESIAN_POINT('',(44.208181,-40.911009,-7.5E-02));
#15228 = VECTOR('',#15229,1.);
#15229 = DIRECTION('',(-0.8944277437,-0.447212490098,0.));
#15230 = ORIENTED_EDGE('',*,*,#15231,.T.);
#15231 = EDGE_CURVE('',#15224,#15232,#15234,.T.);
#15232 = VERTEX_POINT('',#15233);
#15233 = CARTESIAN_POINT('',(43.884524,-43.265847,-7.5E-02));
#15234 = LINE('',#15235,#15236);
#15235 = CARTESIAN_POINT('',(43.884524,-41.072837,-7.5E-02));
#15236 = VECTOR('',#15237,1.);
#15237 = DIRECTION('',(0.,-1.,0.));
#15238 = ORIENTED_EDGE('',*,*,#15239,.T.);
#15239 = EDGE_CURVE('',#15232,#15240,#15242,.T.);
#15240 = VERTEX_POINT('',#15241);
#15241 = CARTESIAN_POINT('',(44.208181,-43.427676,-7.5E-02));
#15242 = LINE('',#15243,#15244);
#15243 = CARTESIAN_POINT('',(43.884524,-43.265847,-7.5E-02));
#15244 = VECTOR('',#15245,1.);
#15245 = DIRECTION('',(0.894426638299,-0.4472147009,0.));
#15246 = ORIENTED_EDGE('',*,*,#15247,.T.);
#15247 = EDGE_CURVE('',#15240,#15248,#15250,.T.);
#15248 = VERTEX_POINT('',#15249);
#15249 = CARTESIAN_POINT('',(44.934676,-43.427676,-7.5E-02));
#15250 = LINE('',#15251,#15252);
#15251 = CARTESIAN_POINT('',(44.208181,-43.427676,-7.5E-02));
#15252 = VECTOR('',#15253,1.);
#15253 = DIRECTION('',(1.,0.,0.));
#15254 = ORIENTED_EDGE('',*,*,#15255,.T.);
#15255 = EDGE_CURVE('',#15248,#15256,#15258,.T.);
#15256 = VERTEX_POINT('',#15257);
#15257 = CARTESIAN_POINT('',(45.639286,-42.723066,-7.5E-02));
#15258 = CIRCLE('',#15259,1.001270592079);
#15259 = AXIS2_PLACEMENT_3D('',#15260,#15261,#15262);
#15260 = CARTESIAN_POINT('',(44.6728535,-42.4612435,-7.5E-02));
#15261 = DIRECTION('',(0.,0.,1.));
#15262 = DIRECTION('',(0.261490252556,-0.965206116753,0.));
#15263 = ORIENTED_EDGE('',*,*,#15264,.T.);
#15264 = EDGE_CURVE('',#15256,#15205,#15265,.T.);
#15265 = LINE('',#15266,#15267);
#15266 = CARTESIAN_POINT('',(45.639286,-42.723066,-7.5E-02));
#15267 = VECTOR('',#15268,1.);
#15268 = DIRECTION('',(0.,1.,0.));
#15269 = PLANE('',#15270);
#15270 = AXIS2_PLACEMENT_3D('',#15271,#15272,#15273);
#15271 = CARTESIAN_POINT('',(0.,0.,-7.5E-02));
#15272 = DIRECTION('',(-0.,-0.,-1.));
#15273 = DIRECTION('',(-1.,0.,0.));
#15274 = SHELL_BASED_SURFACE_MODEL('',(#15275));
#15275 = OPEN_SHELL('',(#15276));
#15276 = ADVANCED_FACE('',(#15277),#15434,.T.);
#15277 = FACE_BOUND('',#15278,.T.);
#15278 = EDGE_LOOP('',(#15279,#15289,#15297,#15305,#15313,#15321,#15330,
    #15338,#15347,#15355,#15363,#15371,#15379,#15387,#15395,#15403,
    #15412,#15420,#15428));
#15279 = ORIENTED_EDGE('',*,*,#15280,.T.);
#15280 = EDGE_CURVE('',#15281,#15283,#15285,.T.);
#15281 = VERTEX_POINT('',#15282);
#15282 = CARTESIAN_POINT('',(47.585507,-40.959403,-7.5E-02));
#15283 = VERTEX_POINT('',#15284);
#15284 = CARTESIAN_POINT('',(47.985368,-40.76245,-7.5E-02));
#15285 = LINE('',#15286,#15287);
#15286 = CARTESIAN_POINT('',(47.585507,-40.959403,-7.5E-02));
#15287 = VECTOR('',#15288,1.);
#15288 = DIRECTION('',(0.897083220142,0.441861625557,0.));
#15289 = ORIENTED_EDGE('',*,*,#15290,.T.);
#15290 = EDGE_CURVE('',#15283,#15291,#15293,.T.);
#15291 = VERTEX_POINT('',#15292);
#15292 = CARTESIAN_POINT('',(48.586061,-40.76245,-7.5E-02));
#15293 = LINE('',#15294,#15295);
#15294 = CARTESIAN_POINT('',(47.985368,-40.76245,-7.5E-02));
#15295 = VECTOR('',#15296,1.);
#15296 = DIRECTION('',(1.,0.,0.));
#15297 = ORIENTED_EDGE('',*,*,#15298,.T.);
#15298 = EDGE_CURVE('',#15291,#15299,#15301,.T.);
#15299 = VERTEX_POINT('',#15300);
#15300 = CARTESIAN_POINT('',(48.999663,-40.968731,-7.5E-02));
#15301 = LINE('',#15302,#15303);
#15302 = CARTESIAN_POINT('',(48.586061,-40.76245,-7.5E-02));
#15303 = VECTOR('',#15304,1.);
#15304 = DIRECTION('',(0.894876770694,-0.446313303938,0.));
#15305 = ORIENTED_EDGE('',*,*,#15306,.T.);
#15306 = EDGE_CURVE('',#15299,#15307,#15309,.T.);
#15307 = VERTEX_POINT('',#15308);
#15308 = CARTESIAN_POINT('',(49.067858,-41.035895,-7.5E-02));
#15309 = LINE('',#15310,#15311);
#15310 = CARTESIAN_POINT('',(48.999663,-40.968731,-7.5E-02));
#15311 = VECTOR('',#15312,1.);
#15312 = DIRECTION('',(0.712471992554,-0.701700548543,0.));
#15313 = ORIENTED_EDGE('',*,*,#15314,.T.);
#15314 = EDGE_CURVE('',#15307,#15315,#15317,.T.);
#15315 = VERTEX_POINT('',#15316);
#15316 = CARTESIAN_POINT('',(49.069299,-40.821377,-7.5E-02));
#15317 = LINE('',#15318,#15319);
#15318 = CARTESIAN_POINT('',(49.067858,-41.035895,-7.5E-02));
#15319 = VECTOR('',#15320,1.);
#15320 = DIRECTION('',(6.717233471271E-03,0.999977439133,0.));
#15321 = ORIENTED_EDGE('',*,*,#15322,.T.);
#15322 = EDGE_CURVE('',#15315,#15323,#15325,.T.);
#15323 = VERTEX_POINT('',#15324);
#15324 = CARTESIAN_POINT('',(49.217858,-40.836009,-7.5E-02));
#15325 = CIRCLE('',#15326,7.500006711464E-02);
#15326 = AXIS2_PLACEMENT_3D('',#15327,#15328,#15329);
#15327 = CARTESIAN_POINT('',(49.142857932885,-40.83600893288,-7.5E-02));
#15328 = DIRECTION('',(0.,0.,-1.));
#15329 = DIRECTION('',(-0.980784894138,0.195092263891,0.));
#15330 = ORIENTED_EDGE('',*,*,#15331,.T.);
#15331 = EDGE_CURVE('',#15323,#15332,#15334,.T.);
#15332 = VERTEX_POINT('',#15333);
#15333 = CARTESIAN_POINT('',(49.216417,-43.517308,-7.5E-02));
#15334 = LINE('',#15335,#15336);
#15335 = CARTESIAN_POINT('',(49.217858,-40.836009,-7.5E-02));
#15336 = VECTOR('',#15337,1.);
#15337 = DIRECTION('',(-5.374259983315E-04,-0.999999855587,0.));
#15338 = ORIENTED_EDGE('',*,*,#15339,.T.);
#15339 = EDGE_CURVE('',#15332,#15340,#15342,.T.);
#15340 = VERTEX_POINT('',#15341);
#15341 = CARTESIAN_POINT('',(49.067858,-43.502676,-7.5E-02));
#15342 = CIRCLE('',#15343,7.500006711464E-02);
#15343 = AXIS2_PLACEMENT_3D('',#15344,#15345,#15346);
#15344 = CARTESIAN_POINT('',(49.142858067115,-43.50267606711,-7.5E-02));
#15345 = DIRECTION('',(-0.,0.,-1.));
#15346 = DIRECTION('',(0.980784894138,-0.195092263891,-0.));
#15347 = ORIENTED_EDGE('',*,*,#15348,.T.);
#15348 = EDGE_CURVE('',#15340,#15349,#15351,.T.);
#15349 = VERTEX_POINT('',#15350);
#15350 = CARTESIAN_POINT('',(49.067858,-41.248027,-7.5E-02));
#15351 = LINE('',#15352,#15353);
#15352 = CARTESIAN_POINT('',(49.067858,-43.502676,-7.5E-02));
#15353 = VECTOR('',#15354,1.);
#15354 = DIRECTION('',(0.,1.,0.));
#15355 = ORIENTED_EDGE('',*,*,#15356,.T.);
#15356 = EDGE_CURVE('',#15349,#15357,#15359,.T.);
#15357 = VERTEX_POINT('',#15358);
#15358 = CARTESIAN_POINT('',(48.907954,-41.088124,-7.5E-02));
#15359 = LINE('',#15360,#15361);
#15360 = CARTESIAN_POINT('',(49.067858,-41.248027,-7.5E-02));
#15361 = VECTOR('',#15362,1.);
#15362 = DIRECTION('',(-0.707108992225,0.707104570141,0.));
#15363 = ORIENTED_EDGE('',*,*,#15364,.T.);
#15364 = EDGE_CURVE('',#15357,#15365,#15367,.T.);
#15365 = VERTEX_POINT('',#15366);
#15366 = CARTESIAN_POINT('',(48.553724,-40.911009,-7.5E-02));
#15367 = LINE('',#15368,#15369);
#15368 = CARTESIAN_POINT('',(48.907954,-41.088124,-7.5E-02));
#15369 = VECTOR('',#15370,1.);
#15370 = DIRECTION('',(-0.894427191,0.4472135955,0.));
#15371 = ORIENTED_EDGE('',*,*,#15372,.T.);
#15372 = EDGE_CURVE('',#15365,#15373,#15375,.T.);
#15373 = VERTEX_POINT('',#15374);
#15374 = CARTESIAN_POINT('',(48.017705,-40.911009,-7.5E-02));
#15375 = LINE('',#15376,#15377);
#15376 = CARTESIAN_POINT('',(48.553724,-40.911009,-7.5E-02));
#15377 = VECTOR('',#15378,1.);
#15378 = DIRECTION('',(-1.,0.,0.));
#15379 = ORIENTED_EDGE('',*,*,#15380,.T.);
#15380 = EDGE_CURVE('',#15373,#15381,#15383,.T.);
#15381 = VERTEX_POINT('',#15382);
#15382 = CARTESIAN_POINT('',(47.674949,-41.082386,-7.5E-02));
#15383 = LINE('',#15384,#15385);
#15384 = CARTESIAN_POINT('',(48.017705,-40.911009,-7.5E-02));
#15385 = VECTOR('',#15386,1.);
#15386 = DIRECTION('',(-0.894428234805,-0.447211507884,0.));
#15387 = ORIENTED_EDGE('',*,*,#15388,.T.);
#15388 = EDGE_CURVE('',#15381,#15389,#15391,.T.);
#15389 = VERTEX_POINT('',#15390);
#15390 = CARTESIAN_POINT('',(47.503572,-41.425142,-7.5E-02));
#15391 = LINE('',#15392,#15393);
#15392 = CARTESIAN_POINT('',(47.674949,-41.082386,-7.5E-02));
#15393 = VECTOR('',#15394,1.);
#15394 = DIRECTION('',(-0.447211507884,-0.894428234805,0.));
#15395 = ORIENTED_EDGE('',*,*,#15396,.T.);
#15396 = EDGE_CURVE('',#15389,#15397,#15399,.T.);
#15397 = VERTEX_POINT('',#15398);
#15398 = CARTESIAN_POINT('',(47.502131,-43.517308,-7.5E-02));
#15399 = LINE('',#15400,#15401);
#15400 = CARTESIAN_POINT('',(47.503572,-41.425142,-7.5E-02));
#15401 = VECTOR('',#15402,1.);
#15402 = DIRECTION('',(-6.887597151478E-04,-0.999999762805,0.));
#15403 = ORIENTED_EDGE('',*,*,#15404,.T.);
#15404 = EDGE_CURVE('',#15397,#15405,#15407,.T.);
#15405 = VERTEX_POINT('',#15406);
#15406 = CARTESIAN_POINT('',(47.353572,-43.502676,-7.5E-02));
#15407 = CIRCLE('',#15408,7.500006711464E-02);
#15408 = AXIS2_PLACEMENT_3D('',#15409,#15410,#15411);
#15409 = CARTESIAN_POINT('',(47.428572067115,-43.50267606711,-7.5E-02));
#15410 = DIRECTION('',(-0.,0.,-1.));
#15411 = DIRECTION('',(0.980784894138,-0.195092263891,-0.));
#15412 = ORIENTED_EDGE('',*,*,#15413,.T.);
#15413 = EDGE_CURVE('',#15405,#15414,#15416,.T.);
#15414 = VERTEX_POINT('',#15415);
#15415 = CARTESIAN_POINT('',(47.356235,-41.387629,-7.5E-02));
#15416 = LINE('',#15417,#15418);
#15417 = CARTESIAN_POINT('',(47.353572,-43.502676,-7.5E-02));
#15418 = VECTOR('',#15419,1.);
#15419 = DIRECTION('',(1.259072677448E-03,0.999999207368,0.));
#15420 = ORIENTED_EDGE('',*,*,#15421,.T.);
#15421 = EDGE_CURVE('',#15414,#15422,#15424,.T.);
#15422 = VERTEX_POINT('',#15423);
#15423 = CARTESIAN_POINT('',(47.559798,-40.980501,-7.5E-02));
#15424 = LINE('',#15425,#15426);
#15425 = CARTESIAN_POINT('',(47.356235,-41.387629,-7.5E-02));
#15426 = VECTOR('',#15427,1.);
#15427 = DIRECTION('',(0.447211837962,0.894428069767,0.));
#15428 = ORIENTED_EDGE('',*,*,#15429,.T.);
#15429 = EDGE_CURVE('',#15422,#15281,#15430,.T.);
#15430 = LINE('',#15431,#15432);
#15431 = CARTESIAN_POINT('',(47.559798,-40.980501,-7.5E-02));
#15432 = VECTOR('',#15433,1.);
#15433 = DIRECTION('',(0.773022706982,0.634378352791,0.));
#15434 = PLANE('',#15435);
#15435 = AXIS2_PLACEMENT_3D('',#15436,#15437,#15438);
#15436 = CARTESIAN_POINT('',(0.,0.,-7.5E-02));
#15437 = DIRECTION('',(-0.,-0.,-1.));
#15438 = DIRECTION('',(-1.,0.,0.));
#15439 = SHELL_BASED_SURFACE_MODEL('',(#15440));
#15440 = OPEN_SHELL('',(#15441));
#15441 = ADVANCED_FACE('',(#15442),#15494,.T.);
#15442 = FACE_BOUND('',#15443,.T.);
#15443 = EDGE_LOOP('',(#15444,#15455,#15463,#15472,#15480,#15488));
#15444 = ORIENTED_EDGE('',*,*,#15445,.T.);
#15445 = EDGE_CURVE('',#15446,#15448,#15450,.T.);
#15446 = VERTEX_POINT('',#15447);
#15447 = CARTESIAN_POINT('',(51.005952,-40.773649,-7.5E-02));
#15448 = VERTEX_POINT('',#15449);
#15449 = CARTESIAN_POINT('',(51.12262,-40.836009,-7.5E-02));
#15450 = CIRCLE('',#15451,7.500000000002E-02);
#15451 = AXIS2_PLACEMENT_3D('',#15452,#15453,#15454);
#15452 = CARTESIAN_POINT('',(51.04762,-40.83600906555,-7.5E-02));
#15453 = DIRECTION('',(0.,0.,-1.));
#15454 = DIRECTION('',(-0.555573333333,0.831467540731,0.));
#15455 = ORIENTED_EDGE('',*,*,#15456,.T.);
#15456 = EDGE_CURVE('',#15448,#15457,#15459,.T.);
#15457 = VERTEX_POINT('',#15458);
#15458 = CARTESIAN_POINT('',(51.121179,-43.517308,-7.5E-02));
#15459 = LINE('',#15460,#15461);
#15460 = CARTESIAN_POINT('',(51.12262,-40.836009,-7.5E-02));
#15461 = VECTOR('',#15462,1.);
#15462 = DIRECTION('',(-5.374259983315E-04,-0.999999855587,0.));
#15463 = ORIENTED_EDGE('',*,*,#15464,.T.);
#15464 = EDGE_CURVE('',#15457,#15465,#15467,.T.);
#15465 = VERTEX_POINT('',#15466);
#15466 = CARTESIAN_POINT('',(50.97262,-43.502676,-7.5E-02));
#15467 = CIRCLE('',#15468,7.500006711464E-02);
#15468 = AXIS2_PLACEMENT_3D('',#15469,#15470,#15471);
#15469 = CARTESIAN_POINT('',(51.047620067115,-43.50267606711,-7.5E-02));
#15470 = DIRECTION('',(-0.,0.,-1.));
#15471 = DIRECTION('',(0.980784894138,-0.195092263891,-0.));
#15472 = ORIENTED_EDGE('',*,*,#15473,.T.);
#15473 = EDGE_CURVE('',#15465,#15474,#15476,.T.);
#15474 = VERTEX_POINT('',#15475);
#15475 = CARTESIAN_POINT('',(50.974061,-40.821377,-7.5E-02));
#15476 = LINE('',#15477,#15478);
#15477 = CARTESIAN_POINT('',(50.97262,-43.502676,-7.5E-02));
#15478 = VECTOR('',#15479,1.);
#15479 = DIRECTION('',(5.374259983315E-04,0.999999855587,0.));
#15480 = ORIENTED_EDGE('',*,*,#15481,.T.);
#15481 = EDGE_CURVE('',#15474,#15482,#15484,.T.);
#15482 = VERTEX_POINT('',#15483);
#15483 = CARTESIAN_POINT('',(50.98526,-40.794341,-7.5E-02));
#15484 = LINE('',#15485,#15486);
#15485 = CARTESIAN_POINT('',(50.974061,-40.821377,-7.5E-02));
#15486 = VECTOR('',#15487,1.);
#15487 = DIRECTION('',(0.38269282806,0.923875640631,0.));
#15488 = ORIENTED_EDGE('',*,*,#15489,.T.);
#15489 = EDGE_CURVE('',#15482,#15446,#15490,.T.);
#15490 = LINE('',#15491,#15492);
#15491 = CARTESIAN_POINT('',(50.98526,-40.794341,-7.5E-02));
#15492 = VECTOR('',#15493,1.);
#15493 = DIRECTION('',(0.707106781187,0.707106781187,0.));
#15494 = PLANE('',#15495);
#15495 = AXIS2_PLACEMENT_3D('',#15496,#15497,#15498);
#15496 = CARTESIAN_POINT('',(0.,0.,-7.5E-02));
#15497 = DIRECTION('',(-0.,-0.,-1.));
#15498 = DIRECTION('',(-1.,0.,0.));
#15499 = SHELL_BASED_SURFACE_MODEL('',(#15500));
#15500 = OPEN_SHELL('',(#15501));
#15501 = ADVANCED_FACE('',(#15502),#15676,.T.);
#15502 = FACE_BOUND('',#15503,.T.);
#15503 = EDGE_LOOP('',(#15504,#15515,#15523,#15531,#15540,#15548,#15556,
    #15564,#15572,#15580,#15588,#15597,#15605,#15613,#15621,#15629,
    #15637,#15646,#15654,#15662,#15670));
#15504 = ORIENTED_EDGE('',*,*,#15505,.T.);
#15505 = EDGE_CURVE('',#15506,#15508,#15510,.T.);
#15506 = VERTEX_POINT('',#15507);
#15507 = CARTESIAN_POINT('',(60.720237,-39.440316,-7.5E-02));
#15508 = VERTEX_POINT('',#15509);
#15509 = CARTESIAN_POINT('',(60.836905,-39.502676,-7.5E-02));
#15510 = CIRCLE('',#15511,7.500000000003E-02);
#15511 = AXIS2_PLACEMENT_3D('',#15512,#15513,#15514);
#15512 = CARTESIAN_POINT('',(60.761905,-39.50267606555,-7.5E-02));
#15513 = DIRECTION('',(0.,0.,-1.));
#15514 = DIRECTION('',(-0.555573333333,0.831467540731,0.));
#15515 = ORIENTED_EDGE('',*,*,#15516,.T.);
#15516 = EDGE_CURVE('',#15508,#15517,#15519,.T.);
#15517 = VERTEX_POINT('',#15518);
#15518 = CARTESIAN_POINT('',(60.836905,-40.761009,-7.5E-02));
#15519 = LINE('',#15520,#15521);
#15520 = CARTESIAN_POINT('',(60.836905,-39.502676,-7.5E-02));
#15521 = VECTOR('',#15522,1.);
#15522 = DIRECTION('',(0.,-1.,0.));
#15523 = ORIENTED_EDGE('',*,*,#15524,.T.);
#15524 = EDGE_CURVE('',#15517,#15525,#15527,.T.);
#15525 = VERTEX_POINT('',#15526);
#15526 = CARTESIAN_POINT('',(61.347965,-40.76245,-7.5E-02));
#15527 = LINE('',#15528,#15529);
#15528 = CARTESIAN_POINT('',(60.836905,-40.761009,-7.5E-02));
#15529 = VECTOR('',#15530,1.);
#15530 = DIRECTION('',(0.999996024868,-2.819618580664E-03,0.));
#15531 = ORIENTED_EDGE('',*,*,#15532,.T.);
#15532 = EDGE_CURVE('',#15525,#15533,#15535,.T.);
#15533 = VERTEX_POINT('',#15534);
#15534 = CARTESIAN_POINT('',(61.333333,-40.911009,-7.5E-02));
#15535 = CIRCLE('',#15536,7.500006711464E-02);
#15536 = AXIS2_PLACEMENT_3D('',#15537,#15538,#15539);
#15537 = CARTESIAN_POINT('',(61.333333067115,-40.83600893288,-7.5E-02));
#15538 = DIRECTION('',(0.,0.,-1.));
#15539 = DIRECTION('',(0.195092263891,0.980784894138,0.));
#15540 = ORIENTED_EDGE('',*,*,#15541,.T.);
#15541 = EDGE_CURVE('',#15533,#15542,#15544,.T.);
#15542 = VERTEX_POINT('',#15543);
#15543 = CARTESIAN_POINT('',(60.836905,-40.911009,-7.5E-02));
#15544 = LINE('',#15545,#15546);
#15545 = CARTESIAN_POINT('',(61.333333,-40.911009,-7.5E-02));
#15546 = VECTOR('',#15547,1.);
#15547 = DIRECTION('',(-1.,0.,0.));
#15548 = ORIENTED_EDGE('',*,*,#15549,.T.);
#15549 = EDGE_CURVE('',#15542,#15550,#15552,.T.);
#15550 = VERTEX_POINT('',#15551);
#15551 = CARTESIAN_POINT('',(60.834242,-42.951056,-7.5E-02));
#15552 = LINE('',#15553,#15554);
#15553 = CARTESIAN_POINT('',(60.836905,-40.911009,-7.5E-02));
#15554 = VECTOR('',#15555,1.);
#15555 = DIRECTION('',(-1.305360970196E-03,-0.999999148016,0.));
#15556 = ORIENTED_EDGE('',*,*,#15557,.T.);
#15557 = EDGE_CURVE('',#15550,#15558,#15560,.T.);
#15558 = VERTEX_POINT('',#15559);
#15559 = CARTESIAN_POINT('',(60.630677,-43.358184,-7.5E-02));
#15560 = LINE('',#15561,#15562);
#15561 = CARTESIAN_POINT('',(60.834242,-42.951056,-7.5E-02));
#15562 = VECTOR('',#15563,1.);
#15563 = DIRECTION('',(-0.447215353032,-0.894426312231,0.));
#15564 = ORIENTED_EDGE('',*,*,#15565,.T.);
#15565 = EDGE_CURVE('',#15558,#15566,#15568,.T.);
#15566 = VERTEX_POINT('',#15567);
#15567 = CARTESIAN_POINT('',(60.604969,-43.379282,-7.5E-02));
#15568 = LINE('',#15569,#15570);
#15569 = CARTESIAN_POINT('',(60.630677,-43.358184,-7.5E-02));
#15570 = VECTOR('',#15571,1.);
#15571 = DIRECTION('',(-0.773010606047,-0.634393098117,0.));
#15572 = ORIENTED_EDGE('',*,*,#15573,.T.);
#15573 = EDGE_CURVE('',#15566,#15574,#15576,.T.);
#15574 = VERTEX_POINT('',#15575);
#15575 = CARTESIAN_POINT('',(60.205108,-43.576235,-7.5E-02));
#15576 = LINE('',#15577,#15578);
#15577 = CARTESIAN_POINT('',(60.604969,-43.379282,-7.5E-02));
#15578 = VECTOR('',#15579,1.);
#15579 = DIRECTION('',(-0.897083220142,-0.441861625557,0.));
#15580 = ORIENTED_EDGE('',*,*,#15581,.T.);
#15581 = EDGE_CURVE('',#15574,#15582,#15584,.T.);
#15582 = VERTEX_POINT('',#15583);
#15583 = CARTESIAN_POINT('',(59.794892,-43.576235,-7.5E-02));
#15584 = LINE('',#15585,#15586);
#15585 = CARTESIAN_POINT('',(60.205108,-43.576235,-7.5E-02));
#15586 = VECTOR('',#15587,1.);
#15587 = DIRECTION('',(-1.,0.,0.));
#15588 = ORIENTED_EDGE('',*,*,#15589,.T.);
#15589 = EDGE_CURVE('',#15582,#15590,#15592,.T.);
#15590 = VERTEX_POINT('',#15591);
#15591 = CARTESIAN_POINT('',(59.809524,-43.427676,-7.5E-02));
#15592 = CIRCLE('',#15593,7.500006711464E-02);
#15593 = AXIS2_PLACEMENT_3D('',#15594,#15595,#15596);
#15594 = CARTESIAN_POINT('',(59.809523932885,-43.50267606711,-7.5E-02));
#15595 = DIRECTION('',(0.,0.,-1.));
#15596 = DIRECTION('',(-0.195092263891,-0.980784894138,-0.));
#15597 = ORIENTED_EDGE('',*,*,#15598,.T.);
#15598 = EDGE_CURVE('',#15590,#15599,#15601,.T.);
#15599 = VERTEX_POINT('',#15600);
#15600 = CARTESIAN_POINT('',(60.172771,-43.427676,-7.5E-02));
#15601 = LINE('',#15602,#15603);
#15602 = CARTESIAN_POINT('',(59.809524,-43.427676,-7.5E-02));
#15603 = VECTOR('',#15604,1.);
#15604 = DIRECTION('',(1.,0.,0.));
#15605 = ORIENTED_EDGE('',*,*,#15606,.T.);
#15606 = EDGE_CURVE('',#15599,#15607,#15609,.T.);
#15607 = VERTEX_POINT('',#15608);
#15608 = CARTESIAN_POINT('',(60.515526,-43.256298,-7.5E-02));
#15609 = LINE('',#15610,#15611);
#15610 = CARTESIAN_POINT('',(60.172771,-43.427676,-7.5E-02));
#15611 = VECTOR('',#15612,1.);
#15612 = DIRECTION('',(0.894426669095,0.447214639308,0.));
#15613 = ORIENTED_EDGE('',*,*,#15614,.T.);
#15614 = EDGE_CURVE('',#15607,#15615,#15617,.T.);
#15615 = VERTEX_POINT('',#15616);
#15616 = CARTESIAN_POINT('',(60.686905,-42.913541,-7.5E-02));
#15617 = LINE('',#15618,#15619);
#15618 = CARTESIAN_POINT('',(60.515526,-43.256298,-7.5E-02));
#15619 = VECTOR('',#15620,1.);
#15620 = DIRECTION('',(0.447214639302,0.894426669098,0.));
#15621 = ORIENTED_EDGE('',*,*,#15622,.T.);
#15622 = EDGE_CURVE('',#15615,#15623,#15625,.T.);
#15623 = VERTEX_POINT('',#15624);
#15624 = CARTESIAN_POINT('',(60.686905,-40.911009,-7.5E-02));
#15625 = LINE('',#15626,#15627);
#15626 = CARTESIAN_POINT('',(60.686905,-42.913541,-7.5E-02));
#15627 = VECTOR('',#15628,1.);
#15628 = DIRECTION('',(0.,1.,0.));
#15629 = ORIENTED_EDGE('',*,*,#15630,.T.);
#15630 = EDGE_CURVE('',#15623,#15631,#15633,.T.);
#15631 = VERTEX_POINT('',#15632);
#15632 = CARTESIAN_POINT('',(59.794892,-40.909568,-7.5E-02));
#15633 = LINE('',#15634,#15635);
#15634 = CARTESIAN_POINT('',(60.686905,-40.911009,-7.5E-02));
#15635 = VECTOR('',#15636,1.);
#15636 = DIRECTION('',(-0.999998695168,1.615445200615E-03,0.));
#15637 = ORIENTED_EDGE('',*,*,#15638,.T.);
#15638 = EDGE_CURVE('',#15631,#15639,#15641,.T.);
#15639 = VERTEX_POINT('',#15640);
#15640 = CARTESIAN_POINT('',(59.809524,-40.761009,-7.5E-02));
#15641 = CIRCLE('',#15642,7.500006711464E-02);
#15642 = AXIS2_PLACEMENT_3D('',#15643,#15644,#15645);
#15643 = CARTESIAN_POINT('',(59.809523932885,-40.83600906711,-7.5E-02));
#15644 = DIRECTION('',(0.,0.,-1.));
#15645 = DIRECTION('',(-0.195092263891,-0.980784894138,-0.));
#15646 = ORIENTED_EDGE('',*,*,#15647,.T.);
#15647 = EDGE_CURVE('',#15639,#15648,#15650,.T.);
#15648 = VERTEX_POINT('',#15649);
#15649 = CARTESIAN_POINT('',(60.686905,-40.761009,-7.5E-02));
#15650 = LINE('',#15651,#15652);
#15651 = CARTESIAN_POINT('',(59.809524,-40.761009,-7.5E-02));
#15652 = VECTOR('',#15653,1.);
#15653 = DIRECTION('',(1.,0.,0.));
#15654 = ORIENTED_EDGE('',*,*,#15655,.T.);
#15655 = EDGE_CURVE('',#15648,#15656,#15658,.T.);
#15656 = VERTEX_POINT('',#15657);
#15657 = CARTESIAN_POINT('',(60.688346,-39.488044,-7.5E-02));
#15658 = LINE('',#15659,#15660);
#15659 = CARTESIAN_POINT('',(60.686905,-40.761009,-7.5E-02));
#15660 = VECTOR('',#15661,1.);
#15661 = DIRECTION('',(1.132002118464E-03,0.999999359285,0.));
#15662 = ORIENTED_EDGE('',*,*,#15663,.T.);
#15663 = EDGE_CURVE('',#15656,#15664,#15666,.T.);
#15664 = VERTEX_POINT('',#15665);
#15665 = CARTESIAN_POINT('',(60.699545,-39.461008,-7.5E-02));
#15666 = LINE('',#15667,#15668);
#15667 = CARTESIAN_POINT('',(60.688346,-39.488044,-7.5E-02));
#15668 = VECTOR('',#15669,1.);
#15669 = DIRECTION('',(0.38269282806,0.923875640631,0.));
#15670 = ORIENTED_EDGE('',*,*,#15671,.T.);
#15671 = EDGE_CURVE('',#15664,#15506,#15672,.T.);
#15672 = LINE('',#15673,#15674);
#15673 = CARTESIAN_POINT('',(60.699545,-39.461008,-7.5E-02));
#15674 = VECTOR('',#15675,1.);
#15675 = DIRECTION('',(0.707106781187,0.707106781187,0.));
#15676 = PLANE('',#15677);
#15677 = AXIS2_PLACEMENT_3D('',#15678,#15679,#15680);
#15678 = CARTESIAN_POINT('',(0.,0.,-7.5E-02));
#15679 = DIRECTION('',(-0.,-0.,-1.));
#15680 = DIRECTION('',(-1.,0.,0.));
#15681 = SHELL_BASED_SURFACE_MODEL('',(#15682));
#15682 = OPEN_SHELL('',(#15683));
#15683 = ADVANCED_FACE('',(#15684,#15769,#15795),#15821,.T.);
#15684 = FACE_BOUND('',#15685,.T.);
#15685 = EDGE_LOOP('',(#15686,#15697,#15705,#15714,#15722,#15731,#15739,
    #15747,#15755,#15763));
#15686 = ORIENTED_EDGE('',*,*,#15687,.T.);
#15687 = EDGE_CURVE('',#15688,#15690,#15692,.T.);
#15688 = VERTEX_POINT('',#15689);
#15689 = CARTESIAN_POINT('',(51.005952,-39.440316,-7.5E-02));
#15690 = VERTEX_POINT('',#15691);
#15691 = CARTESIAN_POINT('',(51.089288,-39.440316,-7.5E-02));
#15692 = CIRCLE('',#15693,7.499882881842E-02);
#15693 = AXIS2_PLACEMENT_3D('',#15694,#15695,#15696);
#15694 = CARTESIAN_POINT('',(51.04762,-39.50267465697,-7.5E-02));
#15695 = DIRECTION('',(0.,0.,-1.));
#15696 = DIRECTION('',(-0.555582009166,0.831461743613,0.));
#15697 = ORIENTED_EDGE('',*,*,#15698,.T.);
#15698 = EDGE_CURVE('',#15690,#15699,#15701,.T.);
#15699 = VERTEX_POINT('',#15700);
#15700 = CARTESIAN_POINT('',(51.300457,-39.651485,-7.5E-02));
#15701 = LINE('',#15702,#15703);
#15702 = CARTESIAN_POINT('',(51.089288,-39.440316,-7.5E-02));
#15703 = VECTOR('',#15704,1.);
#15704 = DIRECTION('',(0.707106781187,-0.707106781187,0.));
#15705 = ORIENTED_EDGE('',*,*,#15706,.T.);
#15706 = EDGE_CURVE('',#15699,#15707,#15709,.T.);
#15707 = VERTEX_POINT('',#15708);
#15708 = CARTESIAN_POINT('',(51.291129,-39.746185,-7.5E-02));
#15709 = CIRCLE('',#15710,7.500097510411E-02);
#15710 = AXIS2_PLACEMENT_3D('',#15711,#15712,#15713);
#15711 = CARTESIAN_POINT('',(51.23809489739,-39.69315170642,-7.5E-02));
#15712 = DIRECTION('',(0.,0.,-1.));
#15713 = DIRECTION('',(0.831483891018,0.555548862818,0.));
#15714 = ORIENTED_EDGE('',*,*,#15715,.T.);
#15715 = EDGE_CURVE('',#15707,#15716,#15718,.T.);
#15716 = VERTEX_POINT('',#15717);
#15717 = CARTESIAN_POINT('',(51.089288,-39.945988,-7.5E-02));
#15718 = LINE('',#15719,#15720);
#15719 = CARTESIAN_POINT('',(51.291129,-39.746185,-7.5E-02));
#15720 = VECTOR('',#15721,1.);
#15721 = DIRECTION('',(-0.710685594776,-0.703509762105,0.));
#15722 = ORIENTED_EDGE('',*,*,#15723,.T.);
#15723 = EDGE_CURVE('',#15716,#15724,#15726,.T.);
#15724 = VERTEX_POINT('',#15725);
#15725 = CARTESIAN_POINT('',(50.994587,-39.936661,-7.5E-02));
#15726 = CIRCLE('',#15727,7.499999203864E-02);
#15727 = AXIS2_PLACEMENT_3D('',#15728,#15729,#15730);
#15728 = CARTESIAN_POINT('',(51.047619969991,-39.88362796407,-7.5E-02));
#15729 = DIRECTION('',(-0.,0.,-1.));
#15730 = DIRECTION('',(0.555573792431,-0.831467233969,-0.));
#15731 = ORIENTED_EDGE('',*,*,#15732,.T.);
#15732 = EDGE_CURVE('',#15724,#15733,#15735,.T.);
#15733 = VERTEX_POINT('',#15734);
#15734 = CARTESIAN_POINT('',(50.794782,-39.73482,-7.5E-02));
#15735 = LINE('',#15736,#15737);
#15736 = CARTESIAN_POINT('',(50.994587,-39.936661,-7.5E-02));
#15737 = VECTOR('',#15738,1.);
#15738 = DIRECTION('',(-0.703513318827,0.710682073949,0.));
#15739 = ORIENTED_EDGE('',*,*,#15740,.T.);
#15740 = EDGE_CURVE('',#15733,#15741,#15743,.T.);
#15741 = VERTEX_POINT('',#15742);
#15742 = CARTESIAN_POINT('',(50.783584,-39.707783,-7.5E-02));
#15743 = LINE('',#15744,#15745);
#15744 = CARTESIAN_POINT('',(50.794782,-39.73482,-7.5E-02));
#15745 = VECTOR('',#15746,1.);
#15746 = DIRECTION('',(-0.382651579124,0.923892725913,0.));
#15747 = ORIENTED_EDGE('',*,*,#15748,.T.);
#15748 = EDGE_CURVE('',#15741,#15749,#15751,.T.);
#15749 = VERTEX_POINT('',#15750);
#15750 = CARTESIAN_POINT('',(50.786863,-39.670601,-7.5E-02));
#15751 = LINE('',#15752,#15753);
#15752 = CARTESIAN_POINT('',(50.783584,-39.707783,-7.5E-02));
#15753 = VECTOR('',#15754,1.);
#15754 = DIRECTION('',(8.784689762577E-02,0.996133988265,0.));
#15755 = ORIENTED_EDGE('',*,*,#15756,.T.);
#15756 = EDGE_CURVE('',#15749,#15757,#15759,.T.);
#15757 = VERTEX_POINT('',#15758);
#15758 = CARTESIAN_POINT('',(50.80411,-39.640119,-7.5E-02));
#15759 = LINE('',#15760,#15761);
#15760 = CARTESIAN_POINT('',(50.786863,-39.670601,-7.5E-02));
#15761 = VECTOR('',#15762,1.);
#15762 = DIRECTION('',(0.492447658613,0.870342061219,0.));
#15763 = ORIENTED_EDGE('',*,*,#15764,.T.);
#15764 = EDGE_CURVE('',#15757,#15688,#15765,.T.);
#15765 = LINE('',#15766,#15767);
#15766 = CARTESIAN_POINT('',(50.80411,-39.640119,-7.5E-02));
#15767 = VECTOR('',#15768,1.);
#15768 = DIRECTION('',(0.710687337413,0.70350800169,0.));
#15769 = FACE_BOUND('',#15770,.T.);
#15770 = EDGE_LOOP('',(#15771,#15781,#15789));
#15771 = ORIENTED_EDGE('',*,*,#15772,.T.);
#15772 = EDGE_CURVE('',#15773,#15775,#15777,.T.);
#15773 = VERTEX_POINT('',#15774);
#15774 = CARTESIAN_POINT('',(50.963209,-39.693152,-7.5E-02));
#15775 = VERTEX_POINT('',#15776);
#15776 = CARTESIAN_POINT('',(50.97262,-39.702562,-7.5E-02));
#15777 = LINE('',#15778,#15779);
#15778 = CARTESIAN_POINT('',(50.963209,-39.693152,-7.5E-02));
#15779 = VECTOR('',#15780,1.);
#15780 = DIRECTION('',(0.707144350285,-0.707069210092,0.));
#15781 = ORIENTED_EDGE('',*,*,#15782,.T.);
#15782 = EDGE_CURVE('',#15775,#15783,#15785,.T.);
#15783 = VERTEX_POINT('',#15784);
#15784 = CARTESIAN_POINT('',(50.97262,-39.683741,-7.5E-02));
#15785 = LINE('',#15786,#15787);
#15786 = CARTESIAN_POINT('',(50.97262,-39.702562,-7.5E-02));
#15787 = VECTOR('',#15788,1.);
#15788 = DIRECTION('',(0.,1.,0.));
#15789 = ORIENTED_EDGE('',*,*,#15790,.T.);
#15790 = EDGE_CURVE('',#15783,#15773,#15791,.T.);
#15791 = LINE('',#15792,#15793);
#15792 = CARTESIAN_POINT('',(50.97262,-39.683741,-7.5E-02));
#15793 = VECTOR('',#15794,1.);
#15794 = DIRECTION('',(-0.707106781187,-0.707106781187,0.));
#15795 = FACE_BOUND('',#15796,.T.);
#15796 = EDGE_LOOP('',(#15797,#15807,#15815));
#15797 = ORIENTED_EDGE('',*,*,#15798,.T.);
#15798 = EDGE_CURVE('',#15799,#15801,#15803,.T.);
#15799 = VERTEX_POINT('',#15800);
#15800 = CARTESIAN_POINT('',(51.12262,-39.702562,-7.5E-02));
#15801 = VERTEX_POINT('',#15802);
#15802 = CARTESIAN_POINT('',(51.13203,-39.693152,-7.5E-02));
#15803 = LINE('',#15804,#15805);
#15804 = CARTESIAN_POINT('',(51.12262,-39.702562,-7.5E-02));
#15805 = VECTOR('',#15806,1.);
#15806 = DIRECTION('',(0.707106781187,0.707106781187,0.));
#15807 = ORIENTED_EDGE('',*,*,#15808,.T.);
#15808 = EDGE_CURVE('',#15801,#15809,#15811,.T.);
#15809 = VERTEX_POINT('',#15810);
#15810 = CARTESIAN_POINT('',(51.12262,-39.683742,-7.5E-02));
#15811 = LINE('',#15812,#15813);
#15812 = CARTESIAN_POINT('',(51.13203,-39.693152,-7.5E-02));
#15813 = VECTOR('',#15814,1.);
#15814 = DIRECTION('',(-0.707106781187,0.707106781186,0.));
#15815 = ORIENTED_EDGE('',*,*,#15816,.T.);
#15816 = EDGE_CURVE('',#15809,#15799,#15817,.T.);
#15817 = LINE('',#15818,#15819);
#15818 = CARTESIAN_POINT('',(51.12262,-39.683742,-7.5E-02));
#15819 = VECTOR('',#15820,1.);
#15820 = DIRECTION('',(0.,-1.,0.));
#15821 = PLANE('',#15822);
#15822 = AXIS2_PLACEMENT_3D('',#15823,#15824,#15825);
#15823 = CARTESIAN_POINT('',(0.,0.,-7.5E-02));
#15824 = DIRECTION('',(-0.,-0.,-1.));
#15825 = DIRECTION('',(-1.,0.,0.));
#15826 = SHELL_BASED_SURFACE_MODEL('',(#15827));
#15827 = OPEN_SHELL('',(#15828));
#15828 = ADVANCED_FACE('',(#15829),#15863,.T.);
#15829 = FACE_BOUND('',#15830,.T.);
#15830 = EDGE_LOOP('',(#15831,#15841,#15849,#15857));
#15831 = ORIENTED_EDGE('',*,*,#15832,.T.);
#15832 = EDGE_CURVE('',#15833,#15835,#15837,.T.);
#15833 = VERTEX_POINT('',#15834);
#15834 = CARTESIAN_POINT('',(38.2,-32.6,-7.5E-02));
#15835 = VERTEX_POINT('',#15836);
#15836 = CARTESIAN_POINT('',(36.7,-32.6,-7.5E-02));
#15837 = LINE('',#15838,#15839);
#15838 = CARTESIAN_POINT('',(38.2,-32.6,-7.5E-02));
#15839 = VECTOR('',#15840,1.);
#15840 = DIRECTION('',(-1.,0.,0.));
#15841 = ORIENTED_EDGE('',*,*,#15842,.T.);
#15842 = EDGE_CURVE('',#15835,#15843,#15845,.T.);
#15843 = VERTEX_POINT('',#15844);
#15844 = CARTESIAN_POINT('',(36.7,-24.5,-7.5E-02));
#15845 = LINE('',#15846,#15847);
#15846 = CARTESIAN_POINT('',(36.7,-32.6,-7.5E-02));
#15847 = VECTOR('',#15848,1.);
#15848 = DIRECTION('',(0.,1.,0.));
#15849 = ORIENTED_EDGE('',*,*,#15850,.T.);
#15850 = EDGE_CURVE('',#15843,#15851,#15853,.T.);
#15851 = VERTEX_POINT('',#15852);
#15852 = CARTESIAN_POINT('',(38.2,-25.4,-7.5E-02));
#15853 = LINE('',#15854,#15855);
#15854 = CARTESIAN_POINT('',(36.7,-24.5,-7.5E-02));
#15855 = VECTOR('',#15856,1.);
#15856 = DIRECTION('',(0.857492925713,-0.514495755428,0.));
#15857 = ORIENTED_EDGE('',*,*,#15858,.T.);
#15858 = EDGE_CURVE('',#15851,#15833,#15859,.T.);
#15859 = LINE('',#15860,#15861);
#15860 = CARTESIAN_POINT('',(38.2,-25.4,-7.5E-02));
#15861 = VECTOR('',#15862,1.);
#15862 = DIRECTION('',(0.,-1.,0.));
#15863 = PLANE('',#15864);
#15864 = AXIS2_PLACEMENT_3D('',#15865,#15866,#15867);
#15865 = CARTESIAN_POINT('',(0.,0.,-7.5E-02));
#15866 = DIRECTION('',(-0.,-0.,-1.));
#15867 = DIRECTION('',(-1.,0.,0.));
#15868 = SHELL_BASED_SURFACE_MODEL('',(#15869));
#15869 = OPEN_SHELL('',(#15870));
#15870 = ADVANCED_FACE('',(#15871),#15969,.T.);
#15871 = FACE_BOUND('',#15872,.T.);
#15872 = EDGE_LOOP('',(#15873,#15883,#15891,#15899,#15907,#15915,#15923,
    #15931,#15939,#15947,#15955,#15963));
#15873 = ORIENTED_EDGE('',*,*,#15874,.T.);
#15874 = EDGE_CURVE('',#15875,#15877,#15879,.T.);
#15875 = VERTEX_POINT('',#15876);
#15876 = CARTESIAN_POINT('',(34.2,-21.9,-7.5E-02));
#15877 = VERTEX_POINT('',#15878);
#15878 = CARTESIAN_POINT('',(34.2,-20.4,-7.5E-02));
#15879 = LINE('',#15880,#15881);
#15880 = CARTESIAN_POINT('',(34.2,-21.9,-7.5E-02));
#15881 = VECTOR('',#15882,1.);
#15882 = DIRECTION('',(0.,1.,0.));
#15883 = ORIENTED_EDGE('',*,*,#15884,.T.);
#15884 = EDGE_CURVE('',#15877,#15885,#15887,.T.);
#15885 = VERTEX_POINT('',#15886);
#15886 = CARTESIAN_POINT('',(45.8,-20.4,-7.5E-02));
#15887 = LINE('',#15888,#15889);
#15888 = CARTESIAN_POINT('',(34.2,-20.4,-7.5E-02));
#15889 = VECTOR('',#15890,1.);
#15890 = DIRECTION('',(1.,0.,0.));
#15891 = ORIENTED_EDGE('',*,*,#15892,.T.);
#15892 = EDGE_CURVE('',#15885,#15893,#15895,.T.);
#15893 = VERTEX_POINT('',#15894);
#15894 = CARTESIAN_POINT('',(45.8,-21.9,-7.5E-02));
#15895 = LINE('',#15896,#15897);
#15896 = CARTESIAN_POINT('',(45.8,-20.4,-7.5E-02));
#15897 = VECTOR('',#15898,1.);
#15898 = DIRECTION('',(0.,-1.,0.));
#15899 = ORIENTED_EDGE('',*,*,#15900,.T.);
#15900 = EDGE_CURVE('',#15893,#15901,#15903,.T.);
#15901 = VERTEX_POINT('',#15902);
#15902 = CARTESIAN_POINT('',(43.1,-21.9,-7.5E-02));
#15903 = LINE('',#15904,#15905);
#15904 = CARTESIAN_POINT('',(45.8,-21.9,-7.5E-02));
#15905 = VECTOR('',#15906,1.);
#15906 = DIRECTION('',(-1.,0.,0.));
#15907 = ORIENTED_EDGE('',*,*,#15908,.T.);
#15908 = EDGE_CURVE('',#15901,#15909,#15911,.T.);
#15909 = VERTEX_POINT('',#15910);
#15910 = CARTESIAN_POINT('',(43.1,-32.6,-7.5E-02));
#15911 = LINE('',#15912,#15913);
#15912 = CARTESIAN_POINT('',(43.1,-21.9,-7.5E-02));
#15913 = VECTOR('',#15914,1.);
#15914 = DIRECTION('',(0.,-1.,0.));
#15915 = ORIENTED_EDGE('',*,*,#15916,.T.);
#15916 = EDGE_CURVE('',#15909,#15917,#15919,.T.);
#15917 = VERTEX_POINT('',#15918);
#15918 = CARTESIAN_POINT('',(41.6,-32.6,-7.5E-02));
#15919 = LINE('',#15920,#15921);
#15920 = CARTESIAN_POINT('',(43.1,-32.6,-7.5E-02));
#15921 = VECTOR('',#15922,1.);
#15922 = DIRECTION('',(-1.,0.,0.));
#15923 = ORIENTED_EDGE('',*,*,#15924,.T.);
#15924 = EDGE_CURVE('',#15917,#15925,#15927,.T.);
#15925 = VERTEX_POINT('',#15926);
#15926 = CARTESIAN_POINT('',(41.6,-21.9,-7.5E-02));
#15927 = LINE('',#15928,#15929);
#15928 = CARTESIAN_POINT('',(41.6,-32.6,-7.5E-02));
#15929 = VECTOR('',#15930,1.);
#15930 = DIRECTION('',(0.,1.,0.));
#15931 = ORIENTED_EDGE('',*,*,#15932,.T.);
#15932 = EDGE_CURVE('',#15925,#15933,#15935,.T.);
#15933 = VERTEX_POINT('',#15934);
#15934 = CARTESIAN_POINT('',(38.2,-21.9,-7.5E-02));
#15935 = LINE('',#15936,#15937);
#15936 = CARTESIAN_POINT('',(41.6,-21.9,-7.5E-02));
#15937 = VECTOR('',#15938,1.);
#15938 = DIRECTION('',(-1.,0.,0.));
#15939 = ORIENTED_EDGE('',*,*,#15940,.T.);
#15940 = EDGE_CURVE('',#15933,#15941,#15943,.T.);
#15941 = VERTEX_POINT('',#15942);
#15942 = CARTESIAN_POINT('',(38.2,-24.7,-7.5E-02));
#15943 = LINE('',#15944,#15945);
#15944 = CARTESIAN_POINT('',(38.2,-21.9,-7.5E-02));
#15945 = VECTOR('',#15946,1.);
#15946 = DIRECTION('',(0.,-1.,0.));
#15947 = ORIENTED_EDGE('',*,*,#15948,.T.);
#15948 = EDGE_CURVE('',#15941,#15949,#15951,.T.);
#15949 = VERTEX_POINT('',#15950);
#15950 = CARTESIAN_POINT('',(36.7,-23.8,-7.5E-02));
#15951 = LINE('',#15952,#15953);
#15952 = CARTESIAN_POINT('',(38.2,-24.7,-7.5E-02));
#15953 = VECTOR('',#15954,1.);
#15954 = DIRECTION('',(-0.857492925713,0.514495755428,0.));
#15955 = ORIENTED_EDGE('',*,*,#15956,.T.);
#15956 = EDGE_CURVE('',#15949,#15957,#15959,.T.);
#15957 = VERTEX_POINT('',#15958);
#15958 = CARTESIAN_POINT('',(36.7,-21.9,-7.5E-02));
#15959 = LINE('',#15960,#15961);
#15960 = CARTESIAN_POINT('',(36.7,-23.8,-7.5E-02));
#15961 = VECTOR('',#15962,1.);
#15962 = DIRECTION('',(0.,1.,0.));
#15963 = ORIENTED_EDGE('',*,*,#15964,.T.);
#15964 = EDGE_CURVE('',#15957,#15875,#15965,.T.);
#15965 = LINE('',#15966,#15967);
#15966 = CARTESIAN_POINT('',(36.7,-21.9,-7.5E-02));
#15967 = VECTOR('',#15968,1.);
#15968 = DIRECTION('',(-1.,0.,0.));
#15969 = PLANE('',#15970);
#15970 = AXIS2_PLACEMENT_3D('',#15971,#15972,#15973);
#15971 = CARTESIAN_POINT('',(0.,0.,-7.5E-02));
#15972 = DIRECTION('',(-0.,-0.,-1.));
#15973 = DIRECTION('',(-1.,0.,0.));
#15974 = SHELL_BASED_SURFACE_MODEL('',(#15975));
#15975 = OPEN_SHELL('',(#15976));
#15976 = ADVANCED_FACE('',(#15977,#15988),#15999,.T.);
#15977 = FACE_BOUND('',#15978,.F.);
#15978 = EDGE_LOOP('',(#15979));
#15979 = ORIENTED_EDGE('',*,*,#15980,.T.);
#15980 = EDGE_CURVE('',#15981,#15981,#15983,.T.);
#15981 = VERTEX_POINT('',#15982);
#15982 = CARTESIAN_POINT('',(50.5,-26.,-7.5E-02));
#15983 = CIRCLE('',#15984,10.5);
#15984 = AXIS2_PLACEMENT_3D('',#15985,#15986,#15987);
#15985 = CARTESIAN_POINT('',(40.,-26.,-7.5E-02));
#15986 = DIRECTION('',(0.,0.,1.));
#15987 = DIRECTION('',(1.,0.,-0.));
#15988 = FACE_BOUND('',#15989,.T.);
#15989 = EDGE_LOOP('',(#15990));
#15990 = ORIENTED_EDGE('',*,*,#15991,.T.);
#15991 = EDGE_CURVE('',#15992,#15992,#15994,.T.);
#15992 = VERTEX_POINT('',#15993);
#15993 = CARTESIAN_POINT('',(49.504336,-26.,-7.5E-02));
#15994 = CIRCLE('',#15995,9.504336);
#15995 = AXIS2_PLACEMENT_3D('',#15996,#15997,#15998);
#15996 = CARTESIAN_POINT('',(40.,-26.,-7.5E-02));
#15997 = DIRECTION('',(0.,0.,1.));
#15998 = DIRECTION('',(1.,0.,-0.));
#15999 = PLANE('',#16000);
#16000 = AXIS2_PLACEMENT_3D('',#16001,#16002,#16003);
#16001 = CARTESIAN_POINT('',(0.,0.,-7.5E-02));
#16002 = DIRECTION('',(-0.,-0.,-1.));
#16003 = DIRECTION('',(-1.,0.,0.));
#16004 = ( GEOMETRIC_REPRESENTATION_CONTEXT(3) 
GLOBAL_UNCERTAINTY_ASSIGNED_CONTEXT((#16008)) 
GLOBAL_UNIT_ASSIGNED_CONTEXT((#16005,#16006,#16007)) 
REPRESENTATION_CONTEXT('Context #1',
  '3D Context with UNIT and UNCERTAINTY') );
#16005 = ( LENGTH_UNIT() NAMED_UNIT(*) SI_UNIT(.MILLI.,.METRE.) );
#16006 = ( NAMED_UNIT(*) PLANE_ANGLE_UNIT() SI_UNIT($,.RADIAN.) );
#16007 = ( NAMED_UNIT(*) SI_UNIT($,.STERADIAN.) SOLID_ANGLE_UNIT() );
#16008 = UNCERTAINTY_MEASURE_WITH_UNIT(LENGTH_MEASURE(1.E-07),#16005,
  'distance_accuracy_value','confusion accuracy');
#16009 = CONTEXT_DEPENDENT_SHAPE_REPRESENTATION(#16010,#16012);
#16010 = ( REPRESENTATION_RELATIONSHIP('','',#2363,#10) 
REPRESENTATION_RELATIONSHIP_WITH_TRANSFORMATION(#16011) 
SHAPE_REPRESENTATION_RELATIONSHIP() );
#16011 = ITEM_DEFINED_TRANSFORMATION('','',#11,#19);
#16012 = PRODUCT_DEFINITION_SHAPE('Placement','Placement of an item',
  #16013);
#16013 = NEXT_ASSEMBLY_USAGE_OCCURRENCE('2','=>[0:1:1:3]','',#5,#2358,$
  );
#16014 = PRODUCT_RELATED_PRODUCT_CATEGORY('part',$,(#2360));
#16015 = SHAPE_DEFINITION_REPRESENTATION(#16016,#16022);
#16016 = PRODUCT_DEFINITION_SHAPE('','',#16017);
#16017 = PRODUCT_DEFINITION('design','',#16018,#16021);
#16018 = PRODUCT_DEFINITION_FORMATION('','',#16019);
#16019 = PRODUCT('tube_screamer_bottom_plate_soldermask',
  'tube_screamer_bottom_plate_soldermask','',(#16020));
#16020 = PRODUCT_CONTEXT('',#2,'mechanical');
#16021 = PRODUCT_DEFINITION_CONTEXT('part definition',#2,'design');
#16022 = SHAPE_REPRESENTATION('',(#11,#16023,#16220),#16417);
#16023 = SHELL_BASED_SURFACE_MODEL('',(#16024));
#16024 = OPEN_SHELL('',(#16025));
#16025 = ADVANCED_FACE('',(#16026,#16160,#16171,#16182,#16193,#16204),
  #16215,.T.);
#16026 = FACE_BOUND('',#16027,.F.);
#16027 = EDGE_LOOP('',(#16028,#16039,#16047,#16055,#16063,#16072,#16080,
    #16088,#16096,#16105,#16113,#16121,#16129,#16138,#16146,#16154));
#16028 = ORIENTED_EDGE('',*,*,#16029,.T.);
#16029 = EDGE_CURVE('',#16030,#16032,#16034,.T.);
#16030 = VERTEX_POINT('',#16031);
#16031 = CARTESIAN_POINT('',(2.379999999999E-03,-4.781799,1.56));
#16032 = VERTEX_POINT('',#16033);
#16033 = CARTESIAN_POINT('',(4.781799,-2.379999999999E-03,1.56));
#16034 = CIRCLE('',#16035,5.00237912856);
#16035 = AXIS2_PLACEMENT_3D('',#16036,#16037,#16038);
#16036 = CARTESIAN_POINT('',(4.999998044895,-4.999998044895,1.56));
#16037 = DIRECTION('',(0.,0.,-1.));
#16038 = DIRECTION('',(-0.999048236141,4.361905391159E-02,0.));
#16039 = ORIENTED_EDGE('',*,*,#16040,.T.);
#16040 = EDGE_CURVE('',#16032,#16041,#16043,.T.);
#16041 = VERTEX_POINT('',#16042);
#16042 = CARTESIAN_POINT('',(5.,-0.,1.56));
#16043 = LINE('',#16044,#16045);
#16044 = CARTESIAN_POINT('',(4.781799,-2.38E-03,1.56));
#16045 = VECTOR('',#16046,1.);
#16046 = DIRECTION('',(0.999940519899,1.090672562161E-02,0.));
#16047 = ORIENTED_EDGE('',*,*,#16048,.T.);
#16048 = EDGE_CURVE('',#16041,#16049,#16051,.T.);
#16049 = VERTEX_POINT('',#16050);
#16050 = CARTESIAN_POINT('',(75.,-0.,1.56));
#16051 = LINE('',#16052,#16053);
#16052 = CARTESIAN_POINT('',(5.,-0.,1.56));
#16053 = VECTOR('',#16054,1.);
#16054 = DIRECTION('',(1.,0.,0.));
#16055 = ORIENTED_EDGE('',*,*,#16056,.T.);
#16056 = EDGE_CURVE('',#16049,#16057,#16059,.T.);
#16057 = VERTEX_POINT('',#16058);
#16058 = CARTESIAN_POINT('',(75.218201,-2.379999999998E-03,1.56));
#16059 = LINE('',#16060,#16061);
#16060 = CARTESIAN_POINT('',(75.,-0.,1.56));
#16061 = VECTOR('',#16062,1.);
#16062 = DIRECTION('',(0.999940519899,-1.090672562161E-02,0.));
#16063 = ORIENTED_EDGE('',*,*,#16064,.T.);
#16064 = EDGE_CURVE('',#16057,#16065,#16067,.T.);
#16065 = VERTEX_POINT('',#16066);
#16066 = CARTESIAN_POINT('',(79.99762,-4.781799,1.56));
#16067 = CIRCLE('',#16068,5.00237912856);
#16068 = AXIS2_PLACEMENT_3D('',#16069,#16070,#16071);
#16069 = CARTESIAN_POINT('',(75.000001955105,-4.999998044895,1.56));
#16070 = DIRECTION('',(0.,0.,-1.));
#16071 = DIRECTION('',(4.361905391159E-02,0.999048236141,0.));
#16072 = ORIENTED_EDGE('',*,*,#16073,.T.);
#16073 = EDGE_CURVE('',#16065,#16074,#16076,.T.);
#16074 = VERTEX_POINT('',#16075);
#16075 = CARTESIAN_POINT('',(80.,-5.,1.56));
#16076 = LINE('',#16077,#16078);
#16077 = CARTESIAN_POINT('',(79.99762,-4.781799,1.56));
#16078 = VECTOR('',#16079,1.);
#16079 = DIRECTION('',(1.090672562162E-02,-0.999940519899,0.));
#16080 = ORIENTED_EDGE('',*,*,#16081,.T.);
#16081 = EDGE_CURVE('',#16074,#16082,#16084,.T.);
#16082 = VERTEX_POINT('',#16083);
#16083 = CARTESIAN_POINT('',(80.,-95.,1.56));
#16084 = LINE('',#16085,#16086);
#16085 = CARTESIAN_POINT('',(80.,-5.,1.56));
#16086 = VECTOR('',#16087,1.);
#16087 = DIRECTION('',(0.,-1.,0.));
#16088 = ORIENTED_EDGE('',*,*,#16089,.T.);
#16089 = EDGE_CURVE('',#16082,#16090,#16092,.T.);
#16090 = VERTEX_POINT('',#16091);
#16091 = CARTESIAN_POINT('',(79.99762,-95.218201,1.56));
#16092 = LINE('',#16093,#16094);
#16093 = CARTESIAN_POINT('',(80.,-95.,1.56));
#16094 = VECTOR('',#16095,1.);
#16095 = DIRECTION('',(-1.090672562162E-02,-0.999940519899,0.));
#16096 = ORIENTED_EDGE('',*,*,#16097,.T.);
#16097 = EDGE_CURVE('',#16090,#16098,#16100,.T.);
#16098 = VERTEX_POINT('',#16099);
#16099 = CARTESIAN_POINT('',(75.218201,-99.99762,1.56));
#16100 = CIRCLE('',#16101,5.00237912856);
#16101 = AXIS2_PLACEMENT_3D('',#16102,#16103,#16104);
#16102 = CARTESIAN_POINT('',(75.000001955105,-95.0000019551,1.56));
#16103 = DIRECTION('',(0.,0.,-1.));
#16104 = DIRECTION('',(0.999048236141,-4.361905391159E-02,0.));
#16105 = ORIENTED_EDGE('',*,*,#16106,.T.);
#16106 = EDGE_CURVE('',#16098,#16107,#16109,.T.);
#16107 = VERTEX_POINT('',#16108);
#16108 = CARTESIAN_POINT('',(75.,-100.,1.56));
#16109 = LINE('',#16110,#16111);
#16110 = CARTESIAN_POINT('',(75.218201,-99.99762,1.56));
#16111 = VECTOR('',#16112,1.);
#16112 = DIRECTION('',(-0.999940519899,-1.090672562162E-02,0.));
#16113 = ORIENTED_EDGE('',*,*,#16114,.T.);
#16114 = EDGE_CURVE('',#16107,#16115,#16117,.T.);
#16115 = VERTEX_POINT('',#16116);
#16116 = CARTESIAN_POINT('',(5.,-100.,1.56));
#16117 = LINE('',#16118,#16119);
#16118 = CARTESIAN_POINT('',(75.,-100.,1.56));
#16119 = VECTOR('',#16120,1.);
#16120 = DIRECTION('',(-1.,0.,0.));
#16121 = ORIENTED_EDGE('',*,*,#16122,.T.);
#16122 = EDGE_CURVE('',#16115,#16123,#16125,.T.);
#16123 = VERTEX_POINT('',#16124);
#16124 = CARTESIAN_POINT('',(4.781799,-99.99762,1.56));
#16125 = LINE('',#16126,#16127);
#16126 = CARTESIAN_POINT('',(5.,-100.,1.56));
#16127 = VECTOR('',#16128,1.);
#16128 = DIRECTION('',(-0.999940519899,1.090672562162E-02,0.));
#16129 = ORIENTED_EDGE('',*,*,#16130,.T.);
#16130 = EDGE_CURVE('',#16123,#16131,#16133,.T.);
#16131 = VERTEX_POINT('',#16132);
#16132 = CARTESIAN_POINT('',(2.379999999998E-03,-95.218201,1.56));
#16133 = CIRCLE('',#16134,5.00237912856);
#16134 = AXIS2_PLACEMENT_3D('',#16135,#16136,#16137);
#16135 = CARTESIAN_POINT('',(4.999998044895,-95.0000019551,1.56));
#16136 = DIRECTION('',(0.,0.,-1.));
#16137 = DIRECTION('',(-4.361905391159E-02,-0.999048236141,-0.));
#16138 = ORIENTED_EDGE('',*,*,#16139,.T.);
#16139 = EDGE_CURVE('',#16131,#16140,#16142,.T.);
#16140 = VERTEX_POINT('',#16141);
#16141 = CARTESIAN_POINT('',(0.,-95.,1.56));
#16142 = LINE('',#16143,#16144);
#16143 = CARTESIAN_POINT('',(2.38E-03,-95.218201,1.56));
#16144 = VECTOR('',#16145,1.);
#16145 = DIRECTION('',(-1.090672562161E-02,0.999940519899,0.));
#16146 = ORIENTED_EDGE('',*,*,#16147,.T.);
#16147 = EDGE_CURVE('',#16140,#16148,#16150,.T.);
#16148 = VERTEX_POINT('',#16149);
#16149 = CARTESIAN_POINT('',(0.,-5.,1.56));
#16150 = LINE('',#16151,#16152);
#16151 = CARTESIAN_POINT('',(0.,-95.,1.56));
#16152 = VECTOR('',#16153,1.);
#16153 = DIRECTION('',(0.,1.,0.));
#16154 = ORIENTED_EDGE('',*,*,#16155,.T.);
#16155 = EDGE_CURVE('',#16148,#16030,#16156,.T.);
#16156 = LINE('',#16157,#16158);
#16157 = CARTESIAN_POINT('',(0.,-5.,1.56));
#16158 = VECTOR('',#16159,1.);
#16159 = DIRECTION('',(1.090672562161E-02,0.999940519899,0.));
#16160 = FACE_BOUND('',#16161,.F.);
#16161 = EDGE_LOOP('',(#16162));
#16162 = ORIENTED_EDGE('',*,*,#16163,.T.);
#16163 = EDGE_CURVE('',#16164,#16164,#16166,.T.);
#16164 = VERTEX_POINT('',#16165);
#16165 = CARTESIAN_POINT('',(7.8,-95.,1.56));
#16166 = CIRCLE('',#16167,2.8);
#16167 = AXIS2_PLACEMENT_3D('',#16168,#16169,#16170);
#16168 = CARTESIAN_POINT('',(5.,-95.,1.56));
#16169 = DIRECTION('',(0.,0.,1.));
#16170 = DIRECTION('',(1.,0.,-0.));
#16171 = FACE_BOUND('',#16172,.F.);
#16172 = EDGE_LOOP('',(#16173));
#16173 = ORIENTED_EDGE('',*,*,#16174,.T.);
#16174 = EDGE_CURVE('',#16175,#16175,#16177,.T.);
#16175 = VERTEX_POINT('',#16176);
#16176 = CARTESIAN_POINT('',(42.8,-95.,1.56));
#16177 = CIRCLE('',#16178,2.8);
#16178 = AXIS2_PLACEMENT_3D('',#16179,#16180,#16181);
#16179 = CARTESIAN_POINT('',(40.,-95.,1.56));
#16180 = DIRECTION('',(0.,0.,1.));
#16181 = DIRECTION('',(1.,0.,-0.));
#16182 = FACE_BOUND('',#16183,.F.);
#16183 = EDGE_LOOP('',(#16184));
#16184 = ORIENTED_EDGE('',*,*,#16185,.T.);
#16185 = EDGE_CURVE('',#16186,#16186,#16188,.T.);
#16186 = VERTEX_POINT('',#16187);
#16187 = CARTESIAN_POINT('',(77.8,-95.,1.56));
#16188 = CIRCLE('',#16189,2.8);
#16189 = AXIS2_PLACEMENT_3D('',#16190,#16191,#16192);
#16190 = CARTESIAN_POINT('',(75.,-95.,1.56));
#16191 = DIRECTION('',(0.,0.,1.));
#16192 = DIRECTION('',(1.,0.,-0.));
#16193 = FACE_BOUND('',#16194,.F.);
#16194 = EDGE_LOOP('',(#16195));
#16195 = ORIENTED_EDGE('',*,*,#16196,.T.);
#16196 = EDGE_CURVE('',#16197,#16197,#16199,.T.);
#16197 = VERTEX_POINT('',#16198);
#16198 = CARTESIAN_POINT('',(7.8,-5.,1.56));
#16199 = CIRCLE('',#16200,2.8);
#16200 = AXIS2_PLACEMENT_3D('',#16201,#16202,#16203);
#16201 = CARTESIAN_POINT('',(5.,-5.,1.56));
#16202 = DIRECTION('',(0.,0.,1.));
#16203 = DIRECTION('',(1.,0.,-0.));
#16204 = FACE_BOUND('',#16205,.F.);
#16205 = EDGE_LOOP('',(#16206));
#16206 = ORIENTED_EDGE('',*,*,#16207,.T.);
#16207 = EDGE_CURVE('',#16208,#16208,#16210,.T.);
#16208 = VERTEX_POINT('',#16209);
#16209 = CARTESIAN_POINT('',(77.8,-5.,1.56));
#16210 = CIRCLE('',#16211,2.8);
#16211 = AXIS2_PLACEMENT_3D('',#16212,#16213,#16214);
#16212 = CARTESIAN_POINT('',(75.,-5.,1.56));
#16213 = DIRECTION('',(0.,0.,1.));
#16214 = DIRECTION('',(1.,0.,-0.));
#16215 = PLANE('',#16216);
#16216 = AXIS2_PLACEMENT_3D('',#16217,#16218,#16219);
#16217 = CARTESIAN_POINT('',(0.,0.,1.56));
#16218 = DIRECTION('',(0.,0.,1.));
#16219 = DIRECTION('',(1.,0.,-0.));
#16220 = SHELL_BASED_SURFACE_MODEL('',(#16221));
#16221 = OPEN_SHELL('',(#16222));
#16222 = ADVANCED_FACE('',(#16223,#16357,#16368,#16379,#16390,#16401),
  #16412,.T.);
#16223 = FACE_BOUND('',#16224,.T.);
#16224 = EDGE_LOOP('',(#16225,#16236,#16244,#16252,#16260,#16269,#16277,
    #16285,#16293,#16302,#16310,#16318,#16326,#16335,#16343,#16351));
#16225 = ORIENTED_EDGE('',*,*,#16226,.T.);
#16226 = EDGE_CURVE('',#16227,#16229,#16231,.T.);
#16227 = VERTEX_POINT('',#16228);
#16228 = CARTESIAN_POINT('',(2.379999999999E-03,-4.781799,-5.E-02));
#16229 = VERTEX_POINT('',#16230);
#16230 = CARTESIAN_POINT('',(4.781799,-2.379999999999E-03,-5.E-02));
#16231 = CIRCLE('',#16232,5.00237912856);
#16232 = AXIS2_PLACEMENT_3D('',#16233,#16234,#16235);
#16233 = CARTESIAN_POINT('',(4.999998044895,-4.999998044895,-5.E-02));
#16234 = DIRECTION('',(0.,0.,-1.));
#16235 = DIRECTION('',(-0.999048236141,4.361905391159E-02,0.));
#16236 = ORIENTED_EDGE('',*,*,#16237,.T.);
#16237 = EDGE_CURVE('',#16229,#16238,#16240,.T.);
#16238 = VERTEX_POINT('',#16239);
#16239 = CARTESIAN_POINT('',(5.,-0.,-5.E-02));
#16240 = LINE('',#16241,#16242);
#16241 = CARTESIAN_POINT('',(4.781799,-2.38E-03,-5.E-02));
#16242 = VECTOR('',#16243,1.);
#16243 = DIRECTION('',(0.999940519899,1.090672562161E-02,0.));
#16244 = ORIENTED_EDGE('',*,*,#16245,.T.);
#16245 = EDGE_CURVE('',#16238,#16246,#16248,.T.);
#16246 = VERTEX_POINT('',#16247);
#16247 = CARTESIAN_POINT('',(75.,-0.,-5.E-02));
#16248 = LINE('',#16249,#16250);
#16249 = CARTESIAN_POINT('',(5.,-0.,-5.E-02));
#16250 = VECTOR('',#16251,1.);
#16251 = DIRECTION('',(1.,0.,0.));
#16252 = ORIENTED_EDGE('',*,*,#16253,.T.);
#16253 = EDGE_CURVE('',#16246,#16254,#16256,.T.);
#16254 = VERTEX_POINT('',#16255);
#16255 = CARTESIAN_POINT('',(75.218201,-2.379999999998E-03,-5.E-02));
#16256 = LINE('',#16257,#16258);
#16257 = CARTESIAN_POINT('',(75.,-0.,-5.E-02));
#16258 = VECTOR('',#16259,1.);
#16259 = DIRECTION('',(0.999940519899,-1.090672562161E-02,0.));
#16260 = ORIENTED_EDGE('',*,*,#16261,.T.);
#16261 = EDGE_CURVE('',#16254,#16262,#16264,.T.);
#16262 = VERTEX_POINT('',#16263);
#16263 = CARTESIAN_POINT('',(79.99762,-4.781799,-5.E-02));
#16264 = CIRCLE('',#16265,5.00237912856);
#16265 = AXIS2_PLACEMENT_3D('',#16266,#16267,#16268);
#16266 = CARTESIAN_POINT('',(75.000001955105,-4.999998044895,-5.E-02));
#16267 = DIRECTION('',(0.,0.,-1.));
#16268 = DIRECTION('',(4.361905391159E-02,0.999048236141,0.));
#16269 = ORIENTED_EDGE('',*,*,#16270,.T.);
#16270 = EDGE_CURVE('',#16262,#16271,#16273,.T.);
#16271 = VERTEX_POINT('',#16272);
#16272 = CARTESIAN_POINT('',(80.,-5.,-5.E-02));
#16273 = LINE('',#16274,#16275);
#16274 = CARTESIAN_POINT('',(79.99762,-4.781799,-5.E-02));
#16275 = VECTOR('',#16276,1.);
#16276 = DIRECTION('',(1.090672562162E-02,-0.999940519899,0.));
#16277 = ORIENTED_EDGE('',*,*,#16278,.T.);
#16278 = EDGE_CURVE('',#16271,#16279,#16281,.T.);
#16279 = VERTEX_POINT('',#16280);
#16280 = CARTESIAN_POINT('',(80.,-95.,-5.E-02));
#16281 = LINE('',#16282,#16283);
#16282 = CARTESIAN_POINT('',(80.,-5.,-5.E-02));
#16283 = VECTOR('',#16284,1.);
#16284 = DIRECTION('',(0.,-1.,0.));
#16285 = ORIENTED_EDGE('',*,*,#16286,.T.);
#16286 = EDGE_CURVE('',#16279,#16287,#16289,.T.);
#16287 = VERTEX_POINT('',#16288);
#16288 = CARTESIAN_POINT('',(79.99762,-95.218201,-5.E-02));
#16289 = LINE('',#16290,#16291);
#16290 = CARTESIAN_POINT('',(80.,-95.,-5.E-02));
#16291 = VECTOR('',#16292,1.);
#16292 = DIRECTION('',(-1.090672562162E-02,-0.999940519899,0.));
#16293 = ORIENTED_EDGE('',*,*,#16294,.T.);
#16294 = EDGE_CURVE('',#16287,#16295,#16297,.T.);
#16295 = VERTEX_POINT('',#16296);
#16296 = CARTESIAN_POINT('',(75.218201,-99.99762,-5.E-02));
#16297 = CIRCLE('',#16298,5.00237912856);
#16298 = AXIS2_PLACEMENT_3D('',#16299,#16300,#16301);
#16299 = CARTESIAN_POINT('',(75.000001955105,-95.0000019551,-5.E-02));
#16300 = DIRECTION('',(0.,0.,-1.));
#16301 = DIRECTION('',(0.999048236141,-4.361905391159E-02,0.));
#16302 = ORIENTED_EDGE('',*,*,#16303,.T.);
#16303 = EDGE_CURVE('',#16295,#16304,#16306,.T.);
#16304 = VERTEX_POINT('',#16305);
#16305 = CARTESIAN_POINT('',(75.,-100.,-5.E-02));
#16306 = LINE('',#16307,#16308);
#16307 = CARTESIAN_POINT('',(75.218201,-99.99762,-5.E-02));
#16308 = VECTOR('',#16309,1.);
#16309 = DIRECTION('',(-0.999940519899,-1.090672562162E-02,0.));
#16310 = ORIENTED_EDGE('',*,*,#16311,.T.);
#16311 = EDGE_CURVE('',#16304,#16312,#16314,.T.);
#16312 = VERTEX_POINT('',#16313);
#16313 = CARTESIAN_POINT('',(5.,-100.,-5.E-02));
#16314 = LINE('',#16315,#16316);
#16315 = CARTESIAN_POINT('',(75.,-100.,-5.E-02));
#16316 = VECTOR('',#16317,1.);
#16317 = DIRECTION('',(-1.,0.,0.));
#16318 = ORIENTED_EDGE('',*,*,#16319,.T.);
#16319 = EDGE_CURVE('',#16312,#16320,#16322,.T.);
#16320 = VERTEX_POINT('',#16321);
#16321 = CARTESIAN_POINT('',(4.781799,-99.99762,-5.E-02));
#16322 = LINE('',#16323,#16324);
#16323 = CARTESIAN_POINT('',(5.,-100.,-5.E-02));
#16324 = VECTOR('',#16325,1.);
#16325 = DIRECTION('',(-0.999940519899,1.090672562162E-02,0.));
#16326 = ORIENTED_EDGE('',*,*,#16327,.T.);
#16327 = EDGE_CURVE('',#16320,#16328,#16330,.T.);
#16328 = VERTEX_POINT('',#16329);
#16329 = CARTESIAN_POINT('',(2.379999999998E-03,-95.218201,-5.E-02));
#16330 = CIRCLE('',#16331,5.00237912856);
#16331 = AXIS2_PLACEMENT_3D('',#16332,#16333,#16334);
#16332 = CARTESIAN_POINT('',(4.999998044895,-95.0000019551,-5.E-02));
#16333 = DIRECTION('',(0.,0.,-1.));
#16334 = DIRECTION('',(-4.361905391159E-02,-0.999048236141,-0.));
#16335 = ORIENTED_EDGE('',*,*,#16336,.T.);
#16336 = EDGE_CURVE('',#16328,#16337,#16339,.T.);
#16337 = VERTEX_POINT('',#16338);
#16338 = CARTESIAN_POINT('',(0.,-95.,-5.E-02));
#16339 = LINE('',#16340,#16341);
#16340 = CARTESIAN_POINT('',(2.38E-03,-95.218201,-5.E-02));
#16341 = VECTOR('',#16342,1.);
#16342 = DIRECTION('',(-1.090672562161E-02,0.999940519899,0.));
#16343 = ORIENTED_EDGE('',*,*,#16344,.T.);
#16344 = EDGE_CURVE('',#16337,#16345,#16347,.T.);
#16345 = VERTEX_POINT('',#16346);
#16346 = CARTESIAN_POINT('',(0.,-5.,-5.E-02));
#16347 = LINE('',#16348,#16349);
#16348 = CARTESIAN_POINT('',(0.,-95.,-5.E-02));
#16349 = VECTOR('',#16350,1.);
#16350 = DIRECTION('',(0.,1.,0.));
#16351 = ORIENTED_EDGE('',*,*,#16352,.T.);
#16352 = EDGE_CURVE('',#16345,#16227,#16353,.T.);
#16353 = LINE('',#16354,#16355);
#16354 = CARTESIAN_POINT('',(0.,-5.,-5.E-02));
#16355 = VECTOR('',#16356,1.);
#16356 = DIRECTION('',(1.090672562161E-02,0.999940519899,0.));
#16357 = FACE_BOUND('',#16358,.T.);
#16358 = EDGE_LOOP('',(#16359));
#16359 = ORIENTED_EDGE('',*,*,#16360,.T.);
#16360 = EDGE_CURVE('',#16361,#16361,#16363,.T.);
#16361 = VERTEX_POINT('',#16362);
#16362 = CARTESIAN_POINT('',(7.8,-95.,-5.E-02));
#16363 = CIRCLE('',#16364,2.8);
#16364 = AXIS2_PLACEMENT_3D('',#16365,#16366,#16367);
#16365 = CARTESIAN_POINT('',(5.,-95.,-5.E-02));
#16366 = DIRECTION('',(0.,0.,1.));
#16367 = DIRECTION('',(1.,0.,-0.));
#16368 = FACE_BOUND('',#16369,.T.);
#16369 = EDGE_LOOP('',(#16370));
#16370 = ORIENTED_EDGE('',*,*,#16371,.T.);
#16371 = EDGE_CURVE('',#16372,#16372,#16374,.T.);
#16372 = VERTEX_POINT('',#16373);
#16373 = CARTESIAN_POINT('',(42.8,-95.,-5.E-02));
#16374 = CIRCLE('',#16375,2.8);
#16375 = AXIS2_PLACEMENT_3D('',#16376,#16377,#16378);
#16376 = CARTESIAN_POINT('',(40.,-95.,-5.E-02));
#16377 = DIRECTION('',(0.,0.,1.));
#16378 = DIRECTION('',(1.,0.,-0.));
#16379 = FACE_BOUND('',#16380,.T.);
#16380 = EDGE_LOOP('',(#16381));
#16381 = ORIENTED_EDGE('',*,*,#16382,.T.);
#16382 = EDGE_CURVE('',#16383,#16383,#16385,.T.);
#16383 = VERTEX_POINT('',#16384);
#16384 = CARTESIAN_POINT('',(77.8,-95.,-5.E-02));
#16385 = CIRCLE('',#16386,2.8);
#16386 = AXIS2_PLACEMENT_3D('',#16387,#16388,#16389);
#16387 = CARTESIAN_POINT('',(75.,-95.,-5.E-02));
#16388 = DIRECTION('',(0.,0.,1.));
#16389 = DIRECTION('',(1.,0.,-0.));
#16390 = FACE_BOUND('',#16391,.T.);
#16391 = EDGE_LOOP('',(#16392));
#16392 = ORIENTED_EDGE('',*,*,#16393,.T.);
#16393 = EDGE_CURVE('',#16394,#16394,#16396,.T.);
#16394 = VERTEX_POINT('',#16395);
#16395 = CARTESIAN_POINT('',(7.8,-5.,-5.E-02));
#16396 = CIRCLE('',#16397,2.8);
#16397 = AXIS2_PLACEMENT_3D('',#16398,#16399,#16400);
#16398 = CARTESIAN_POINT('',(5.,-5.,-5.E-02));
#16399 = DIRECTION('',(0.,0.,1.));
#16400 = DIRECTION('',(1.,0.,-0.));
#16401 = FACE_BOUND('',#16402,.T.);
#16402 = EDGE_LOOP('',(#16403));
#16403 = ORIENTED_EDGE('',*,*,#16404,.T.);
#16404 = EDGE_CURVE('',#16405,#16405,#16407,.T.);
#16405 = VERTEX_POINT('',#16406);
#16406 = CARTESIAN_POINT('',(77.8,-5.,-5.E-02));
#16407 = CIRCLE('',#16408,2.8);
#16408 = AXIS2_PLACEMENT_3D('',#16409,#16410,#16411);
#16409 = CARTESIAN_POINT('',(75.,-5.,-5.E-02));
#16410 = DIRECTION('',(0.,0.,1.));
#16411 = DIRECTION('',(1.,0.,-0.));
#16412 = PLANE('',#16413);
#16413 = AXIS2_PLACEMENT_3D('',#16414,#16415,#16416);
#16414 = CARTESIAN_POINT('',(0.,0.,-5.E-02));
#16415 = DIRECTION('',(-0.,-0.,-1.));
#16416 = DIRECTION('',(-1.,0.,0.));
#16417 = ( GEOMETRIC_REPRESENTATION_CONTEXT(3) 
GLOBAL_UNCERTAINTY_ASSIGNED_CONTEXT((#16421)) 
GLOBAL_UNIT_ASSIGNED_CONTEXT((#16418,#16419,#16420)) 
REPRESENTATION_CONTEXT('Context #1',
  '3D Context with UNIT and UNCERTAINTY') );
#16418 = ( LENGTH_UNIT() NAMED_UNIT(*) SI_UNIT(.MILLI.,.METRE.) );
#16419 = ( NAMED_UNIT(*) PLANE_ANGLE_UNIT() SI_UNIT($,.RADIAN.) );
#16420 = ( NAMED_UNIT(*) SI_UNIT($,.STERADIAN.) SOLID_ANGLE_UNIT() );
#16421 = UNCERTAINTY_MEASURE_WITH_UNIT(LENGTH_MEASURE(1.E-07),#16418,
  'distance_accuracy_value','confusion accuracy');
#16422 = CONTEXT_DEPENDENT_SHAPE_REPRESENTATION(#16423,#16425);
#16423 = ( REPRESENTATION_RELATIONSHIP('','',#16022,#10) 
REPRESENTATION_RELATIONSHIP_WITH_TRANSFORMATION(#16424) 
SHAPE_REPRESENTATION_RELATIONSHIP() );
#16424 = ITEM_DEFINED_TRANSFORMATION('','',#11,#23);
#16425 = PRODUCT_DEFINITION_SHAPE('Placement','Placement of an item',
  #16426);
#16426 = NEXT_ASSEMBLY_USAGE_OCCURRENCE('3','=>[0:1:1:4]','',#5,#16017,$
  );
#16427 = PRODUCT_RELATED_PRODUCT_CATEGORY('part',$,(#16019));
#16428 = SHAPE_DEFINITION_REPRESENTATION(#16429,#16435);
#16429 = PRODUCT_DEFINITION_SHAPE('','',#16430);
#16430 = PRODUCT_DEFINITION('design','',#16431,#16434);
#16431 = PRODUCT_DEFINITION_FORMATION('','',#16432);
#16432 = PRODUCT('tube_screamer_bottom_plate_PCB',
  'tube_screamer_bottom_plate_PCB','',(#16433));
#16433 = PRODUCT_CONTEXT('',#2,'mechanical');
#16434 = PRODUCT_DEFINITION_CONTEXT('part definition',#2,'design');
#16435 = ADVANCED_BREP_SHAPE_REPRESENTATION('',(#11,#16436),#16921);
#16436 = MANIFOLD_SOLID_BREP('',#16437);
#16437 = CLOSED_SHELL('',(#16438,#16480,#16511,#16542,#16649,#16756,
    #16773,#16790,#16807,#16824,#16836,#16853,#16870,#16887,#16904));
#16438 = ADVANCED_FACE('',(#16439),#16475,.T.);
#16439 = FACE_BOUND('',#16440,.T.);
#16440 = EDGE_LOOP('',(#16441,#16451,#16460,#16468));
#16441 = ORIENTED_EDGE('',*,*,#16442,.T.);
#16442 = EDGE_CURVE('',#16443,#16445,#16447,.T.);
#16443 = VERTEX_POINT('',#16444);
#16444 = CARTESIAN_POINT('',(75.,1.7763568394E-15,0.));
#16445 = VERTEX_POINT('',#16446);
#16446 = CARTESIAN_POINT('',(75.,1.7763568394E-15,1.51));
#16447 = LINE('',#16448,#16449);
#16448 = CARTESIAN_POINT('',(75.,1.7763568394E-15,0.));
#16449 = VECTOR('',#16450,1.);
#16450 = DIRECTION('',(0.,0.,1.));
#16451 = ORIENTED_EDGE('',*,*,#16452,.T.);
#16452 = EDGE_CURVE('',#16445,#16453,#16455,.T.);
#16453 = VERTEX_POINT('',#16454);
#16454 = CARTESIAN_POINT('',(80.,-5.,1.51));
#16455 = CIRCLE('',#16456,5.000003093051);
#16456 = AXIS2_PLACEMENT_3D('',#16457,#16458,#16459);
#16457 = CARTESIAN_POINT('',(74.99999690695,-5.00000309305,1.51));
#16458 = DIRECTION('',(0.,0.,-1.));
#16459 = DIRECTION('',(6.186096480777E-07,1.,0.));
#16460 = ORIENTED_EDGE('',*,*,#16461,.F.);
#16461 = EDGE_CURVE('',#16462,#16453,#16464,.T.);
#16462 = VERTEX_POINT('',#16463);
#16463 = CARTESIAN_POINT('',(80.,-5.,0.));
#16464 = LINE('',#16465,#16466);
#16465 = CARTESIAN_POINT('',(80.,-5.,0.));
#16466 = VECTOR('',#16467,1.);
#16467 = DIRECTION('',(0.,0.,1.));
#16468 = ORIENTED_EDGE('',*,*,#16469,.F.);
#16469 = EDGE_CURVE('',#16443,#16462,#16470,.T.);
#16470 = CIRCLE('',#16471,5.000003093051);
#16471 = AXIS2_PLACEMENT_3D('',#16472,#16473,#16474);
#16472 = CARTESIAN_POINT('',(74.99999690695,-5.00000309305,0.));
#16473 = DIRECTION('',(0.,0.,-1.));
#16474 = DIRECTION('',(6.186096480777E-07,1.,0.));
#16475 = CYLINDRICAL_SURFACE('',#16476,5.000003093051);
#16476 = AXIS2_PLACEMENT_3D('',#16477,#16478,#16479);
#16477 = CARTESIAN_POINT('',(74.99999690695,-5.00000309305,0.));
#16478 = DIRECTION('',(0.,0.,-1.));
#16479 = DIRECTION('',(6.186096480777E-07,1.,0.));
#16480 = ADVANCED_FACE('',(#16481),#16506,.T.);
#16481 = FACE_BOUND('',#16482,.T.);
#16482 = EDGE_LOOP('',(#16483,#16493,#16499,#16500));
#16483 = ORIENTED_EDGE('',*,*,#16484,.T.);
#16484 = EDGE_CURVE('',#16485,#16487,#16489,.T.);
#16485 = VERTEX_POINT('',#16486);
#16486 = CARTESIAN_POINT('',(5.,4.440892098501E-16,0.));
#16487 = VERTEX_POINT('',#16488);
#16488 = CARTESIAN_POINT('',(5.,4.440892098501E-16,1.51));
#16489 = LINE('',#16490,#16491);
#16490 = CARTESIAN_POINT('',(5.,4.440892098501E-16,0.));
#16491 = VECTOR('',#16492,1.);
#16492 = DIRECTION('',(0.,0.,1.));
#16493 = ORIENTED_EDGE('',*,*,#16494,.T.);
#16494 = EDGE_CURVE('',#16487,#16445,#16495,.T.);
#16495 = LINE('',#16496,#16497);
#16496 = CARTESIAN_POINT('',(5.,0.,1.51));
#16497 = VECTOR('',#16498,1.);
#16498 = DIRECTION('',(1.,0.,0.));
#16499 = ORIENTED_EDGE('',*,*,#16442,.F.);
#16500 = ORIENTED_EDGE('',*,*,#16501,.F.);
#16501 = EDGE_CURVE('',#16485,#16443,#16502,.T.);
#16502 = LINE('',#16503,#16504);
#16503 = CARTESIAN_POINT('',(5.,-0.,0.));
#16504 = VECTOR('',#16505,1.);
#16505 = DIRECTION('',(1.,0.,0.));
#16506 = PLANE('',#16507);
#16507 = AXIS2_PLACEMENT_3D('',#16508,#16509,#16510);
#16508 = CARTESIAN_POINT('',(5.,0.,0.));
#16509 = DIRECTION('',(0.,1.,0.));
#16510 = DIRECTION('',(1.,0.,0.));
#16511 = ADVANCED_FACE('',(#16512),#16537,.T.);
#16512 = FACE_BOUND('',#16513,.T.);
#16513 = EDGE_LOOP('',(#16514,#16515,#16523,#16531));
#16514 = ORIENTED_EDGE('',*,*,#16461,.T.);
#16515 = ORIENTED_EDGE('',*,*,#16516,.T.);
#16516 = EDGE_CURVE('',#16453,#16517,#16519,.T.);
#16517 = VERTEX_POINT('',#16518);
#16518 = CARTESIAN_POINT('',(80.,-95.,1.51));
#16519 = LINE('',#16520,#16521);
#16520 = CARTESIAN_POINT('',(80.,-5.,1.51));
#16521 = VECTOR('',#16522,1.);
#16522 = DIRECTION('',(0.,-1.,0.));
#16523 = ORIENTED_EDGE('',*,*,#16524,.F.);
#16524 = EDGE_CURVE('',#16525,#16517,#16527,.T.);
#16525 = VERTEX_POINT('',#16526);
#16526 = CARTESIAN_POINT('',(80.,-95.,0.));
#16527 = LINE('',#16528,#16529);
#16528 = CARTESIAN_POINT('',(80.,-95.,0.));
#16529 = VECTOR('',#16530,1.);
#16530 = DIRECTION('',(0.,0.,1.));
#16531 = ORIENTED_EDGE('',*,*,#16532,.F.);
#16532 = EDGE_CURVE('',#16462,#16525,#16533,.T.);
#16533 = LINE('',#16534,#16535);
#16534 = CARTESIAN_POINT('',(80.,-5.,0.));
#16535 = VECTOR('',#16536,1.);
#16536 = DIRECTION('',(0.,-1.,0.));
#16537 = PLANE('',#16538);
#16538 = AXIS2_PLACEMENT_3D('',#16539,#16540,#16541);
#16539 = CARTESIAN_POINT('',(80.,-5.,0.));
#16540 = DIRECTION('',(1.,0.,-0.));
#16541 = DIRECTION('',(0.,-1.,0.));
#16542 = ADVANCED_FACE('',(#16543,#16589,#16600,#16611,#16622,#16633),
  #16644,.F.);
#16543 = FACE_BOUND('',#16544,.F.);
#16544 = EDGE_LOOP('',(#16545,#16546,#16547,#16556,#16564,#16573,#16581,
    #16588));
#16545 = ORIENTED_EDGE('',*,*,#16469,.F.);
#16546 = ORIENTED_EDGE('',*,*,#16501,.F.);
#16547 = ORIENTED_EDGE('',*,*,#16548,.F.);
#16548 = EDGE_CURVE('',#16549,#16485,#16551,.T.);
#16549 = VERTEX_POINT('',#16550);
#16550 = CARTESIAN_POINT('',(4.440892098501E-16,-5.,0.));
#16551 = CIRCLE('',#16552,5.000003093051);
#16552 = AXIS2_PLACEMENT_3D('',#16553,#16554,#16555);
#16553 = CARTESIAN_POINT('',(5.00000309305,-5.00000309305,0.));
#16554 = DIRECTION('',(0.,0.,-1.));
#16555 = DIRECTION('',(-1.,6.186096470119E-07,0.));
#16556 = ORIENTED_EDGE('',*,*,#16557,.F.);
#16557 = EDGE_CURVE('',#16558,#16549,#16560,.T.);
#16558 = VERTEX_POINT('',#16559);
#16559 = CARTESIAN_POINT('',(-1.7763568394E-15,-95.,0.));
#16560 = LINE('',#16561,#16562);
#16561 = CARTESIAN_POINT('',(0.,-95.,0.));
#16562 = VECTOR('',#16563,1.);
#16563 = DIRECTION('',(0.,1.,0.));
#16564 = ORIENTED_EDGE('',*,*,#16565,.F.);
#16565 = EDGE_CURVE('',#16566,#16558,#16568,.T.);
#16566 = VERTEX_POINT('',#16567);
#16567 = CARTESIAN_POINT('',(5.,-100.,0.));
#16568 = CIRCLE('',#16569,5.000003093051);
#16569 = AXIS2_PLACEMENT_3D('',#16570,#16571,#16572);
#16570 = CARTESIAN_POINT('',(5.00000309305,-94.99999690695,0.));
#16571 = DIRECTION('',(0.,0.,-1.));
#16572 = DIRECTION('',(-6.186096466566E-07,-1.,-0.));
#16573 = ORIENTED_EDGE('',*,*,#16574,.F.);
#16574 = EDGE_CURVE('',#16575,#16566,#16577,.T.);
#16575 = VERTEX_POINT('',#16576);
#16576 = CARTESIAN_POINT('',(75.,-100.,0.));
#16577 = LINE('',#16578,#16579);
#16578 = CARTESIAN_POINT('',(75.,-100.,0.));
#16579 = VECTOR('',#16580,1.);
#16580 = DIRECTION('',(-1.,0.,0.));
#16581 = ORIENTED_EDGE('',*,*,#16582,.F.);
#16582 = EDGE_CURVE('',#16525,#16575,#16583,.T.);
#16583 = CIRCLE('',#16584,5.000003093051);
#16584 = AXIS2_PLACEMENT_3D('',#16585,#16586,#16587);
#16585 = CARTESIAN_POINT('',(74.99999690695,-94.99999690695,0.));
#16586 = DIRECTION('',(0.,0.,-1.));
#16587 = DIRECTION('',(1.,-6.186096480777E-07,0.));
#16588 = ORIENTED_EDGE('',*,*,#16532,.F.);
#16589 = FACE_BOUND('',#16590,.F.);
#16590 = EDGE_LOOP('',(#16591));
#16591 = ORIENTED_EDGE('',*,*,#16592,.T.);
#16592 = EDGE_CURVE('',#16593,#16593,#16595,.T.);
#16593 = VERTEX_POINT('',#16594);
#16594 = CARTESIAN_POINT('',(5.,-96.6,0.));
#16595 = CIRCLE('',#16596,1.6);
#16596 = AXIS2_PLACEMENT_3D('',#16597,#16598,#16599);
#16597 = CARTESIAN_POINT('',(5.,-95.,0.));
#16598 = DIRECTION('',(-0.,0.,-1.));
#16599 = DIRECTION('',(-0.,-1.,0.));
#16600 = FACE_BOUND('',#16601,.F.);
#16601 = EDGE_LOOP('',(#16602));
#16602 = ORIENTED_EDGE('',*,*,#16603,.T.);
#16603 = EDGE_CURVE('',#16604,#16604,#16606,.T.);
#16604 = VERTEX_POINT('',#16605);
#16605 = CARTESIAN_POINT('',(40.,-96.6,0.));
#16606 = CIRCLE('',#16607,1.6);
#16607 = AXIS2_PLACEMENT_3D('',#16608,#16609,#16610);
#16608 = CARTESIAN_POINT('',(40.,-95.,0.));
#16609 = DIRECTION('',(-0.,0.,-1.));
#16610 = DIRECTION('',(-0.,-1.,0.));
#16611 = FACE_BOUND('',#16612,.F.);
#16612 = EDGE_LOOP('',(#16613));
#16613 = ORIENTED_EDGE('',*,*,#16614,.T.);
#16614 = EDGE_CURVE('',#16615,#16615,#16617,.T.);
#16615 = VERTEX_POINT('',#16616);
#16616 = CARTESIAN_POINT('',(75.,-96.6,0.));
#16617 = CIRCLE('',#16618,1.6);
#16618 = AXIS2_PLACEMENT_3D('',#16619,#16620,#16621);
#16619 = CARTESIAN_POINT('',(75.,-95.,0.));
#16620 = DIRECTION('',(-0.,0.,-1.));
#16621 = DIRECTION('',(-0.,-1.,0.));
#16622 = FACE_BOUND('',#16623,.F.);
#16623 = EDGE_LOOP('',(#16624));
#16624 = ORIENTED_EDGE('',*,*,#16625,.T.);
#16625 = EDGE_CURVE('',#16626,#16626,#16628,.T.);
#16626 = VERTEX_POINT('',#16627);
#16627 = CARTESIAN_POINT('',(5.,-6.6,0.));
#16628 = CIRCLE('',#16629,1.6);
#16629 = AXIS2_PLACEMENT_3D('',#16630,#16631,#16632);
#16630 = CARTESIAN_POINT('',(5.,-5.,0.));
#16631 = DIRECTION('',(-0.,0.,-1.));
#16632 = DIRECTION('',(-0.,-1.,0.));
#16633 = FACE_BOUND('',#16634,.F.);
#16634 = EDGE_LOOP('',(#16635));
#16635 = ORIENTED_EDGE('',*,*,#16636,.T.);
#16636 = EDGE_CURVE('',#16637,#16637,#16639,.T.);
#16637 = VERTEX_POINT('',#16638);
#16638 = CARTESIAN_POINT('',(75.,-6.6,0.));
#16639 = CIRCLE('',#16640,1.6);
#16640 = AXIS2_PLACEMENT_3D('',#16641,#16642,#16643);
#16641 = CARTESIAN_POINT('',(75.,-5.,0.));
#16642 = DIRECTION('',(-0.,0.,-1.));
#16643 = DIRECTION('',(-0.,-1.,0.));
#16644 = PLANE('',#16645);
#16645 = AXIS2_PLACEMENT_3D('',#16646,#16647,#16648);
#16646 = CARTESIAN_POINT('',(0.,0.,0.));
#16647 = DIRECTION('',(0.,0.,1.));
#16648 = DIRECTION('',(1.,0.,-0.));
#16649 = ADVANCED_FACE('',(#16650,#16696,#16707,#16718,#16729,#16740),
  #16751,.T.);
#16650 = FACE_BOUND('',#16651,.T.);
#16651 = EDGE_LOOP('',(#16652,#16653,#16654,#16663,#16671,#16680,#16688,
    #16695));
#16652 = ORIENTED_EDGE('',*,*,#16452,.F.);
#16653 = ORIENTED_EDGE('',*,*,#16494,.F.);
#16654 = ORIENTED_EDGE('',*,*,#16655,.F.);
#16655 = EDGE_CURVE('',#16656,#16487,#16658,.T.);
#16656 = VERTEX_POINT('',#16657);
#16657 = CARTESIAN_POINT('',(4.440892098501E-16,-5.,1.51));
#16658 = CIRCLE('',#16659,5.000003093051);
#16659 = AXIS2_PLACEMENT_3D('',#16660,#16661,#16662);
#16660 = CARTESIAN_POINT('',(5.00000309305,-5.00000309305,1.51));
#16661 = DIRECTION('',(0.,0.,-1.));
#16662 = DIRECTION('',(-1.,6.186096470119E-07,0.));
#16663 = ORIENTED_EDGE('',*,*,#16664,.F.);
#16664 = EDGE_CURVE('',#16665,#16656,#16667,.T.);
#16665 = VERTEX_POINT('',#16666);
#16666 = CARTESIAN_POINT('',(-1.7763568394E-15,-95.,1.51));
#16667 = LINE('',#16668,#16669);
#16668 = CARTESIAN_POINT('',(0.,-95.,1.51));
#16669 = VECTOR('',#16670,1.);
#16670 = DIRECTION('',(0.,1.,0.));
#16671 = ORIENTED_EDGE('',*,*,#16672,.F.);
#16672 = EDGE_CURVE('',#16673,#16665,#16675,.T.);
#16673 = VERTEX_POINT('',#16674);
#16674 = CARTESIAN_POINT('',(5.,-100.,1.51));
#16675 = CIRCLE('',#16676,5.000003093051);
#16676 = AXIS2_PLACEMENT_3D('',#16677,#16678,#16679);
#16677 = CARTESIAN_POINT('',(5.00000309305,-94.99999690695,1.51));
#16678 = DIRECTION('',(0.,0.,-1.));
#16679 = DIRECTION('',(-6.186096466566E-07,-1.,-0.));
#16680 = ORIENTED_EDGE('',*,*,#16681,.F.);
#16681 = EDGE_CURVE('',#16682,#16673,#16684,.T.);
#16682 = VERTEX_POINT('',#16683);
#16683 = CARTESIAN_POINT('',(75.,-100.,1.51));
#16684 = LINE('',#16685,#16686);
#16685 = CARTESIAN_POINT('',(75.,-100.,1.51));
#16686 = VECTOR('',#16687,1.);
#16687 = DIRECTION('',(-1.,0.,0.));
#16688 = ORIENTED_EDGE('',*,*,#16689,.F.);
#16689 = EDGE_CURVE('',#16517,#16682,#16690,.T.);
#16690 = CIRCLE('',#16691,5.000003093051);
#16691 = AXIS2_PLACEMENT_3D('',#16692,#16693,#16694);
#16692 = CARTESIAN_POINT('',(74.99999690695,-94.99999690695,1.51));
#16693 = DIRECTION('',(0.,0.,-1.));
#16694 = DIRECTION('',(1.,-6.186096480777E-07,0.));
#16695 = ORIENTED_EDGE('',*,*,#16516,.F.);
#16696 = FACE_BOUND('',#16697,.T.);
#16697 = EDGE_LOOP('',(#16698));
#16698 = ORIENTED_EDGE('',*,*,#16699,.T.);
#16699 = EDGE_CURVE('',#16700,#16700,#16702,.T.);
#16700 = VERTEX_POINT('',#16701);
#16701 = CARTESIAN_POINT('',(5.,-96.6,1.51));
#16702 = CIRCLE('',#16703,1.6);
#16703 = AXIS2_PLACEMENT_3D('',#16704,#16705,#16706);
#16704 = CARTESIAN_POINT('',(5.,-95.,1.51));
#16705 = DIRECTION('',(-0.,0.,-1.));
#16706 = DIRECTION('',(-0.,-1.,0.));
#16707 = FACE_BOUND('',#16708,.T.);
#16708 = EDGE_LOOP('',(#16709));
#16709 = ORIENTED_EDGE('',*,*,#16710,.T.);
#16710 = EDGE_CURVE('',#16711,#16711,#16713,.T.);
#16711 = VERTEX_POINT('',#16712);
#16712 = CARTESIAN_POINT('',(40.,-96.6,1.51));
#16713 = CIRCLE('',#16714,1.6);
#16714 = AXIS2_PLACEMENT_3D('',#16715,#16716,#16717);
#16715 = CARTESIAN_POINT('',(40.,-95.,1.51));
#16716 = DIRECTION('',(-0.,0.,-1.));
#16717 = DIRECTION('',(-0.,-1.,0.));
#16718 = FACE_BOUND('',#16719,.T.);
#16719 = EDGE_LOOP('',(#16720));
#16720 = ORIENTED_EDGE('',*,*,#16721,.T.);
#16721 = EDGE_CURVE('',#16722,#16722,#16724,.T.);
#16722 = VERTEX_POINT('',#16723);
#16723 = CARTESIAN_POINT('',(75.,-96.6,1.51));
#16724 = CIRCLE('',#16725,1.6);
#16725 = AXIS2_PLACEMENT_3D('',#16726,#16727,#16728);
#16726 = CARTESIAN_POINT('',(75.,-95.,1.51));
#16727 = DIRECTION('',(-0.,0.,-1.));
#16728 = DIRECTION('',(-0.,-1.,0.));
#16729 = FACE_BOUND('',#16730,.T.);
#16730 = EDGE_LOOP('',(#16731));
#16731 = ORIENTED_EDGE('',*,*,#16732,.T.);
#16732 = EDGE_CURVE('',#16733,#16733,#16735,.T.);
#16733 = VERTEX_POINT('',#16734);
#16734 = CARTESIAN_POINT('',(5.,-6.6,1.51));
#16735 = CIRCLE('',#16736,1.6);
#16736 = AXIS2_PLACEMENT_3D('',#16737,#16738,#16739);
#16737 = CARTESIAN_POINT('',(5.,-5.,1.51));
#16738 = DIRECTION('',(-0.,0.,-1.));
#16739 = DIRECTION('',(-0.,-1.,0.));
#16740 = FACE_BOUND('',#16741,.T.);
#16741 = EDGE_LOOP('',(#16742));
#16742 = ORIENTED_EDGE('',*,*,#16743,.T.);
#16743 = EDGE_CURVE('',#16744,#16744,#16746,.T.);
#16744 = VERTEX_POINT('',#16745);
#16745 = CARTESIAN_POINT('',(75.,-6.6,1.51));
#16746 = CIRCLE('',#16747,1.6);
#16747 = AXIS2_PLACEMENT_3D('',#16748,#16749,#16750);
#16748 = CARTESIAN_POINT('',(75.,-5.,1.51));
#16749 = DIRECTION('',(-0.,0.,-1.));
#16750 = DIRECTION('',(-0.,-1.,0.));
#16751 = PLANE('',#16752);
#16752 = AXIS2_PLACEMENT_3D('',#16753,#16754,#16755);
#16753 = CARTESIAN_POINT('',(0.,0.,1.51));
#16754 = DIRECTION('',(0.,0.,1.));
#16755 = DIRECTION('',(1.,0.,-0.));
#16756 = ADVANCED_FACE('',(#16757),#16768,.T.);
#16757 = FACE_BOUND('',#16758,.T.);
#16758 = EDGE_LOOP('',(#16759,#16765,#16766,#16767));
#16759 = ORIENTED_EDGE('',*,*,#16760,.T.);
#16760 = EDGE_CURVE('',#16549,#16656,#16761,.T.);
#16761 = LINE('',#16762,#16763);
#16762 = CARTESIAN_POINT('',(4.440892098501E-16,-5.,0.));
#16763 = VECTOR('',#16764,1.);
#16764 = DIRECTION('',(0.,0.,1.));
#16765 = ORIENTED_EDGE('',*,*,#16655,.T.);
#16766 = ORIENTED_EDGE('',*,*,#16484,.F.);
#16767 = ORIENTED_EDGE('',*,*,#16548,.F.);
#16768 = CYLINDRICAL_SURFACE('',#16769,5.000003093051);
#16769 = AXIS2_PLACEMENT_3D('',#16770,#16771,#16772);
#16770 = CARTESIAN_POINT('',(5.00000309305,-5.00000309305,0.));
#16771 = DIRECTION('',(0.,0.,-1.));
#16772 = DIRECTION('',(-1.,6.186096470119E-07,0.));
#16773 = ADVANCED_FACE('',(#16774),#16785,.T.);
#16774 = FACE_BOUND('',#16775,.T.);
#16775 = EDGE_LOOP('',(#16776,#16777,#16778,#16784));
#16776 = ORIENTED_EDGE('',*,*,#16524,.T.);
#16777 = ORIENTED_EDGE('',*,*,#16689,.T.);
#16778 = ORIENTED_EDGE('',*,*,#16779,.F.);
#16779 = EDGE_CURVE('',#16575,#16682,#16780,.T.);
#16780 = LINE('',#16781,#16782);
#16781 = CARTESIAN_POINT('',(75.,-100.,0.));
#16782 = VECTOR('',#16783,1.);
#16783 = DIRECTION('',(0.,0.,1.));
#16784 = ORIENTED_EDGE('',*,*,#16582,.F.);
#16785 = CYLINDRICAL_SURFACE('',#16786,5.000003093051);
#16786 = AXIS2_PLACEMENT_3D('',#16787,#16788,#16789);
#16787 = CARTESIAN_POINT('',(74.99999690695,-94.99999690695,0.));
#16788 = DIRECTION('',(0.,0.,-1.));
#16789 = DIRECTION('',(1.,-6.186096480777E-07,0.));
#16790 = ADVANCED_FACE('',(#16791),#16802,.T.);
#16791 = FACE_BOUND('',#16792,.T.);
#16792 = EDGE_LOOP('',(#16793,#16799,#16800,#16801));
#16793 = ORIENTED_EDGE('',*,*,#16794,.T.);
#16794 = EDGE_CURVE('',#16558,#16665,#16795,.T.);
#16795 = LINE('',#16796,#16797);
#16796 = CARTESIAN_POINT('',(-1.7763568394E-15,-95.,0.));
#16797 = VECTOR('',#16798,1.);
#16798 = DIRECTION('',(0.,0.,1.));
#16799 = ORIENTED_EDGE('',*,*,#16664,.T.);
#16800 = ORIENTED_EDGE('',*,*,#16760,.F.);
#16801 = ORIENTED_EDGE('',*,*,#16557,.F.);
#16802 = PLANE('',#16803);
#16803 = AXIS2_PLACEMENT_3D('',#16804,#16805,#16806);
#16804 = CARTESIAN_POINT('',(0.,-95.,0.));
#16805 = DIRECTION('',(-1.,0.,0.));
#16806 = DIRECTION('',(0.,1.,0.));
#16807 = ADVANCED_FACE('',(#16808),#16819,.T.);
#16808 = FACE_BOUND('',#16809,.T.);
#16809 = EDGE_LOOP('',(#16810,#16811,#16812,#16818));
#16810 = ORIENTED_EDGE('',*,*,#16779,.T.);
#16811 = ORIENTED_EDGE('',*,*,#16681,.T.);
#16812 = ORIENTED_EDGE('',*,*,#16813,.F.);
#16813 = EDGE_CURVE('',#16566,#16673,#16814,.T.);
#16814 = LINE('',#16815,#16816);
#16815 = CARTESIAN_POINT('',(5.,-100.,0.));
#16816 = VECTOR('',#16817,1.);
#16817 = DIRECTION('',(0.,0.,1.));
#16818 = ORIENTED_EDGE('',*,*,#16574,.F.);
#16819 = PLANE('',#16820);
#16820 = AXIS2_PLACEMENT_3D('',#16821,#16822,#16823);
#16821 = CARTESIAN_POINT('',(75.,-100.,0.));
#16822 = DIRECTION('',(0.,-1.,0.));
#16823 = DIRECTION('',(-1.,0.,0.));
#16824 = ADVANCED_FACE('',(#16825),#16831,.T.);
#16825 = FACE_BOUND('',#16826,.T.);
#16826 = EDGE_LOOP('',(#16827,#16828,#16829,#16830));
#16827 = ORIENTED_EDGE('',*,*,#16813,.T.);
#16828 = ORIENTED_EDGE('',*,*,#16672,.T.);
#16829 = ORIENTED_EDGE('',*,*,#16794,.F.);
#16830 = ORIENTED_EDGE('',*,*,#16565,.F.);
#16831 = CYLINDRICAL_SURFACE('',#16832,5.000003093051);
#16832 = AXIS2_PLACEMENT_3D('',#16833,#16834,#16835);
#16833 = CARTESIAN_POINT('',(5.00000309305,-94.99999690695,0.));
#16834 = DIRECTION('',(0.,0.,-1.));
#16835 = DIRECTION('',(-6.186096466566E-07,-1.,-0.));
#16836 = ADVANCED_FACE('',(#16837),#16848,.F.);
#16837 = FACE_BOUND('',#16838,.T.);
#16838 = EDGE_LOOP('',(#16839,#16840,#16846,#16847));
#16839 = ORIENTED_EDGE('',*,*,#16592,.T.);
#16840 = ORIENTED_EDGE('',*,*,#16841,.T.);
#16841 = EDGE_CURVE('',#16593,#16700,#16842,.T.);
#16842 = LINE('',#16843,#16844);
#16843 = CARTESIAN_POINT('',(5.,-96.6,-4.6E-02));
#16844 = VECTOR('',#16845,1.);
#16845 = DIRECTION('',(0.,0.,1.));
#16846 = ORIENTED_EDGE('',*,*,#16699,.F.);
#16847 = ORIENTED_EDGE('',*,*,#16841,.F.);
#16848 = CYLINDRICAL_SURFACE('',#16849,1.6);
#16849 = AXIS2_PLACEMENT_3D('',#16850,#16851,#16852);
#16850 = CARTESIAN_POINT('',(5.,-95.,-4.6E-02));
#16851 = DIRECTION('',(-0.,-0.,-1.));
#16852 = DIRECTION('',(-0.,-1.,0.));
#16853 = ADVANCED_FACE('',(#16854),#16865,.F.);
#16854 = FACE_BOUND('',#16855,.T.);
#16855 = EDGE_LOOP('',(#16856,#16857,#16863,#16864));
#16856 = ORIENTED_EDGE('',*,*,#16603,.T.);
#16857 = ORIENTED_EDGE('',*,*,#16858,.T.);
#16858 = EDGE_CURVE('',#16604,#16711,#16859,.T.);
#16859 = LINE('',#16860,#16861);
#16860 = CARTESIAN_POINT('',(40.,-96.6,-4.6E-02));
#16861 = VECTOR('',#16862,1.);
#16862 = DIRECTION('',(0.,0.,1.));
#16863 = ORIENTED_EDGE('',*,*,#16710,.F.);
#16864 = ORIENTED_EDGE('',*,*,#16858,.F.);
#16865 = CYLINDRICAL_SURFACE('',#16866,1.6);
#16866 = AXIS2_PLACEMENT_3D('',#16867,#16868,#16869);
#16867 = CARTESIAN_POINT('',(40.,-95.,-4.6E-02));
#16868 = DIRECTION('',(-0.,-0.,-1.));
#16869 = DIRECTION('',(-0.,-1.,0.));
#16870 = ADVANCED_FACE('',(#16871),#16882,.F.);
#16871 = FACE_BOUND('',#16872,.T.);
#16872 = EDGE_LOOP('',(#16873,#16874,#16880,#16881));
#16873 = ORIENTED_EDGE('',*,*,#16614,.T.);
#16874 = ORIENTED_EDGE('',*,*,#16875,.T.);
#16875 = EDGE_CURVE('',#16615,#16722,#16876,.T.);
#16876 = LINE('',#16877,#16878);
#16877 = CARTESIAN_POINT('',(75.,-96.6,-4.6E-02));
#16878 = VECTOR('',#16879,1.);
#16879 = DIRECTION('',(0.,0.,1.));
#16880 = ORIENTED_EDGE('',*,*,#16721,.F.);
#16881 = ORIENTED_EDGE('',*,*,#16875,.F.);
#16882 = CYLINDRICAL_SURFACE('',#16883,1.6);
#16883 = AXIS2_PLACEMENT_3D('',#16884,#16885,#16886);
#16884 = CARTESIAN_POINT('',(75.,-95.,-4.6E-02));
#16885 = DIRECTION('',(-0.,-0.,-1.));
#16886 = DIRECTION('',(-0.,-1.,0.));
#16887 = ADVANCED_FACE('',(#16888),#16899,.F.);
#16888 = FACE_BOUND('',#16889,.T.);
#16889 = EDGE_LOOP('',(#16890,#16891,#16897,#16898));
#16890 = ORIENTED_EDGE('',*,*,#16625,.T.);
#16891 = ORIENTED_EDGE('',*,*,#16892,.T.);
#16892 = EDGE_CURVE('',#16626,#16733,#16893,.T.);
#16893 = LINE('',#16894,#16895);
#16894 = CARTESIAN_POINT('',(5.,-6.6,-4.6E-02));
#16895 = VECTOR('',#16896,1.);
#16896 = DIRECTION('',(0.,0.,1.));
#16897 = ORIENTED_EDGE('',*,*,#16732,.F.);
#16898 = ORIENTED_EDGE('',*,*,#16892,.F.);
#16899 = CYLINDRICAL_SURFACE('',#16900,1.6);
#16900 = AXIS2_PLACEMENT_3D('',#16901,#16902,#16903);
#16901 = CARTESIAN_POINT('',(5.,-5.,-4.6E-02));
#16902 = DIRECTION('',(-0.,-0.,-1.));
#16903 = DIRECTION('',(-0.,-1.,0.));
#16904 = ADVANCED_FACE('',(#16905),#16916,.F.);
#16905 = FACE_BOUND('',#16906,.T.);
#16906 = EDGE_LOOP('',(#16907,#16908,#16914,#16915));
#16907 = ORIENTED_EDGE('',*,*,#16636,.T.);
#16908 = ORIENTED_EDGE('',*,*,#16909,.T.);
#16909 = EDGE_CURVE('',#16637,#16744,#16910,.T.);
#16910 = LINE('',#16911,#16912);
#16911 = CARTESIAN_POINT('',(75.,-6.6,-4.6E-02));
#16912 = VECTOR('',#16913,1.);
#16913 = DIRECTION('',(0.,0.,1.));
#16914 = ORIENTED_EDGE('',*,*,#16743,.F.);
#16915 = ORIENTED_EDGE('',*,*,#16909,.F.);
#16916 = CYLINDRICAL_SURFACE('',#16917,1.6);
#16917 = AXIS2_PLACEMENT_3D('',#16918,#16919,#16920);
#16918 = CARTESIAN_POINT('',(75.,-5.,-4.6E-02));
#16919 = DIRECTION('',(-0.,-0.,-1.));
#16920 = DIRECTION('',(-0.,-1.,0.));
#16921 = ( GEOMETRIC_REPRESENTATION_CONTEXT(3) 
GLOBAL_UNCERTAINTY_ASSIGNED_CONTEXT((#16925)) 
GLOBAL_UNIT_ASSIGNED_CONTEXT((#16922,#16923,#16924)) 
REPRESENTATION_CONTEXT('Context #1',
  '3D Context with UNIT and UNCERTAINTY') );
#16922 = ( LENGTH_UNIT() NAMED_UNIT(*) SI_UNIT(.MILLI.,.METRE.) );
#16923 = ( NAMED_UNIT(*) PLANE_ANGLE_UNIT() SI_UNIT($,.RADIAN.) );
#16924 = ( NAMED_UNIT(*) SI_UNIT($,.STERADIAN.) SOLID_ANGLE_UNIT() );
#16925 = UNCERTAINTY_MEASURE_WITH_UNIT(LENGTH_MEASURE(1.E-07),#16922,
  'distance_accuracy_value','confusion accuracy');
#16926 = CONTEXT_DEPENDENT_SHAPE_REPRESENTATION(#16927,#16929);
#16927 = ( REPRESENTATION_RELATIONSHIP('','',#16435,#10) 
REPRESENTATION_RELATIONSHIP_WITH_TRANSFORMATION(#16928) 
SHAPE_REPRESENTATION_RELATIONSHIP() );
#16928 = ITEM_DEFINED_TRANSFORMATION('','',#11,#27);
#16929 = PRODUCT_DEFINITION_SHAPE('Placement','Placement of an item',
  #16930);
#16930 = NEXT_ASSEMBLY_USAGE_OCCURRENCE('4','=>[0:1:1:5]','',#5,#16430,$
  );
#16931 = PRODUCT_RELATED_PRODUCT_CATEGORY('part',$,(#16432));
#16932 = MECHANICAL_DESIGN_GEOMETRIC_PRESENTATION_REPRESENTATION('',(
    #16933,#16941,#16948,#16955,#16962,#16969,#16976,#16983,#16990,
    #16997,#17004,#17011,#17018,#17025,#17032,#17039,#17046,#17053,
    #17060,#17067,#17074,#17081,#17088,#17095,#17102),#2345);
#16933 = STYLED_ITEM('color',(#16934),#45);
#16934 = PRESENTATION_STYLE_ASSIGNMENT((#16935));
#16935 = SURFACE_STYLE_USAGE(.BOTH.,#16936);
#16936 = SURFACE_SIDE_STYLE('',(#16937));
#16937 = SURFACE_STYLE_FILL_AREA(#16938);
#16938 = FILL_AREA_STYLE('',(#16939));
#16939 = FILL_AREA_STYLE_COLOUR('',#16940);
#16940 = COLOUR_RGB('',0.735356983052,0.735356983052,0.735356983052);
#16941 = STYLED_ITEM('color',(#16942),#137);
#16942 = PRESENTATION_STYLE_ASSIGNMENT((#16943));
#16943 = SURFACE_STYLE_USAGE(.BOTH.,#16944);
#16944 = SURFACE_SIDE_STYLE('',(#16945));
#16945 = SURFACE_STYLE_FILL_AREA(#16946);
#16946 = FILL_AREA_STYLE('',(#16947));
#16947 = FILL_AREA_STYLE_COLOUR('',#16940);
#16948 = STYLED_ITEM('color',(#16949),#229);
#16949 = PRESENTATION_STYLE_ASSIGNMENT((#16950));
#16950 = SURFACE_STYLE_USAGE(.BOTH.,#16951);
#16951 = SURFACE_SIDE_STYLE('',(#16952));
#16952 = SURFACE_STYLE_FILL_AREA(#16953);
#16953 = FILL_AREA_STYLE('',(#16954));
#16954 = FILL_AREA_STYLE_COLOUR('',#16940);
#16955 = STYLED_ITEM('color',(#16956),#321);
#16956 = PRESENTATION_STYLE_ASSIGNMENT((#16957));
#16957 = SURFACE_STYLE_USAGE(.BOTH.,#16958);
#16958 = SURFACE_SIDE_STYLE('',(#16959));
#16959 = SURFACE_STYLE_FILL_AREA(#16960);
#16960 = FILL_AREA_STYLE('',(#16961));
#16961 = FILL_AREA_STYLE_COLOUR('',#16940);
#16962 = STYLED_ITEM('color',(#16963),#413);
#16963 = PRESENTATION_STYLE_ASSIGNMENT((#16964));
#16964 = SURFACE_STYLE_USAGE(.BOTH.,#16965);
#16965 = SURFACE_SIDE_STYLE('',(#16966));
#16966 = SURFACE_STYLE_FILL_AREA(#16967);
#16967 = FILL_AREA_STYLE('',(#16968));
#16968 = FILL_AREA_STYLE_COLOUR('',#16940);
#16969 = STYLED_ITEM('color',(#16970),#505);
#16970 = PRESENTATION_STYLE_ASSIGNMENT((#16971));
#16971 = SURFACE_STYLE_USAGE(.BOTH.,#16972);
#16972 = SURFACE_SIDE_STYLE('',(#16973));
#16973 = SURFACE_STYLE_FILL_AREA(#16974);
#16974 = FILL_AREA_STYLE('',(#16975));
#16975 = FILL_AREA_STYLE_COLOUR('',#16940);
#16976 = STYLED_ITEM('color',(#16977),#597);
#16977 = PRESENTATION_STYLE_ASSIGNMENT((#16978));
#16978 = SURFACE_STYLE_USAGE(.BOTH.,#16979);
#16979 = SURFACE_SIDE_STYLE('',(#16980));
#16980 = SURFACE_STYLE_FILL_AREA(#16981);
#16981 = FILL_AREA_STYLE('',(#16982));
#16982 = FILL_AREA_STYLE_COLOUR('',#16940);
#16983 = STYLED_ITEM('color',(#16984),#689);
#16984 = PRESENTATION_STYLE_ASSIGNMENT((#16985));
#16985 = SURFACE_STYLE_USAGE(.BOTH.,#16986);
#16986 = SURFACE_SIDE_STYLE('',(#16987));
#16987 = SURFACE_STYLE_FILL_AREA(#16988);
#16988 = FILL_AREA_STYLE('',(#16989));
#16989 = FILL_AREA_STYLE_COLOUR('',#16940);
#16990 = STYLED_ITEM('color',(#16991),#781);
#16991 = PRESENTATION_STYLE_ASSIGNMENT((#16992));
#16992 = SURFACE_STYLE_USAGE(.BOTH.,#16993);
#16993 = SURFACE_SIDE_STYLE('',(#16994));
#16994 = SURFACE_STYLE_FILL_AREA(#16995);
#16995 = FILL_AREA_STYLE('',(#16996));
#16996 = FILL_AREA_STYLE_COLOUR('',#16940);
#16997 = STYLED_ITEM('color',(#16998),#873);
#16998 = PRESENTATION_STYLE_ASSIGNMENT((#16999));
#16999 = SURFACE_STYLE_USAGE(.BOTH.,#17000);
#17000 = SURFACE_SIDE_STYLE('',(#17001));
#17001 = SURFACE_STYLE_FILL_AREA(#17002);
#17002 = FILL_AREA_STYLE('',(#17003));
#17003 = FILL_AREA_STYLE_COLOUR('',#16940);
#17004 = STYLED_ITEM('color',(#17005),#965);
#17005 = PRESENTATION_STYLE_ASSIGNMENT((#17006));
#17006 = SURFACE_STYLE_USAGE(.BOTH.,#17007);
#17007 = SURFACE_SIDE_STYLE('',(#17008));
#17008 = SURFACE_STYLE_FILL_AREA(#17009);
#17009 = FILL_AREA_STYLE('',(#17010));
#17010 = FILL_AREA_STYLE_COLOUR('',#16940);
#17011 = STYLED_ITEM('color',(#17012),#1057);
#17012 = PRESENTATION_STYLE_ASSIGNMENT((#17013));
#17013 = SURFACE_STYLE_USAGE(.BOTH.,#17014);
#17014 = SURFACE_SIDE_STYLE('',(#17015));
#17015 = SURFACE_STYLE_FILL_AREA(#17016);
#17016 = FILL_AREA_STYLE('',(#17017));
#17017 = FILL_AREA_STYLE_COLOUR('',#16940);
#17018 = STYLED_ITEM('color',(#17019),#1149);
#17019 = PRESENTATION_STYLE_ASSIGNMENT((#17020));
#17020 = SURFACE_STYLE_USAGE(.BOTH.,#17021);
#17021 = SURFACE_SIDE_STYLE('',(#17022));
#17022 = SURFACE_STYLE_FILL_AREA(#17023);
#17023 = FILL_AREA_STYLE('',(#17024));
#17024 = FILL_AREA_STYLE_COLOUR('',#16940);
#17025 = STYLED_ITEM('color',(#17026),#1241);
#17026 = PRESENTATION_STYLE_ASSIGNMENT((#17027));
#17027 = SURFACE_STYLE_USAGE(.BOTH.,#17028);
#17028 = SURFACE_SIDE_STYLE('',(#17029));
#17029 = SURFACE_STYLE_FILL_AREA(#17030);
#17030 = FILL_AREA_STYLE('',(#17031));
#17031 = FILL_AREA_STYLE_COLOUR('',#16940);
#17032 = STYLED_ITEM('color',(#17033),#1333);
#17033 = PRESENTATION_STYLE_ASSIGNMENT((#17034));
#17034 = SURFACE_STYLE_USAGE(.BOTH.,#17035);
#17035 = SURFACE_SIDE_STYLE('',(#17036));
#17036 = SURFACE_STYLE_FILL_AREA(#17037);
#17037 = FILL_AREA_STYLE('',(#17038));
#17038 = FILL_AREA_STYLE_COLOUR('',#16940);
#17039 = STYLED_ITEM('color',(#17040),#1425);
#17040 = PRESENTATION_STYLE_ASSIGNMENT((#17041));
#17041 = SURFACE_STYLE_USAGE(.BOTH.,#17042);
#17042 = SURFACE_SIDE_STYLE('',(#17043));
#17043 = SURFACE_STYLE_FILL_AREA(#17044);
#17044 = FILL_AREA_STYLE('',(#17045));
#17045 = FILL_AREA_STYLE_COLOUR('',#16940);
#17046 = STYLED_ITEM('color',(#17047),#1517);
#17047 = PRESENTATION_STYLE_ASSIGNMENT((#17048));
#17048 = SURFACE_STYLE_USAGE(.BOTH.,#17049);
#17049 = SURFACE_SIDE_STYLE('',(#17050));
#17050 = SURFACE_STYLE_FILL_AREA(#17051);
#17051 = FILL_AREA_STYLE('',(#17052));
#17052 = FILL_AREA_STYLE_COLOUR('',#16940);
#17053 = STYLED_ITEM('color',(#17054),#1609);
#17054 = PRESENTATION_STYLE_ASSIGNMENT((#17055));
#17055 = SURFACE_STYLE_USAGE(.BOTH.,#17056);
#17056 = SURFACE_SIDE_STYLE('',(#17057));
#17057 = SURFACE_STYLE_FILL_AREA(#17058);
#17058 = FILL_AREA_STYLE('',(#17059));
#17059 = FILL_AREA_STYLE_COLOUR('',#16940);
#17060 = STYLED_ITEM('color',(#17061),#1701);
#17061 = PRESENTATION_STYLE_ASSIGNMENT((#17062));
#17062 = SURFACE_STYLE_USAGE(.BOTH.,#17063);
#17063 = SURFACE_SIDE_STYLE('',(#17064));
#17064 = SURFACE_STYLE_FILL_AREA(#17065);
#17065 = FILL_AREA_STYLE('',(#17066));
#17066 = FILL_AREA_STYLE_COLOUR('',#16940);
#17067 = STYLED_ITEM('color',(#17068),#1793);
#17068 = PRESENTATION_STYLE_ASSIGNMENT((#17069));
#17069 = SURFACE_STYLE_USAGE(.BOTH.,#17070);
#17070 = SURFACE_SIDE_STYLE('',(#17071));
#17071 = SURFACE_STYLE_FILL_AREA(#17072);
#17072 = FILL_AREA_STYLE('',(#17073));
#17073 = FILL_AREA_STYLE_COLOUR('',#16940);
#17074 = STYLED_ITEM('color',(#17075),#1885);
#17075 = PRESENTATION_STYLE_ASSIGNMENT((#17076));
#17076 = SURFACE_STYLE_USAGE(.BOTH.,#17077);
#17077 = SURFACE_SIDE_STYLE('',(#17078));
#17078 = SURFACE_STYLE_FILL_AREA(#17079);
#17079 = FILL_AREA_STYLE('',(#17080));
#17080 = FILL_AREA_STYLE_COLOUR('',#16940);
#17081 = STYLED_ITEM('color',(#17082),#1977);
#17082 = PRESENTATION_STYLE_ASSIGNMENT((#17083));
#17083 = SURFACE_STYLE_USAGE(.BOTH.,#17084);
#17084 = SURFACE_SIDE_STYLE('',(#17085));
#17085 = SURFACE_STYLE_FILL_AREA(#17086);
#17086 = FILL_AREA_STYLE('',(#17087));
#17087 = FILL_AREA_STYLE_COLOUR('',#16940);
#17088 = STYLED_ITEM('color',(#17089),#2069);
#17089 = PRESENTATION_STYLE_ASSIGNMENT((#17090));
#17090 = SURFACE_STYLE_USAGE(.BOTH.,#17091);
#17091 = SURFACE_SIDE_STYLE('',(#17092));
#17092 = SURFACE_STYLE_FILL_AREA(#17093);
#17093 = FILL_AREA_STYLE('',(#17094));
#17094 = FILL_AREA_STYLE_COLOUR('',#16940);
#17095 = STYLED_ITEM('color',(#17096),#2161);
#17096 = PRESENTATION_STYLE_ASSIGNMENT((#17097));
#17097 = SURFACE_STYLE_USAGE(.BOTH.,#17098);
#17098 = SURFACE_SIDE_STYLE('',(#17099));
#17099 = SURFACE_STYLE_FILL_AREA(#17100);
#17100 = FILL_AREA_STYLE('',(#17101));
#17101 = FILL_AREA_STYLE_COLOUR('',#16940);
#17102 = STYLED_ITEM('color',(#17103),#2253);
#17103 = PRESENTATION_STYLE_ASSIGNMENT((#17104));
#17104 = SURFACE_STYLE_USAGE(.BOTH.,#17105);
#17105 = SURFACE_SIDE_STYLE('',(#17106));
#17106 = SURFACE_STYLE_FILL_AREA(#17107);
#17107 = FILL_AREA_STYLE('',(#17108));
#17108 = FILL_AREA_STYLE_COLOUR('',#16940);
#17109 = MECHANICAL_DESIGN_GEOMETRIC_PRESENTATION_REPRESENTATION('',(
    #17110),#16921);
#17110 = STYLED_ITEM('color',(#17111),#16436);
#17111 = PRESENTATION_STYLE_ASSIGNMENT((#17112));
#17112 = SURFACE_STYLE_USAGE(.BOTH.,#17113);
#17113 = SURFACE_SIDE_STYLE('',(#17114));
#17114 = SURFACE_STYLE_FILL_AREA(#17115);
#17115 = FILL_AREA_STYLE('',(#17116));
#17116 = FILL_AREA_STYLE_COLOUR('',#17117);
#17117 = COLOUR_RGB('',0.583831500637,0.583831500637,0.583831500637);
#17118 = MECHANICAL_DESIGN_GEOMETRIC_PRESENTATION_REPRESENTATION('',(
    #17119,#17129),#16417);
#17119 = STYLED_ITEM('color',(#17120),#16025);
#17120 = PRESENTATION_STYLE_ASSIGNMENT((#17121));
#17121 = SURFACE_STYLE_USAGE(.BOTH.,#17122);
#17122 = SURFACE_SIDE_STYLE('',(#17123,#17127));
#17123 = SURFACE_STYLE_FILL_AREA(#17124);
#17124 = FILL_AREA_STYLE('',(#17125));
#17125 = FILL_AREA_STYLE_COLOUR('',#17126);
#17126 = COLOUR_RGB('',0.277846546019,0.436627062838,0.370214030736);
#17127 = SURFACE_STYLE_RENDERING_WITH_PROPERTIES(.NORMAL_SHADING.,#17126
  ,(#17128));
#17128 = SURFACE_STYLE_TRANSPARENT(0.170000016689);
#17129 = STYLED_ITEM('color',(#17130),#16222);
#17130 = PRESENTATION_STYLE_ASSIGNMENT((#17131));
#17131 = SURFACE_STYLE_USAGE(.BOTH.,#17132);
#17132 = SURFACE_SIDE_STYLE('',(#17133,#17136));
#17133 = SURFACE_STYLE_FILL_AREA(#17134);
#17134 = FILL_AREA_STYLE('',(#17135));
#17135 = FILL_AREA_STYLE_COLOUR('',#17126);
#17136 = SURFACE_STYLE_RENDERING_WITH_PROPERTIES(.NORMAL_SHADING.,#17126
  ,(#17137));
#17137 = SURFACE_STYLE_TRANSPARENT(0.170000016689);
#17138 = MECHANICAL_DESIGN_GEOMETRIC_PRESENTATION_REPRESENTATION('',(
    #17139,#17147,#17154,#17161,#17168,#17175,#17182,#17189,#17196,
    #17203,#17210,#17217,#17224,#17231,#17238,#17245,#17252,#17259,
    #17266,#17273,#17280,#17287,#17294,#17301,#17308,#17315,#17322,
    #17329,#17336,#17343,#17350,#17357,#17364,#17371,#17378,#17385,
    #17392,#17399,#17406,#17413,#17420,#17427,#17434,#17441,#17448,
    #17455,#17462,#17469,#17476,#17483,#17490,#17497,#17504,#17511,
    #17518,#17525,#17532,#17539,#17546,#17553,#17560,#17567,#17574,
    #17581,#17588,#17595,#17602,#17609,#17616,#17623),#16004);
#17139 = STYLED_ITEM('color',(#17140),#2366);
#17140 = PRESENTATION_STYLE_ASSIGNMENT((#17141));
#17141 = SURFACE_STYLE_USAGE(.BOTH.,#17142);
#17142 = SURFACE_SIDE_STYLE('',(#17143));
#17143 = SURFACE_STYLE_FILL_AREA(#17144);
#17144 = FILL_AREA_STYLE('',(#17145));
#17145 = FILL_AREA_STYLE_COLOUR('',#17146);
#17146 = COLOUR_RGB('',0.982560078588,0.982560078588,0.982560078588);
#17147 = STYLED_ITEM('color',(#17148),#2693);
#17148 = PRESENTATION_STYLE_ASSIGNMENT((#17149));
#17149 = SURFACE_STYLE_USAGE(.BOTH.,#17150);
#17150 = SURFACE_SIDE_STYLE('',(#17151));
#17151 = SURFACE_STYLE_FILL_AREA(#17152);
#17152 = FILL_AREA_STYLE('',(#17153));
#17153 = FILL_AREA_STYLE_COLOUR('',#17146);
#17154 = STYLED_ITEM('color',(#17155),#2897);
#17155 = PRESENTATION_STYLE_ASSIGNMENT((#17156));
#17156 = SURFACE_STYLE_USAGE(.BOTH.,#17157);
#17157 = SURFACE_SIDE_STYLE('',(#17158));
#17158 = SURFACE_STYLE_FILL_AREA(#17159);
#17159 = FILL_AREA_STYLE('',(#17160));
#17160 = FILL_AREA_STYLE_COLOUR('',#17146);
#17161 = STYLED_ITEM('color',(#17162),#3170);
#17162 = PRESENTATION_STYLE_ASSIGNMENT((#17163));
#17163 = SURFACE_STYLE_USAGE(.BOTH.,#17164);
#17164 = SURFACE_SIDE_STYLE('',(#17165));
#17165 = SURFACE_STYLE_FILL_AREA(#17166);
#17166 = FILL_AREA_STYLE('',(#17167));
#17167 = FILL_AREA_STYLE_COLOUR('',#17146);
#17168 = STYLED_ITEM('color',(#17169),#3506);
#17169 = PRESENTATION_STYLE_ASSIGNMENT((#17170));
#17170 = SURFACE_STYLE_USAGE(.BOTH.,#17171);
#17171 = SURFACE_SIDE_STYLE('',(#17172));
#17172 = SURFACE_STYLE_FILL_AREA(#17173);
#17173 = FILL_AREA_STYLE('',(#17174));
#17174 = FILL_AREA_STYLE_COLOUR('',#17146);
#17175 = STYLED_ITEM('color',(#17176),#3748);
#17176 = PRESENTATION_STYLE_ASSIGNMENT((#17177));
#17177 = SURFACE_STYLE_USAGE(.BOTH.,#17178);
#17178 = SURFACE_SIDE_STYLE('',(#17179));
#17179 = SURFACE_STYLE_FILL_AREA(#17180);
#17180 = FILL_AREA_STYLE('',(#17181));
#17181 = FILL_AREA_STYLE_COLOUR('',#17146);
#17182 = STYLED_ITEM('color',(#17183),#4115);
#17183 = PRESENTATION_STYLE_ASSIGNMENT((#17184));
#17184 = SURFACE_STYLE_USAGE(.BOTH.,#17185);
#17185 = SURFACE_SIDE_STYLE('',(#17186));
#17186 = SURFACE_STYLE_FILL_AREA(#17187);
#17187 = FILL_AREA_STYLE('',(#17188));
#17188 = FILL_AREA_STYLE_COLOUR('',#17146);
#17189 = STYLED_ITEM('color',(#17190),#4327);
#17190 = PRESENTATION_STYLE_ASSIGNMENT((#17191));
#17191 = SURFACE_STYLE_USAGE(.BOTH.,#17192);
#17192 = SURFACE_SIDE_STYLE('',(#17193));
#17193 = SURFACE_STYLE_FILL_AREA(#17194);
#17194 = FILL_AREA_STYLE('',(#17195));
#17195 = FILL_AREA_STYLE_COLOUR('',#17146);
#17196 = STYLED_ITEM('color',(#17197),#4631);
#17197 = PRESENTATION_STYLE_ASSIGNMENT((#17198));
#17198 = SURFACE_STYLE_USAGE(.BOTH.,#17199);
#17199 = SURFACE_SIDE_STYLE('',(#17200));
#17200 = SURFACE_STYLE_FILL_AREA(#17201);
#17201 = FILL_AREA_STYLE('',(#17202));
#17202 = FILL_AREA_STYLE_COLOUR('',#17146);
#17203 = STYLED_ITEM('color',(#17204),#5012);
#17204 = PRESENTATION_STYLE_ASSIGNMENT((#17205));
#17205 = SURFACE_STYLE_USAGE(.BOTH.,#17206);
#17206 = SURFACE_SIDE_STYLE('',(#17207));
#17207 = SURFACE_STYLE_FILL_AREA(#17208);
#17208 = FILL_AREA_STYLE('',(#17209));
#17209 = FILL_AREA_STYLE_COLOUR('',#17146);
#17210 = STYLED_ITEM('color',(#17211),#5254);
#17211 = PRESENTATION_STYLE_ASSIGNMENT((#17212));
#17212 = SURFACE_STYLE_USAGE(.BOTH.,#17213);
#17213 = SURFACE_SIDE_STYLE('',(#17214));
#17214 = SURFACE_STYLE_FILL_AREA(#17215);
#17215 = FILL_AREA_STYLE('',(#17216));
#17216 = FILL_AREA_STYLE_COLOUR('',#17146);
#17217 = STYLED_ITEM('color',(#17218),#5472);
#17218 = PRESENTATION_STYLE_ASSIGNMENT((#17219));
#17219 = SURFACE_STYLE_USAGE(.BOTH.,#17220);
#17220 = SURFACE_SIDE_STYLE('',(#17221));
#17221 = SURFACE_STYLE_FILL_AREA(#17222);
#17222 = FILL_AREA_STYLE('',(#17223));
#17223 = FILL_AREA_STYLE_COLOUR('',#17146);
#17224 = STYLED_ITEM('color',(#17225),#5845);
#17225 = PRESENTATION_STYLE_ASSIGNMENT((#17226));
#17226 = SURFACE_STYLE_USAGE(.BOTH.,#17227);
#17227 = SURFACE_SIDE_STYLE('',(#17228));
#17228 = SURFACE_STYLE_FILL_AREA(#17229);
#17229 = FILL_AREA_STYLE('',(#17230));
#17230 = FILL_AREA_STYLE_COLOUR('',#17146);
#17231 = STYLED_ITEM('color',(#17232),#6700);
#17232 = PRESENTATION_STYLE_ASSIGNMENT((#17233));
#17233 = SURFACE_STYLE_USAGE(.BOTH.,#17234);
#17234 = SURFACE_SIDE_STYLE('',(#17235));
#17235 = SURFACE_STYLE_FILL_AREA(#17236);
#17236 = FILL_AREA_STYLE('',(#17237));
#17237 = FILL_AREA_STYLE_COLOUR('',#17146);
#17238 = STYLED_ITEM('color',(#17239),#6867);
#17239 = PRESENTATION_STYLE_ASSIGNMENT((#17240));
#17240 = SURFACE_STYLE_USAGE(.BOTH.,#17241);
#17241 = SURFACE_SIDE_STYLE('',(#17242));
#17242 = SURFACE_STYLE_FILL_AREA(#17243);
#17243 = FILL_AREA_STYLE('',(#17244));
#17244 = FILL_AREA_STYLE_COLOUR('',#17146);
#17245 = STYLED_ITEM('color',(#17246),#6960);
#17246 = PRESENTATION_STYLE_ASSIGNMENT((#17247));
#17247 = SURFACE_STYLE_USAGE(.BOTH.,#17248);
#17248 = SURFACE_SIDE_STYLE('',(#17249));
#17249 = SURFACE_STYLE_FILL_AREA(#17250);
#17250 = FILL_AREA_STYLE('',(#17251));
#17251 = FILL_AREA_STYLE_COLOUR('',#17146);
#17252 = STYLED_ITEM('color',(#17253),#7076);
#17253 = PRESENTATION_STYLE_ASSIGNMENT((#17254));
#17254 = SURFACE_STYLE_USAGE(.BOTH.,#17255);
#17255 = SURFACE_SIDE_STYLE('',(#17256));
#17256 = SURFACE_STYLE_FILL_AREA(#17257);
#17257 = FILL_AREA_STYLE('',(#17258));
#17258 = FILL_AREA_STYLE_COLOUR('',#17146);
#17259 = STYLED_ITEM('color',(#17260),#7192);
#17260 = PRESENTATION_STYLE_ASSIGNMENT((#17261));
#17261 = SURFACE_STYLE_USAGE(.BOTH.,#17262);
#17262 = SURFACE_SIDE_STYLE('',(#17263));
#17263 = SURFACE_STYLE_FILL_AREA(#17264);
#17264 = FILL_AREA_STYLE('',(#17265));
#17265 = FILL_AREA_STYLE_COLOUR('',#17146);
#17266 = STYLED_ITEM('color',(#17267),#7466);
#17267 = PRESENTATION_STYLE_ASSIGNMENT((#17268));
#17268 = SURFACE_STYLE_USAGE(.BOTH.,#17269);
#17269 = SURFACE_SIDE_STYLE('',(#17270));
#17270 = SURFACE_STYLE_FILL_AREA(#17271);
#17271 = FILL_AREA_STYLE('',(#17272));
#17272 = FILL_AREA_STYLE_COLOUR('',#17146);
#17273 = STYLED_ITEM('color',(#17274),#7510);
#17274 = PRESENTATION_STYLE_ASSIGNMENT((#17275));
#17275 = SURFACE_STYLE_USAGE(.BOTH.,#17276);
#17276 = SURFACE_SIDE_STYLE('',(#17277));
#17277 = SURFACE_STYLE_FILL_AREA(#17278);
#17278 = FILL_AREA_STYLE('',(#17279));
#17279 = FILL_AREA_STYLE_COLOUR('',#17146);
#17280 = STYLED_ITEM('color',(#17281),#7603);
#17281 = PRESENTATION_STYLE_ASSIGNMENT((#17282));
#17282 = SURFACE_STYLE_USAGE(.BOTH.,#17283);
#17283 = SURFACE_SIDE_STYLE('',(#17284));
#17284 = SURFACE_STYLE_FILL_AREA(#17285);
#17285 = FILL_AREA_STYLE('',(#17286));
#17286 = FILL_AREA_STYLE_COLOUR('',#17146);
#17287 = STYLED_ITEM('color',(#17288),#7755);
#17288 = PRESENTATION_STYLE_ASSIGNMENT((#17289));
#17289 = SURFACE_STYLE_USAGE(.BOTH.,#17290);
#17290 = SURFACE_SIDE_STYLE('',(#17291));
#17291 = SURFACE_STYLE_FILL_AREA(#17292);
#17292 = FILL_AREA_STYLE('',(#17293));
#17293 = FILL_AREA_STYLE_COLOUR('',#17146);
#17294 = STYLED_ITEM('color',(#17295),#7815);
#17295 = PRESENTATION_STYLE_ASSIGNMENT((#17296));
#17296 = SURFACE_STYLE_USAGE(.BOTH.,#17297);
#17297 = SURFACE_SIDE_STYLE('',(#17298));
#17298 = SURFACE_STYLE_FILL_AREA(#17299);
#17299 = FILL_AREA_STYLE('',(#17300));
#17300 = FILL_AREA_STYLE_COLOUR('',#17146);
#17301 = STYLED_ITEM('color',(#17302),#8039);
#17302 = PRESENTATION_STYLE_ASSIGNMENT((#17303));
#17303 = SURFACE_STYLE_USAGE(.BOTH.,#17304);
#17304 = SURFACE_SIDE_STYLE('',(#17305));
#17305 = SURFACE_STYLE_FILL_AREA(#17306);
#17306 = FILL_AREA_STYLE('',(#17307));
#17307 = FILL_AREA_STYLE_COLOUR('',#17146);
#17308 = STYLED_ITEM('color',(#17309),#8099);
#17309 = PRESENTATION_STYLE_ASSIGNMENT((#17310));
#17310 = SURFACE_STYLE_USAGE(.BOTH.,#17311);
#17311 = SURFACE_SIDE_STYLE('',(#17312));
#17312 = SURFACE_STYLE_FILL_AREA(#17313);
#17313 = FILL_AREA_STYLE('',(#17314));
#17314 = FILL_AREA_STYLE_COLOUR('',#17146);
#17315 = STYLED_ITEM('color',(#17316),#8369);
#17316 = PRESENTATION_STYLE_ASSIGNMENT((#17317));
#17317 = SURFACE_STYLE_USAGE(.BOTH.,#17318);
#17318 = SURFACE_SIDE_STYLE('',(#17319));
#17319 = SURFACE_STYLE_FILL_AREA(#17320);
#17320 = FILL_AREA_STYLE('',(#17321));
#17321 = FILL_AREA_STYLE_COLOUR('',#17146);
#17322 = STYLED_ITEM('color',(#17323),#8641);
#17323 = PRESENTATION_STYLE_ASSIGNMENT((#17324));
#17324 = SURFACE_STYLE_USAGE(.BOTH.,#17325);
#17325 = SURFACE_SIDE_STYLE('',(#17326));
#17326 = SURFACE_STYLE_FILL_AREA(#17327);
#17327 = FILL_AREA_STYLE('',(#17328));
#17328 = FILL_AREA_STYLE_COLOUR('',#17146);
#17329 = STYLED_ITEM('color',(#17330),#8806);
#17330 = PRESENTATION_STYLE_ASSIGNMENT((#17331));
#17331 = SURFACE_STYLE_USAGE(.BOTH.,#17332);
#17332 = SURFACE_SIDE_STYLE('',(#17333));
#17333 = SURFACE_STYLE_FILL_AREA(#17334);
#17334 = FILL_AREA_STYLE('',(#17335));
#17335 = FILL_AREA_STYLE_COLOUR('',#17146);
#17336 = STYLED_ITEM('color',(#17337),#9078);
#17337 = PRESENTATION_STYLE_ASSIGNMENT((#17338));
#17338 = SURFACE_STYLE_USAGE(.BOTH.,#17339);
#17339 = SURFACE_SIDE_STYLE('',(#17340));
#17340 = SURFACE_STYLE_FILL_AREA(#17341);
#17341 = FILL_AREA_STYLE('',(#17342));
#17342 = FILL_AREA_STYLE_COLOUR('',#17146);
#17343 = STYLED_ITEM('color',(#17344),#9260);
#17344 = PRESENTATION_STYLE_ASSIGNMENT((#17345));
#17345 = SURFACE_STYLE_USAGE(.BOTH.,#17346);
#17346 = SURFACE_SIDE_STYLE('',(#17347));
#17347 = SURFACE_STYLE_FILL_AREA(#17348);
#17348 = FILL_AREA_STYLE('',(#17349));
#17349 = FILL_AREA_STYLE_COLOUR('',#17146);
#17350 = STYLED_ITEM('color',(#17351),#9532);
#17351 = PRESENTATION_STYLE_ASSIGNMENT((#17352));
#17352 = SURFACE_STYLE_USAGE(.BOTH.,#17353);
#17353 = SURFACE_SIDE_STYLE('',(#17354));
#17354 = SURFACE_STYLE_FILL_AREA(#17355);
#17355 = FILL_AREA_STYLE('',(#17356));
#17356 = FILL_AREA_STYLE_COLOUR('',#17146);
#17357 = STYLED_ITEM('color',(#17358),#9804);
#17358 = PRESENTATION_STYLE_ASSIGNMENT((#17359));
#17359 = SURFACE_STYLE_USAGE(.BOTH.,#17360);
#17360 = SURFACE_SIDE_STYLE('',(#17361));
#17361 = SURFACE_STYLE_FILL_AREA(#17362);
#17362 = FILL_AREA_STYLE('',(#17363));
#17363 = FILL_AREA_STYLE_COLOUR('',#17146);
#17364 = STYLED_ITEM('color',(#17365),#9966);
#17365 = PRESENTATION_STYLE_ASSIGNMENT((#17366));
#17366 = SURFACE_STYLE_USAGE(.BOTH.,#17367);
#17367 = SURFACE_SIDE_STYLE('',(#17368));
#17368 = SURFACE_STYLE_FILL_AREA(#17369);
#17369 = FILL_AREA_STYLE('',(#17370));
#17370 = FILL_AREA_STYLE_COLOUR('',#17146);
#17371 = STYLED_ITEM('color',(#17372),#10148);
#17372 = PRESENTATION_STYLE_ASSIGNMENT((#17373));
#17373 = SURFACE_STYLE_USAGE(.BOTH.,#17374);
#17374 = SURFACE_SIDE_STYLE('',(#17375));
#17375 = SURFACE_STYLE_FILL_AREA(#17376);
#17376 = FILL_AREA_STYLE('',(#17377));
#17377 = FILL_AREA_STYLE_COLOUR('',#17146);
#17378 = STYLED_ITEM('color',(#17379),#10418);
#17379 = PRESENTATION_STYLE_ASSIGNMENT((#17380));
#17380 = SURFACE_STYLE_USAGE(.BOTH.,#17381);
#17381 = SURFACE_SIDE_STYLE('',(#17382));
#17382 = SURFACE_STYLE_FILL_AREA(#17383);
#17383 = FILL_AREA_STYLE('',(#17384));
#17384 = FILL_AREA_STYLE_COLOUR('',#17146);
#17385 = STYLED_ITEM('color',(#17386),#10580);
#17386 = PRESENTATION_STYLE_ASSIGNMENT((#17387));
#17387 = SURFACE_STYLE_USAGE(.BOTH.,#17388);
#17388 = SURFACE_SIDE_STYLE('',(#17389));
#17389 = SURFACE_STYLE_FILL_AREA(#17390);
#17390 = FILL_AREA_STYLE('',(#17391));
#17391 = FILL_AREA_STYLE_COLOUR('',#17146);
#17392 = STYLED_ITEM('color',(#17393),#10836);
#17393 = PRESENTATION_STYLE_ASSIGNMENT((#17394));
#17394 = SURFACE_STYLE_USAGE(.BOTH.,#17395);
#17395 = SURFACE_SIDE_STYLE('',(#17396));
#17396 = SURFACE_STYLE_FILL_AREA(#17397);
#17397 = FILL_AREA_STYLE('',(#17398));
#17398 = FILL_AREA_STYLE_COLOUR('',#17146);
#17399 = STYLED_ITEM('color',(#17400),#10998);
#17400 = PRESENTATION_STYLE_ASSIGNMENT((#17401));
#17401 = SURFACE_STYLE_USAGE(.BOTH.,#17402);
#17402 = SURFACE_SIDE_STYLE('',(#17403));
#17403 = SURFACE_STYLE_FILL_AREA(#17404);
#17404 = FILL_AREA_STYLE('',(#17405));
#17405 = FILL_AREA_STYLE_COLOUR('',#17146);
#17406 = STYLED_ITEM('color',(#17407),#11150);
#17407 = PRESENTATION_STYLE_ASSIGNMENT((#17408));
#17408 = SURFACE_STYLE_USAGE(.BOTH.,#17409);
#17409 = SURFACE_SIDE_STYLE('',(#17410));
#17410 = SURFACE_STYLE_FILL_AREA(#17411);
#17411 = FILL_AREA_STYLE('',(#17412));
#17412 = FILL_AREA_STYLE_COLOUR('',#17146);
#17413 = STYLED_ITEM('color',(#17414),#11266);
#17414 = PRESENTATION_STYLE_ASSIGNMENT((#17415));
#17415 = SURFACE_STYLE_USAGE(.BOTH.,#17416);
#17416 = SURFACE_SIDE_STYLE('',(#17417));
#17417 = SURFACE_STYLE_FILL_AREA(#17418);
#17418 = FILL_AREA_STYLE('',(#17419));
#17419 = FILL_AREA_STYLE_COLOUR('',#17146);
#17420 = STYLED_ITEM('color',(#17421),#11490);
#17421 = PRESENTATION_STYLE_ASSIGNMENT((#17422));
#17422 = SURFACE_STYLE_USAGE(.BOTH.,#17423);
#17423 = SURFACE_SIDE_STYLE('',(#17424));
#17424 = SURFACE_STYLE_FILL_AREA(#17425);
#17425 = FILL_AREA_STYLE('',(#17426));
#17426 = FILL_AREA_STYLE_COLOUR('',#17146);
#17427 = STYLED_ITEM('color',(#17428),#11656);
#17428 = PRESENTATION_STYLE_ASSIGNMENT((#17429));
#17429 = SURFACE_STYLE_USAGE(.BOTH.,#17430);
#17430 = SURFACE_SIDE_STYLE('',(#17431));
#17431 = SURFACE_STYLE_FILL_AREA(#17432);
#17432 = FILL_AREA_STYLE('',(#17433));
#17433 = FILL_AREA_STYLE_COLOUR('',#17146);
#17434 = STYLED_ITEM('color',(#17435),#11822);
#17435 = PRESENTATION_STYLE_ASSIGNMENT((#17436));
#17436 = SURFACE_STYLE_USAGE(.BOTH.,#17437);
#17437 = SURFACE_SIDE_STYLE('',(#17438));
#17438 = SURFACE_STYLE_FILL_AREA(#17439);
#17439 = FILL_AREA_STYLE('',(#17440));
#17440 = FILL_AREA_STYLE_COLOUR('',#17146);
#17441 = STYLED_ITEM('color',(#17442),#12004);
#17442 = PRESENTATION_STYLE_ASSIGNMENT((#17443));
#17443 = SURFACE_STYLE_USAGE(.BOTH.,#17444);
#17444 = SURFACE_SIDE_STYLE('',(#17445));
#17445 = SURFACE_STYLE_FILL_AREA(#17446);
#17446 = FILL_AREA_STYLE('',(#17447));
#17447 = FILL_AREA_STYLE_COLOUR('',#17146);
#17448 = STYLED_ITEM('color',(#17449),#12064);
#17449 = PRESENTATION_STYLE_ASSIGNMENT((#17450));
#17450 = SURFACE_STYLE_USAGE(.BOTH.,#17451);
#17451 = SURFACE_SIDE_STYLE('',(#17452));
#17452 = SURFACE_STYLE_FILL_AREA(#17453);
#17453 = FILL_AREA_STYLE('',(#17454));
#17454 = FILL_AREA_STYLE_COLOUR('',#17146);
#17455 = STYLED_ITEM('color',(#17456),#12142);
#17456 = PRESENTATION_STYLE_ASSIGNMENT((#17457));
#17457 = SURFACE_STYLE_USAGE(.BOTH.,#17458);
#17458 = SURFACE_SIDE_STYLE('',(#17459));
#17459 = SURFACE_STYLE_FILL_AREA(#17460);
#17460 = FILL_AREA_STYLE('',(#17461));
#17461 = FILL_AREA_STYLE_COLOUR('',#17146);
#17462 = STYLED_ITEM('color',(#17463),#12220);
#17463 = PRESENTATION_STYLE_ASSIGNMENT((#17464));
#17464 = SURFACE_STYLE_USAGE(.BOTH.,#17465);
#17465 = SURFACE_SIDE_STYLE('',(#17466));
#17466 = SURFACE_STYLE_FILL_AREA(#17467);
#17467 = FILL_AREA_STYLE('',(#17468));
#17468 = FILL_AREA_STYLE_COLOUR('',#17146);
#17469 = STYLED_ITEM('color',(#17470),#12298);
#17470 = PRESENTATION_STYLE_ASSIGNMENT((#17471));
#17471 = SURFACE_STYLE_USAGE(.BOTH.,#17472);
#17472 = SURFACE_SIDE_STYLE('',(#17473));
#17473 = SURFACE_STYLE_FILL_AREA(#17474);
#17474 = FILL_AREA_STYLE('',(#17475));
#17475 = FILL_AREA_STYLE_COLOUR('',#17146);
#17476 = STYLED_ITEM('color',(#17477),#12376);
#17477 = PRESENTATION_STYLE_ASSIGNMENT((#17478));
#17478 = SURFACE_STYLE_USAGE(.BOTH.,#17479);
#17479 = SURFACE_SIDE_STYLE('',(#17480));
#17480 = SURFACE_STYLE_FILL_AREA(#17481);
#17481 = FILL_AREA_STYLE('',(#17482));
#17482 = FILL_AREA_STYLE_COLOUR('',#17146);
#17483 = STYLED_ITEM('color',(#17484),#12454);
#17484 = PRESENTATION_STYLE_ASSIGNMENT((#17485));
#17485 = SURFACE_STYLE_USAGE(.BOTH.,#17486);
#17486 = SURFACE_SIDE_STYLE('',(#17487));
#17487 = SURFACE_STYLE_FILL_AREA(#17488);
#17488 = FILL_AREA_STYLE('',(#17489));
#17489 = FILL_AREA_STYLE_COLOUR('',#17146);
#17490 = STYLED_ITEM('color',(#17491),#12699);
#17491 = PRESENTATION_STYLE_ASSIGNMENT((#17492));
#17492 = SURFACE_STYLE_USAGE(.BOTH.,#17493);
#17493 = SURFACE_SIDE_STYLE('',(#17494));
#17494 = SURFACE_STYLE_FILL_AREA(#17495);
#17495 = FILL_AREA_STYLE('',(#17496));
#17496 = FILL_AREA_STYLE_COLOUR('',#17146);
#17497 = STYLED_ITEM('color',(#17498),#12877);
#17498 = PRESENTATION_STYLE_ASSIGNMENT((#17499));
#17499 = SURFACE_STYLE_USAGE(.BOTH.,#17500);
#17500 = SURFACE_SIDE_STYLE('',(#17501));
#17501 = SURFACE_STYLE_FILL_AREA(#17502);
#17502 = FILL_AREA_STYLE('',(#17503));
#17503 = FILL_AREA_STYLE_COLOUR('',#17146);
#17504 = STYLED_ITEM('color',(#17505),#13085);
#17505 = PRESENTATION_STYLE_ASSIGNMENT((#17506));
#17506 = SURFACE_STYLE_USAGE(.BOTH.,#17507);
#17507 = SURFACE_SIDE_STYLE('',(#17508));
#17508 = SURFACE_STYLE_FILL_AREA(#17509);
#17509 = FILL_AREA_STYLE('',(#17510));
#17510 = FILL_AREA_STYLE_COLOUR('',#17146);
#17511 = STYLED_ITEM('color',(#17512),#13357);
#17512 = PRESENTATION_STYLE_ASSIGNMENT((#17513));
#17513 = SURFACE_STYLE_USAGE(.BOTH.,#17514);
#17514 = SURFACE_SIDE_STYLE('',(#17515));
#17515 = SURFACE_STYLE_FILL_AREA(#17516);
#17516 = FILL_AREA_STYLE('',(#17517));
#17517 = FILL_AREA_STYLE_COLOUR('',#17146);
#17518 = STYLED_ITEM('color',(#17519),#13434);
#17519 = PRESENTATION_STYLE_ASSIGNMENT((#17520));
#17520 = SURFACE_STYLE_USAGE(.BOTH.,#17521);
#17521 = SURFACE_SIDE_STYLE('',(#17522));
#17522 = SURFACE_STYLE_FILL_AREA(#17523);
#17523 = FILL_AREA_STYLE('',(#17524));
#17524 = FILL_AREA_STYLE_COLOUR('',#17146);
#17525 = STYLED_ITEM('color',(#17526),#13642);
#17526 = PRESENTATION_STYLE_ASSIGNMENT((#17527));
#17527 = SURFACE_STYLE_USAGE(.BOTH.,#17528);
#17528 = SURFACE_SIDE_STYLE('',(#17529));
#17529 = SURFACE_STYLE_FILL_AREA(#17530);
#17530 = FILL_AREA_STYLE('',(#17531));
#17531 = FILL_AREA_STYLE_COLOUR('',#17146);
#17532 = STYLED_ITEM('color',(#17533),#13742);
#17533 = PRESENTATION_STYLE_ASSIGNMENT((#17534));
#17534 = SURFACE_STYLE_USAGE(.BOTH.,#17535);
#17535 = SURFACE_SIDE_STYLE('',(#17536));
#17536 = SURFACE_STYLE_FILL_AREA(#17537);
#17537 = FILL_AREA_STYLE('',(#17538));
#17538 = FILL_AREA_STYLE_COLOUR('',#17146);
#17539 = STYLED_ITEM('color',(#17540),#13932);
#17540 = PRESENTATION_STYLE_ASSIGNMENT((#17541));
#17541 = SURFACE_STYLE_USAGE(.BOTH.,#17542);
#17542 = SURFACE_SIDE_STYLE('',(#17543));
#17543 = SURFACE_STYLE_FILL_AREA(#17544);
#17544 = FILL_AREA_STYLE('',(#17545));
#17545 = FILL_AREA_STYLE_COLOUR('',#17146);
#17546 = STYLED_ITEM('color',(#17547),#14202);
#17547 = PRESENTATION_STYLE_ASSIGNMENT((#17548));
#17548 = SURFACE_STYLE_USAGE(.BOTH.,#17549);
#17549 = SURFACE_SIDE_STYLE('',(#17550));
#17550 = SURFACE_STYLE_FILL_AREA(#17551);
#17551 = FILL_AREA_STYLE('',(#17552));
#17552 = FILL_AREA_STYLE_COLOUR('',#17146);
#17553 = STYLED_ITEM('color',(#17554),#14474);
#17554 = PRESENTATION_STYLE_ASSIGNMENT((#17555));
#17555 = SURFACE_STYLE_USAGE(.BOTH.,#17556);
#17556 = SURFACE_SIDE_STYLE('',(#17557));
#17557 = SURFACE_STYLE_FILL_AREA(#17558);
#17558 = FILL_AREA_STYLE('',(#17559));
#17559 = FILL_AREA_STYLE_COLOUR('',#17146);
#17560 = STYLED_ITEM('color',(#17561),#14698);
#17561 = PRESENTATION_STYLE_ASSIGNMENT((#17562));
#17562 = SURFACE_STYLE_USAGE(.BOTH.,#17563);
#17563 = SURFACE_SIDE_STYLE('',(#17564));
#17564 = SURFACE_STYLE_FILL_AREA(#17565);
#17565 = FILL_AREA_STYLE('',(#17566));
#17566 = FILL_AREA_STYLE_COLOUR('',#17146);
#17567 = STYLED_ITEM('color',(#17568),#14922);
#17568 = PRESENTATION_STYLE_ASSIGNMENT((#17569));
#17569 = SURFACE_STYLE_USAGE(.BOTH.,#17570);
#17570 = SURFACE_SIDE_STYLE('',(#17571));
#17571 = SURFACE_STYLE_FILL_AREA(#17572);
#17572 = FILL_AREA_STYLE('',(#17573));
#17573 = FILL_AREA_STYLE_COLOUR('',#17146);
#17574 = STYLED_ITEM('color',(#17575),#15052);
#17575 = PRESENTATION_STYLE_ASSIGNMENT((#17576));
#17576 = SURFACE_STYLE_USAGE(.BOTH.,#17577);
#17577 = SURFACE_SIDE_STYLE('',(#17578));
#17578 = SURFACE_STYLE_FILL_AREA(#17579);
#17579 = FILL_AREA_STYLE('',(#17580));
#17580 = FILL_AREA_STYLE_COLOUR('',#17146);
#17581 = STYLED_ITEM('color',(#17582),#15276);
#17582 = PRESENTATION_STYLE_ASSIGNMENT((#17583));
#17583 = SURFACE_STYLE_USAGE(.BOTH.,#17584);
#17584 = SURFACE_SIDE_STYLE('',(#17585));
#17585 = SURFACE_STYLE_FILL_AREA(#17586);
#17586 = FILL_AREA_STYLE('',(#17587));
#17587 = FILL_AREA_STYLE_COLOUR('',#17146);
#17588 = STYLED_ITEM('color',(#17589),#15441);
#17589 = PRESENTATION_STYLE_ASSIGNMENT((#17590));
#17590 = SURFACE_STYLE_USAGE(.BOTH.,#17591);
#17591 = SURFACE_SIDE_STYLE('',(#17592));
#17592 = SURFACE_STYLE_FILL_AREA(#17593);
#17593 = FILL_AREA_STYLE('',(#17594));
#17594 = FILL_AREA_STYLE_COLOUR('',#17146);
#17595 = STYLED_ITEM('color',(#17596),#15501);
#17596 = PRESENTATION_STYLE_ASSIGNMENT((#17597));
#17597 = SURFACE_STYLE_USAGE(.BOTH.,#17598);
#17598 = SURFACE_SIDE_STYLE('',(#17599));
#17599 = SURFACE_STYLE_FILL_AREA(#17600);
#17600 = FILL_AREA_STYLE('',(#17601));
#17601 = FILL_AREA_STYLE_COLOUR('',#17146);
#17602 = STYLED_ITEM('color',(#17603),#15683);
#17603 = PRESENTATION_STYLE_ASSIGNMENT((#17604));
#17604 = SURFACE_STYLE_USAGE(.BOTH.,#17605);
#17605 = SURFACE_SIDE_STYLE('',(#17606));
#17606 = SURFACE_STYLE_FILL_AREA(#17607);
#17607 = FILL_AREA_STYLE('',(#17608));
#17608 = FILL_AREA_STYLE_COLOUR('',#17146);
#17609 = STYLED_ITEM('color',(#17610),#15828);
#17610 = PRESENTATION_STYLE_ASSIGNMENT((#17611));
#17611 = SURFACE_STYLE_USAGE(.BOTH.,#17612);
#17612 = SURFACE_SIDE_STYLE('',(#17613));
#17613 = SURFACE_STYLE_FILL_AREA(#17614);
#17614 = FILL_AREA_STYLE('',(#17615));
#17615 = FILL_AREA_STYLE_COLOUR('',#17146);
#17616 = STYLED_ITEM('color',(#17617),#15870);
#17617 = PRESENTATION_STYLE_ASSIGNMENT((#17618));
#17618 = SURFACE_STYLE_USAGE(.BOTH.,#17619);
#17619 = SURFACE_SIDE_STYLE('',(#17620));
#17620 = SURFACE_STYLE_FILL_AREA(#17621);
#17621 = FILL_AREA_STYLE('',(#17622));
#17622 = FILL_AREA_STYLE_COLOUR('',#17146);
#17623 = STYLED_ITEM('color',(#17624),#15976);
#17624 = PRESENTATION_STYLE_ASSIGNMENT((#17625));
#17625 = SURFACE_STYLE_USAGE(.BOTH.,#17626);
#17626 = SURFACE_SIDE_STYLE('',(#17627));
#17627 = SURFACE_STYLE_FILL_AREA(#17628);
#17628 = FILL_AREA_STYLE('',(#17629));
#17629 = FILL_AREA_STYLE_COLOUR('',#17146);
ENDSEC;
END-ISO-10303-21;
